fRank,lRank,form,lemma,type,src,fKind,lKind,flags,suggest,form_gloss,lemma_gloss,form_trans,lemma_trans
8,23,is,be,3,AB,mono,mono,highfreq-before,keep,是（be 第三人称单数）,是；存在,"be的现在式第三人称 [计] 加下标次序, 信息系统, 国际标准, 中间系统","v. 是, 表示, 在 [计] 后端, 总线允许"
20,23,was,be,p,B,mono,mono,src-b-only|highfreq-before,keep,是（be 过去式单数）,是；存在,be的过去式,"v. 是, 表示, 在 [计] 后端, 总线允许"
49,6072,got,get,d,AB,mono,mono,highfreq-before,keep,得到（get 过去式）,得到；获得；变得,get的过去式和过去分词 [化] 谷草转氨酶; 谷氨酸草酰乙酸转氨酶,"vt. 得到, 获得, 变成, 使得, 收获, 接通, 抓住, 染上 vi. 到达, 成为, 变得 n. (网球等)救球…"
52,1850,did,do,p,AB,mono,mono,highfreq-before,keep,做（do 过去式）,做；完成,do的过去式,"v. 做, 进行, 完成"
60,1810,going,go,i,AB,mono,mono,highfreq-before,keep,去（go 现在分词）,去；离开,"n. 去, 离去, 工作情况, 地面状况, 行为 a. 进行中的, 流行的, 成功的, 现存的","vi. 去, 走, 达到, 运转, 查阅, 消失, 结束, 放弃, 花费, 流传, 趋于, 打算, 剩下 vt. 以..…"
67,23,were,be,p,A,mono,mono,src-a-only,?,是（be 过去式复数）,是；存在,be的过去式,"v. 是, 表示, 在 [计] 后端, 总线允许"
77,26,could,can,p,B,mono,mono,src-b-only,?,能；可以（can 过去式）,能；可以,"aux. 可以, 能","vt. 装罐 n. 罐头, 容器 aux. 能, 可以 [计] 作废字符"
96,1860,said,say,pd,AB,mono,mono,highfreq-before,keep,说（say 过去式）,说；表达,a. 上述的 say的过去式和过去分词,"vt. 说, 讲, 念, 说明, 指明 vi. 说, 讲 n. 意见, 发言权"
104,1850,doing,do,i,AB,mono,mono,highfreq-before,keep,做（do 现在分词）,做；完成,"n. 行为, 活动","v. 做, 进行, 完成"
123,2680,won,win,p,AB,mono,mono,highfreq-before,keep,赢（win 的过去式）,赢；获胜,win的过去式和过去分词,"vt. 赢得, 打胜, 成功 vi. 获胜, 达到, 影响 n. 胜利, 赢, 收益"
130,270,better,good,r,AB,mono,mono,highfreq-before|homograph,keep,更好的,好的；有益的,a. 较好的 adv. 比较好,"n. 善行, 好处, 利益 a. 好的, 优良的, 上等的, 愉快的, 有益的, 好心的, 慈善的, 虔诚的"
132,1870,told,tell,p,AB,mono,mono,highfreq-before,keep,告诉（tell 的过去式）,告诉；辨别,tell的过去式和过去分词,"vt. 告诉, 说, 吩咐, 断定, 知道 vi. 讲述, 泄密, 告发, 表明"
133,5163,things,thing,s,AB,mono,mono,highfreq-before,keep,东西；事情（thing 的复数）,东西；物品,"n. 所有物, 财产, 用具, 用品, 局面, 形势, 情况 [法] 物","n. 事物, 东西, 物, 用品, 事, 事件, 情况, 行为, 特征"
135,1060,years,year,s,AB,mono,mono,highfreq-before,keep,年（year 的复数）,年；年度,n. 年代；岁月；年；年龄,"n. 年, 年度, 年龄 [经] 年度"
136,1850,does,do,3,B,mono,mono,src-b-only|highfreq-before|homograph,keep,做（do 的第三人称单数）,做；完成,v. 做；工作；有用（do的第三人称单数形式）,"v. 做, 进行, 完成"
136,5522,does,doe,s,AB,mono,mono,highfreq-before|homograph,keep,做（do 的第三人称单数）,母鹿,v. 做；工作；有用（do的第三人称单数形式）,"n. 母鹿, 雌兔"
141,143,guys,guy,s,AB,mono,mono,highfreq-before,keep,家伙们；各位,家伙；男人,"n. 各位, 朋友们；球员","n. 家伙, 支索 vt. 用支索撑住, 取笑, 嘲弄 vi. 逃跑"
144,1840,made,make,dp,AB,mono,mono,highfreq-before,keep,做（make 的过去式）,制作；使得,"a. 人工制成的, 成功的, 创造的 make的过去式和过去分词","vt. 制造, 安排, 创造, 构成, 使得, 产生, 造成, 整理, 布置, 引起, 到达, 进行 vi. 开始, 前…"
148,1850,done,do,d,AB,mono,mono,highfreq-before,keep,做（do 的过去分词）,做；完成,"a. 完成了的, 好了的 do的过去分词","v. 做, 进行, 完成"
154,1800,coming,come,i,AB,mono,mono,highfreq-before,keep,来（come 的现在分词）,来；到达,"n. 来临 a. 就要来的, 接着的","vi. 过来, 来, 到达, 出现, 开始 interj. 喂"
161,8109,left,leave,d,AB,mono,mono,highfreq-before|homograph,keep,左边的；剩下的,离开；留下；出发,"a. 左边的, 左倾的, 左侧的, 左派的 adv. 在左面 n. 左, 左面, 左派 leave的过去式和过去分词","n. 许可, 告别, 请假, 休假 vt. 离开, 剩下, 遗忘, 委托, 丢弃 vi. 出发, 离开, 生叶"
164,279,happened,happen,p,AB,mono,mono,highfreq-before,keep,发生（happen 的过去式）,发生；碰巧,"v. 发生（happen的过去式, 过去分词）","vi. 发生, 发生, 恰巧"
165,1800,came,come,p,AB,mono,mono,highfreq-before,keep,来（come 的过去式）,来；到达,come的过去式,"vi. 过来, 来, 到达, 出现, 开始 interj. 喂"
177,5916,talking,talk,i,AB,mono,mono,highfreq-before,keep,谈话（talk 的现在分词）,谈话；讨论,"a. 说话的, 多嘴的, 富有表情的 n. 讲话, 谈论","n. 谈话, 交谈, 会谈, 讲话, 演讲, 空谈, 谣言, 方言, 语言 vi. 讲话, 演讲, 说话, 谈话, 交流…"
178,1740,found,find,d,AB,mono,mono,highfreq-before|homograph,keep,找到（find 的过去式）,找到；发现,"vt. 建立, 创立, 铸造 find的过去式和过去分词","vt. 发现, 感到, 找到, 认为, 得到 vi. 裁决 n. 发现 [计] 查找; DOS外部命令:在指定的文件或从…"
180,6072,getting,get,i,AB,mono,mono,highfreq-before,keep,得到（get 的现在分词）,得到；获得；变得,"n. 采煤, 采掘；获得","vt. 得到, 获得, 变成, 使得, 收获, 接通, 抓住, 染上 vi. 到达, 成为, 变得 n. (网球等)救球…"
181,1730,looking,look,i,AB,mono,mono,highfreq-before,keep,看（look 的现在分词）,看；外观,a. 有…相貌的；有…样子的,"n. 一看, 神色, 样子, 面容 vi. 看, 注意, 朝着, 显得 vt. 打量, 看上去与...一样, 以眼色(或…"
184,1810,went,go,p,AB,mono,mono,highfreq-before,keep,去（go 的过去式）,去；离开,go的过去式,"vi. 去, 走, 达到, 运转, 查阅, 消失, 结束, 放弃, 花费, 流传, 趋于, 打算, 剩下 vt. 以..…"
188,270,best,good,t,AB,mono,mono,highfreq-before,keep,最好的,好的；有益的,a. 最好的 adv. 最好地 n. 最好的人,"n. 善行, 好处, 利益 a. 好的, 优良的, 上等的, 愉快的, 有益的, 好心的, 慈善的, 虔诚的"
199,1720,seen,see,d,AB,mono,mono,highfreq-before,keep,看见（see 的过去分词）,看见；理解,see的过去分词,"vt. 看见, 查看, 参观, 游览, 理解, 知道, 同意 vi. 看, 观看, 注意, 知道, 考虑 n. 主教的职…"
205,1710,heard,hear,d,AB,mono,mono,highfreq-before,keep,听见（hear 过去式/过去分词）,听见；听说,hear的过去式和过去分词,"vt. 听到, 倾听, 听说, 审理 vi. 听见, 听"
207,5943,called,call,d,AB,mono,mono,highfreq-before,keep,叫；打电话（call 过去式）,叫；称呼；打电话,a. 被呼叫的,"n. 呼叫, 访问, 打电话, 号召, 召集, 要求 vt. 呼叫, 召集, 打电话 vi. 叫喊, 访问, 叫牌 [计…"
208,222,used,use,d,AB,mono,mono,highfreq-before,keep,使用（use 过去式）；习惯于,使用；利用,"a. 使用过的, 二手的, 习惯的","n. 使用, 习惯, 使用价值, 用法, 使用权 vt. 使用, 利用, 运用, 耗费 vi. 惯常"
210,520,knew,know,p,AB,mono,mono,highfreq-before,keep,知道（know 过去式）,知道；认识,know的过去式,"v. 知道, 了解, 认识, 确信"
216,5334,bit,bite,pd,AB,mono,mono,highfreq-before,keep,一点；小块,咬；咬住,"n. 少量, 马嚼子, 辅币 vt. 给马上嚼子, 控制 bite的过去式和过去分词 [计] 比特, 二进制数位, 机内…","n. 咬, 一口 v. 咬, 刺痛, 穿透"
217,1770,took,take,p,AB,mono,mono,highfreq-before,keep,拿（take 过去式）,拿；带走；花费,take的过去式,"vt. 拿, 取, 抓, 带领, 获得, 就座, 接受, 吃, 吸引, 采取, 乘, 需要, 花费 vi. 吃掉对方棋子…"
220,530,men,man,s,AB,mono,mono,highfreq-before,keep,男人（man 的复数）,男人；人,pl. man的复数,"n. 男人, 人类, 人 vt. 为...配备人手, 操纵, 使振奋 [计] 城域网, 手册"
226,1000,days,day,s,AB,mono,mono,highfreq-before,keep,天；日子（day 的复数）,一天；白天,"n. 一生, 时期 adv. 每天, 在白天","n. 天, 日子, 白天, 工作日 [医] 日(一昼夜), 昼, 白天"
236,1810,gone,go,d,AB,mono,mono,highfreq-before,keep,走了的；消失的,去；离开,"a. 离去的, 死去的, 用完的 go的过去分词","vi. 去, 走, 达到, 运转, 查阅, 消失, 结束, 放弃, 花费, 流传, 趋于, 打算, 剩下 vt. 以..…"
238,1860,saying,say,i,AB,mono,mono,highfreq-before,keep,谚语；说法,说；表达,"n. 叙述, 话, 说, 言论","vt. 说, 讲, 念, 说明, 指明 vi. 说, 讲 n. 意见, 发言权"
240,1730,looks,look,3,AB,mono,mono,highfreq-before,keep,外貌；长相,看；外观,n. 美貌,"n. 一看, 神色, 样子, 面容 vi. 看, 注意, 朝着, 显得 vt. 打量, 看上去与...一样, 以眼色(或…"
242,212,fucking,fuck,i,B,mono,mono,src-b-only,?,他妈的（粗话强调）,他妈的（粗话）,"a. 该死的, 难完成的, 难做的, 低劣的, 讨厌的, 丑恶的, 混乱的, 乱糟糟的","vt. 与...性交, 欺骗, 诅咒 vi. 性交 n. 性交, 些微, 杂种 interj. 他妈的, 混帐"
245,420,friends,friend,s,AB,mono,mono,highfreq-before,keep,朋友（friend 的复数）,朋友,n. 老友记（剧集）,"n. 朋友, 支持者, 赞助者 [法] 朋友, 友人, 赞助者"
252,1750,lost,lose,d,AB,mono,mono,highfreq-before,keep,迷路的；丢失的,失去；输掉,"a. 失去的, 遗失的, 迷惑的 lose的过去式和过去分词","vt. 遗失, 损失, 丢失, 使失去, 错过, 浪费, 迷失, 使迷路, 输去, 使沉溺于 vi. 受损失, 失败"
257,1860,says,say,3,AB,mono,mono,highfreq-before,keep,说（say 第三人称单数）,说；表达,v. 说（第三人称单数）,"vt. 说, 讲, 念, 说明, 指明 vi. 说, 讲 n. 意见, 发言权"
260,1510,later,late,r,AB,mono,mono,highfreq-before,keep,后来；稍后,晚的（地）；迟到的,"adv. 以后, 随后","a. 迟的, 晚的, 已故的 adv. 很晚, 很迟, 晚"
267,2600,working,work,i,AB,mono,mono,highfreq-before,keep,工作（work 的现在分词）,工作；起作用,"n. 工作, 运转, 劳动 a. 工作的, 劳动的, 经营的, 抽搐的, 运转的","n. 工作, 劳动, 职业, 行为, 功, 作品, 成果, 产品, 工程 vi. 工作, 劳动, 做, 运转, 起作用,…"
270,7479,kids,kid,s,AB,mono,mono,highfreq-before,keep,孩子（kid 的复数）,小山羊,n. 小山羊；儿童（kid的复数）,"n. 小山羊, 小山羊肉, 小孩, 欺骗 a. 小山羊皮制的 v. 哄骗, 嘲弄"
278,1760,gave,give,p,AB,mono,mono,highfreq-before,keep,给（give 过去式）,给；给予,give的过去式,"n. 弹性, 适应性 vt. 给, 授予, 供给, 产生, 发表, 付出, 献出, 让出 vi. 捐赠, 支持不住, 让…"
282,520,knows,know,3,AB,mono,mono,highfreq-before,keep,知道；认识（第三人称单数）,知道；认识,v. 知道（know的第三人称单数形式）,"v. 知道, 了解, 认识, 确信"
285,1130,eyes,eye,s,AB,mono,mono,highfreq-before,keep,眼睛（复数）,眼睛；注视,n. 眼睛（eye的复数）,"n. 眼睛, 视力, 看 vt. 看, 注视"
288,1770,taking,take,i,AB,mono,mono,highfreq-before,keep,拿；取；花费（现在分词）,拿；带走；花费,"n. 取得, 捕获, 进款 a. 迷人的, 可爱的, 会传染的","vt. 拿, 取, 抓, 带领, 获得, 就座, 接受, 吃, 吸引, 采取, 乘, 需要, 花费 vi. 吃掉对方棋子…"
289,1070,times,time,s,AB,mono,mono,highfreq-before,keep,次数；时代；乘以,时间；次数；计时,"n. 时代, 境遇, 时报","n. 时间, 时侯, 时机, 时期, 期限, 次数, 节拍, 暂停, 规定时间 vt. 测定...的时间, 记录...的…"
291,1100,hands,hand,s,AB,mono,mono,highfreq-before,keep,手（复数）,手；递给,"n. 拥有, 所有 [计] 动手","n. 手, 爪, 指针, 掌握, 协助, 人手, 手艺, 手迹, 支配, 插手 vt. 交给, 支持, 搀扶"
294,5496,means,mean,3,AB,loan,mono,highfreq-before|homograph,keep,方法；手段；意味着（动词）,刻薄的；小气的,"n. 方法, 手段, 工具, 财产, 收入 [经] 方法, 手段, 工具; 意谓","a. 低劣的, 卑贱的, 简陋的, 吝啬的, 惭愧的, 平均的, 中间的, 普通的 vt. 意谓, 想要, 意欲, 预定…"
297,1840,makes,make,3,AB,mono,mono,highfreq-before,keep,制作；使得（第三人称单数）,制作；使得,"v. 做, 制作（make的第三人称单数）","vt. 制造, 安排, 创造, 构成, 使得, 产生, 造成, 整理, 布置, 引起, 到达, 进行 vi. 开始, 前…"
298,1880,asked,ask,p,AB,mono,mono,highfreq-before,keep,问；要求（过去式）,问；请求,n. 卖方要价,"vi. 问, 要求 vt. 问, 要求, 邀请, 需要"
301,1840,making,make,i,AB,mono,mono,highfreq-before,keep,制作；使得（现在分词）,制作；使得,"n. 制造, (手工)制造业, 制作, 形成, 发展, 要素, 内在因素, 赚头, 制造物","vt. 制造, 安排, 创造, 构成, 使得, 产生, 造成, 整理, 布置, 引起, 到达, 进行 vi. 开始, 前…"
309,1800,comes,come,3,AB,mono,mono,highfreq-before,keep,来（第三人称单数）,来；到达,v. 来自；从…来（come的三单形式）,"vi. 过来, 来, 到达, 出现, 开始 interj. 喂"
312,8412,number,numb,r,AB,loan,mono,highfreq-before,keep,数字；号码,麻木的；失去感觉的,"n. 数, 数字, 数目, 号码 vt. 数, 计算, 共计 vi. 计算, 报数 [计] 数字","a. 麻木的, 失去知觉的 vt. 使麻木, 使昏迷, 使失去知觉"
319,560,girls,girl,s,AB,mono,mono,highfreq-before,keep,女孩（复数）,女孩,n. 女孩（girl的复数）,"n. 女孩, 少女, 女佣"
320,518,married,marry,pd,AB,loan,loan,highfreq-before,keep,已婚的,结婚；嫁娶,"a. 已婚的, 婚姻的 [法] 结了婚的, 有配偶的, 夫妇的","vt. 与...结婚, 娶, 嫁 vi. 结婚"
323,430,children,child,s,AB,mono,mono,highfreq-before,keep,孩子们（复数）,儿童；孩子,"pl. 孩子, 孩子们","n. 孩子, 产物, 追随者 [医] 儿童"
328,1500,supposed,suppose,p,AB,loan,,highfreq-before,keep,应该；假定（过去式）,假设；认为,"a. 想象上的, 假定的, 被信以为真的 [法] 推测的, 想像的, 被信以为真的","vt. 推想, 假设, 以为, 想像, 假定 vi. 料想"
330,1810,goes,go,3,AB,mono,mono,highfreq-before,keep,去（第三人称单数）,去；离开,v. 前进；行走（go的第三人称单数形式）,"vi. 去, 走, 达到, 运转, 查阅, 消失, 结束, 放弃, 花费, 流传, 趋于, 打算, 剩下 vt. 以..…"
331,402,hours,hour,s,AB,loan,loan,highfreq-before,keep,小时（复数）,小时；钟头,n. 小时（hour的复数形式）,"n. 小时, 钟头, 时间, ...点钟, 课时"
332,540,women,woman,s,AB,mono,mono,highfreq-before,keep,女人（复数）,女人,pl. 女人,"n. 女人, 妇女, 女仆 a. 女用的, 女性的, 妇女的 vt. 贬称...为女人, 使成女人腔"
339,2608,playing,play,i,AB,mono,mono,highfreq-before,keep,玩；演奏（现在分词）,玩；演奏；戏剧,"n. 游戏, 玩耍, 竞技, 比赛, 扮演, 演奏, 赌博","n. 游戏, 游玩, 玩笑, 运动, 比赛, 赌博, 跳动, 表演, 剧本 v. 玩, 游戏, 假装, 开玩笑, 比赛,…"
340,6072,gets,get,3,AB,mono,mono,highfreq-before,keep,得到；变得（第三人称单数）,得到；获得；变得,abbr. 政府电子贸易服务（Government Electronic Tendering Service）；美国政府…,"vt. 得到, 获得, 变成, 使得, 收获, 接通, 抓住, 染上 vi. 到达, 成为, 变得 n. (网球等)救球…"
341,4626,shot,shoot,d,AB,mono,mono,highfreq-before,keep,射击；镜头；注射,嫩芽；新枝,"n. 发射, 炮弹, 射击, 射手, 投篮, 射门, 子弹, 射程, 拍摄, 注射 vt. 装弹, 使成颗粒状 a. 杂…","n. 射击, 狩猎, 芽, 射伤, 发射, 发芽, 急流, 推力, 摄影, 急送, 滑运道, 浪费 vt. 射击, 射中…"
349,6237,brought,bring,d,AB,mono,mono,highfreq-before,keep,带来（过去式）,带来；拿来,bring的过去式和过去分词,"vt. 带来, 产生, 促使, 提出 vi. 生产"
355,1830,died,die,p,AB,mono,mono,highfreq-before,keep,死亡（过去式）,死亡；消失,"v. 死亡, 消逝（die的过去式和过去分词）","vi. 死亡, 消逝, 平息, 熄灭, 漠然, 渴望 vt. 死 n. 骰子, 冲模"
357,434,seems,seem,3,AB,mono,mono,highfreq-before,keep,似乎（第三人称单数）,似乎；好像,"v. 好像, 仿佛（ seem的第三人称单数 ）","vi. 象是, 似乎"
361,1870,telling,tell,i,AB,mono,mono,highfreq-before,keep,有效的；说明问题的,告诉；辨别,"a. 有效的, 显著的, 显露内心活动的","vt. 告诉, 说, 吩咐, 断定, 知道 vi. 讲述, 泄密, 告发, 表明"
365,550,boys,boy,s,AB,mono,mono,highfreq-before,keep,男孩们（boy 的复数）,男孩,n. 男孩子们；小伙子们（boy的复数）,"n. 男孩 [法] 男孩, 少年, 儿子"
369,1050,months,month,s,AB,mono,mono,highfreq-before,keep,月份（month 的复数）,月；月份,月份（month的复数）,n. 月 [经] 月
385,5343,feeling,feel,i,AB,mono,mono,highfreq-before|homograph,keep,感觉；情感,感觉；触摸,"n. 摸, 触觉, 知觉, 感觉, 情绪, 同情 a. 有同情心的, 有感觉的, 仁慈的, 动人的","vt. 感觉, 觉得, 触摸, 以为 vi. 有知觉, 摸索, 同情 n. 感觉, 觉得, 触摸"
385,5199,feeling,felt,i,B,mono,mono,src-b-only|highfreq-before|homograph,keep,感觉；情感,毛毡；毡制品,"n. 摸, 触觉, 知觉, 感觉, 情绪, 同情 a. 有同情心的, 有感觉的, 仁慈的, 动人的","n. 毛毯, 毡 vt. 制毡, 使粘结 vi. 粘结 feel的过去式和过去分词"
386,1820,living,live,i,AB,mono,mono,highfreq-before,keep,生计；生活；活着的,生活；居住；现场直播的,"n. 生活, 生计, 生存 a. 活的, 逼真的, 现存的","a. 活的, 生动的, 精力充沛的, 实况转播的 vi. 活, 生存, 居住 vt. 过着, 度过, 经历 adv. 实…"
392,4297,sighs,sigh,3,AB,mono,mono,highfreq-before,keep,叹气（sigh 的三单）,叹息；叹气,n. 叹息；手势；标记（sigh的复数）,"n. 叹息 vi. 叹息, 渴望 vt. 叹息着说"
394,8109,leaving,leave,i,AB,mono,mono,highfreq-before,keep,离开；留下（leave 的现在分词）,离开；留下；出发,n. 离开；残余；渣滓,"n. 许可, 告别, 请假, 休假 vt. 离开, 剩下, 遗忘, 委托, 丢弃 vi. 出发, 离开, 生叶"
396,470,running,run,i,AB,mono,mono,highfreq-before,keep,跑；经营（run 的现在分词）,跑；运行,"n. 赛跑, 流出, 运转 a. 流动的, 跑着的, 连续的","n. 跑, 赛跑, 奔跑, 奔跑的路程, 趋向, 流出, 运转时间, 连续 vi. 跑, 奔跑, 跑步, 赛跑, 竞赛,…"
399,1770,taken,take,d,AB,mono,mono,highfreq-before,keep,拿；取（take 的过去分词）,拿；带走；花费,take的过去分词,"vt. 拿, 取, 抓, 带领, 获得, 就座, 接受, 吃, 吸引, 采取, 乘, 需要, 花费 vi. 吃掉对方棋子…"
401,8103,sent,send,d,AB,mono,mono,highfreq-before,keep,发送；派遣（send 的过去式）,发送；派遣；传达,send的过去式和过去分词,"vt. 发送, 使进入, 寄, 派遣, 发射, 使陷于 vi. 寄信, 派人, 播送 n. (船的)上升运动 [计] 发…"
405,1080,lives,life,s,AB,mono,mono,highfreq-before|homograph,keep,生命（life 的复数）；居住,生命；生活,life的复数,"n. 生活, 生命, 人生, 世事, 生物, 寿命, 一生, 生命力, 灵魂, 无期徒刑 [医] 生活, 生存, 生命,…"
405,1820,lives,live,3,B,mono,mono,src-b-only|highfreq-before|homograph,keep,生命（life 的复数）；居住,生活；居住；现场直播的,life的复数,"a. 活的, 生动的, 精力充沛的, 实况转播的 vi. 活, 生存, 居住 vt. 过着, 度过, 经历 adv. 实…"
407,2841,parents,parent,s,AB,loan,mono,highfreq-before,keep,父母；双亲,父母；家长,n. 父母；双亲（parent的复数）,"n. 父母, 父母亲, 根源 [法] 父亲, 母亲, 根源"
411,6234,sounds,sound,3,AB,loan,mono,highfreq-before,keep,听起来（sound 的三单）；声音,声音；响声,"n. 音效, 声音（sound的复数）","n. 声音, 语音, 吵闹, 声调, 听力范围, 探条, 海峡 a. 健全的, 可靠的, 合理的, 健康的, 彻底的, …"
415,1451,scared,scare,p,B,mono,mono,src-b-only|highfreq-before,keep,害怕的；恐惧的,使害怕；惊吓,"a. 害怕的, 担惊受怕的, 惊慌的, 吓坏了的","n. 惊吓, 恐慌 vt. 惊吓, 使恐慌 vi. 受惊"
420,1670,laughs,laugh,3,AB,mono,mono,highfreq-before,keep,笑（laugh 的三单）,笑；笑声,n. 笑声( laugh的名词复数 ); 笑态; 笑料 v. 笑( laugh的第三人称单数 ); 发笑; 嘲笑; （特…,"n. 笑, 笑声 vi. 笑, 大笑 vt. 以笑表示"
422,1880,asking,ask,i,AB,mono,mono,highfreq-before,keep,问；请求（ask 的现在分词）,问；请求,n. 请求,"vi. 问, 要求 vt. 问, 要求, 邀请, 需要"
433,4267,chuckles,chuckle,s,AB,mono,mono,highfreq-before,keep,轻声笑（chuckle 的三单）,轻声笑；暗笑,n. 轻声地笑( chuckle的名词复数 ) v. 轻声地笑( chuckle的第三人称单数 ),"n. 咯咯的笑声, 轻笑 vi. 咯咯的笑, 咕咕叫"
435,1670,laughing,laugh,i,AB,mono,mono,highfreq-before,keep,笑（laugh 的现在分词）,笑；笑声,"a. 一笑置之的, 高兴的 n. 笑","n. 笑, 笑声 vi. 笑, 大笑 vt. 以笑表示"
436,5988,words,word,s,AB,mono,mono,highfreq-before,keep,词；话语（word 的复数）,措辞；用言语表达,n. 言语；话语；字（word的复数）,"n. 话, 消息, 词, 诺言, 命令 vt. 用言辞表达 [计] 字"
445,520,known,know,d,AB,mono,mono,highfreq-before,keep,已知的；著名的,知道；认识,"a. 已知的, 有名的 know的过去分词","v. 知道, 了解, 认识, 确信"
454,1460,longer,long,r,AB,mono,mono,highfreq-before,keep,更长的,长的；长时间的,adv. 比较久,"a. 长的, 长久的, 冗长的, 做多头的 vi. 渴望, 热望, 极想 adv. 长久, 始终 n. 长时间, 长信号…"
455,5943,calling,call,i,AB,mono,mono,highfreq-before,keep,呼唤；使命；职业,叫；称呼；打电话,"n. 职业, 行业, 呼唤, 召集 [计] 呼叫","n. 呼叫, 访问, 打电话, 号召, 召集, 要求 vt. 呼叫, 召集, 打电话 vi. 叫喊, 访问, 叫牌 [计…"
456,2600,worked,work,p,AB,mono,mono,highfreq-before,keep,工作（过去式）,工作；起作用,work的过去式和过去分词,"n. 工作, 劳动, 职业, 行为, 功, 作品, 成果, 产品, 工程 vi. 工作, 劳动, 做, 运转, 起作用,…"
457,1730,looked,look,p,AB,mono,mono,highfreq-before,keep,看（过去式）,看；外观,"v. 看, 瞧( look的过去式和过去分词 ); 注意; 面向; 寻找","n. 一看, 神色, 样子, 面容 vi. 看, 注意, 朝着, 显得 vt. 打量, 看上去与...一样, 以眼色(或…"
460,1040,weeks,week,s,AB,mono,mono,highfreq-before,keep,周（复数）,星期；一周,n. 威克斯（姓氏）,"n. 星期, 周"
463,1720,seeing,see,i,AB,mono,mono,highfreq-before,keep,看见（现在分词）,看见；理解,"n. 视觉, 视力, 观看 conj. 鉴于","vt. 看见, 查看, 参观, 游览, 理解, 知道, 同意 vi. 看, 观看, 注意, 知道, 考虑 n. 主教的职…"
464,1760,given,give,d,AB,mono,mono,highfreq-before,keep,给予（过去分词）,给；给予,"a. 赠予的, 沉溺的, 约定的 give的过去分词","n. 弹性, 适应性 vt. 给, 授予, 供给, 产生, 发表, 付出, 献出, 让出 vi. 捐赠, 支持不住, 让…"
468,1770,takes,take,3,AB,mono,mono,highfreq-before,keep,拿；花费（第三人称单数）,拿；带走；花费,"vt. 取走, 预备动作（take第三人称单数）","vt. 拿, 取, 抓, 带领, 获得, 就座, 接受, 吃, 吸引, 采取, 乘, 需要, 花费 vi. 吃掉对方棋子…"
471,1249,gentlemen,gentleman,s,AB,loan,mono,highfreq-before,keep,先生们；绅士,绅士；先生,"pl. 出身高贵的人, 有教养的人, 绅士, 有身分的人, 阁下, 先生, (雅)男人 n. 男厕所","n. 绅士, 先生"
475,5904,turned,turn,p,AB,mono,mono,highfreq-before,keep,转动；变成（过去式）,转；转向；翻转,a. 变质的；被转动的；[金属加工]车削的,"n. 转弯, 转动, 旋转, 翻转, 一圈, 顺次, 改动, 变化, 性格, 特色, 形状, 转折 vt. 使旋转, 转…"
480,1220,feet,foot,s,AB,mono,mono,highfreq-before,keep,脚（复数）,脚；英尺,pl. 脚 n. 尺,"n. 脚, 步调, 英尺, 底部, 末尾, 步兵 vt. 走在...上, 给...换底, 支付 vi. 跳舞, 步行, …"
482,1700,speaking,speak,i,AB,mono,mono,highfreq-before,keep,说话（现在分词）,说话；发言,"n. 谈话, 演说 a. 讲话的, 适于说的, 讲某种语言的","vi. 说, 说话, 演说, 发言 vt. 说, 讲, 说出"
486,1760,giving,give,i,AB,mono,mono,highfreq-before,keep,给予（现在分词）,给；给予,"n. 礼物, 给予物 [法] 给予物, 礼物","n. 弹性, 适应性 vt. 给, 授予, 供给, 产生, 发表, 付出, 献出, 让出 vi. 捐赠, 支持不住, 让…"
487,8091,moving,move,i,AB,loan,mono,highfreq-before,keep,感人的；移动的,移动；搬家；感动,"a. 动人的, 令人感动的, 鼓动的, 原动的, [无比较级]活动的, 转动的","n. 移动, 迁居, 步骤 vt. 移动, 开动, 感动, 搬(家) vi. 移动, 离开, 运行, 迁移, 摇动, 搬…"
491,13208,amazing,amaze,i,B,mono,mono,src-b-only|highfreq-before,keep,令人惊奇的；极好的,使惊奇；使惊叹,a. 令人惊异的,vt. 使吃惊
493,2600,works,work,3,AB,mono,mono,highfreq-before,keep,工作；运转（第三人称单数）,工作；起作用,"n. 工程, 工厂, 工事, 活动部件, 机件, 著作, 作品, 善行, 德行 [机] 工厂, 工场","n. 工作, 劳动, 职业, 行为, 功, 作品, 成果, 产品, 工程 vi. 工作, 劳动, 做, 运转, 起作用,…"
497,5586,worried,worry,pd,AB,mono,mono,highfreq-before,keep,担心的；忧虑的,担心；烦恼,"a. 担心的, 闷闷不乐的","n. 担心, 烦恼, 忧虑, 苦恼, 撕咬 vt. 使烦恼, 使焦虑, 使苦恼, 困扰, 折磨, 撕咬 vi. 烦恼, …"
503,8625,wedding,wed,i,B,mono,mono,src-b-only|highfreq-before,keep,婚礼,结婚；娶；嫁,"n. 婚礼, 结婚, 结婚周年纪念日, 结合 [法] 结婚, 婚礼, 结婚纪念日","vt. 与...结婚, 使结合 vi. 结婚"
505,7479,kidding,kid,i,AB,mono,mono,highfreq-before,keep,开玩笑（现在分词）,小山羊,n. 开玩笑；山羊产羔,"n. 小山羊, 小山羊肉, 小孩, 欺骗 a. 小山羊皮制的 v. 哄骗, 嘲弄"
510,6069,kept,keep,p,AB,mono,mono,highfreq-before,keep,保持（过去式）,保持；保留；保存,keep的过去式和过去分词,"n. 生计, 维持, 保持 vt. 保持, 保存, 遵守, 看守, 整理, 维持, 履行, 经营, 拘留, 记帐 vi.…"
511,280,worse,bad,r,AB,mono,mono,homograph,keep,更坏的；更差的,坏的；严重的,"n. 更坏的事, 更恶劣的事, 败局 a. 更坏的, 更恶劣的 adv. 更坏地, 更恶劣地",a. 坏的 n. 坏 adv. 坏地
517,5364,caught,catch,d,AB,loan,mono,highfreq-before,keep,抓住（过去式）,抓住；接住,catch的过去式和过去分词,"n. 捕捉, 陷阱, 捕捉之物, 抓, 拉手 vt. 捕捉, 赶上, 感染, 听清楚 vi. 抓住, 燃着"
519,5496,meant,mean,p,AB,mono,mono,highfreq-before,keep,意味着（过去式）,刻薄的；小气的,mean的过去式和过去分词,"a. 低劣的, 卑贱的, 简陋的, 吝啬的, 惭愧的, 平均的, 中间的, 普通的 vt. 意谓, 想要, 意欲, 预定…"
520,5001,watching,watch,i,AB,mono,mono,highfreq-before,keep,观看（现在分词）,手表；监视,"vt. 观看, 守望；监视, 注意（watch现在分词）","n. 观察, 手表, 看守, 守护, 监视, 值班人 vt. 看, 注视, 照顾, 看守, 守护, 监视 vi. 观看,…"
528,4245,born,bear,d,AB,mono,mono,highfreq-before,keep,出生的；天生的,熊,a. 天生的 bear的过去分词,"n. 熊 vt. 忍受, 支承, 产生, 怀有, 通过卖空使跌价 vi. 忍受, 结果实, 压挤, 行进, 转向"
535,5328,lying,lie,i,AB,mono,mono,highfreq-before,keep,躺；说谎（lie 的现在分词）,躺；平卧,"n. 说谎 a. 横躺的, 说谎的","n. 谎言, 假象, 位置 vi. 躺着, 说谎, 位于, 展现, 存在, 停泊 vt. 谎骗"
556,5916,talked,talk,p,AB,mono,mono,highfreq-before,keep,谈话（talk 的过去式）,谈话；讨论,"n. 讲话, 交谈 talk的过去式 v. 说( talk的过去式和过去分词 ); 讨论; 说话; （用以强调款额、情况…","n. 谈话, 交谈, 会谈, 讲话, 演讲, 空谈, 谣言, 方言, 语言 vi. 讲话, 演讲, 说话, 谈话, 交流…"
560,6015,paid,pay,dp,AB,loan,mono,highfreq-before,keep,支付（pay 的过去式）,支付；付款；给予,"a. 受雇的, 付清的 pay的过去式和过去分词","n. 薪资, 付款, 补偿 vt. 支付, 付清, 补偿, 偿还, 对...有利, 为...涂防水物 vi. 付款, 付…"
566,1780,bought,buy,pd,AB,mono,mono,highfreq-before,keep,买（buy 的过去式）,买；购买,a. 买来的 buy的过去式和过去分词,"vt. 买, 获得 vi. 买 n. 购买, 买得的东西"
572,899,interesting,interest,i,B,loan,loan,src-b-only|highfreq-before,keep,有趣的,兴趣；利益,a. 有趣的,"n. 兴趣, 嗜好, 利息, 利益, 爱好, 趣味, 势力 vt. 使感兴趣, 与...有关系"
576,2616,sitting,sit,i,AB,mono,mono,highfreq-before,keep,坐（sit 的现在分词）,坐；位于,"n. 入席, 就坐, 开庭, 孵卵 a. 坐着的, 就座的, 在职的, 在孵卵中的, 易被击中的","vi. 坐, 就座, 坐落 vt. 使就座, 骑 n. 坐, 衣服合身"
579,5931,forgot,forget,p,AB,mono,mono,highfreq-before,keep,忘记（forget 的过去式）,忘记；遗忘,forget的过去式和过去分词,"vt. 忘记, 忽略, 忘 vi. 忘记"
591,2335,miles,mile,s,AB,loan,mono,highfreq-before,keep,英里（mile 的复数）,英里,"n. 英里（1英里约合1609米, mile的复数形式）","n. 英里, 很大距离 [机] 英里, 哩"
598,5145,wearing,wear,i,AB,mono,mono,highfreq-before,keep,穿；戴（wear 的现在分词）,穿；戴；穿着,"a. 穿用的, 使疲惫的, 磨损的","n. 穿着, 戴, 使用, 耗损, 服装, 耐久性 vt. 穿着, 戴, 留(须、发等), 呈现, 磨损, 磨成, 耗损…"
599,1680,crying,cry,i,AB,loan,mono,highfreq-before,keep,哭；喊叫（cry 的现在分词）,哭；呼喊,"a. 叫喊的, 嚎哭的, 迫切的, 臭名昭著的","n. 叫声, 哭声, 大叫 vi. 哭, 叫, 喊 vt. 叫喊, 大声说, 哭出"
602,5754,fell,fall,p,AB,mono,mono,highfreq-before|homograph,keep,跌倒（fall的过去式）,落下；跌倒；下降,"vt. 击倒 n. 一季所伐的木材, 折缝 a. 凶猛的, 可怕的 fall的过去式","n. 落下, 瀑布, 采伐量, 下降, 落差, 降低, 堕落, 秋天 vi. 倒下, 落下, 来临, 失守, 阵亡, 下…"
605,899,interested,interest,p,AB,loan,loan,highfreq-before,keep,感兴趣的,兴趣；利益,"a. 感兴趣的 [法] 有利害关系的, 有股份的, 偏私的","n. 兴趣, 嗜好, 利息, 利益, 爱好, 趣味, 势力 vt. 使感兴趣, 与...有关系"
621,1663,screaming,scream,i,AB,mono,mono,highfreq-before,keep,尖叫（scream的现在分词）,尖叫；呼喊,"a. 发出尖叫声的, 极滑稽的, 惊人的","n. 尖叫声 vi. 尖叫, 大笑, 尖啸, 令人震惊 vt. 尖叫着说, 大叫大嚷着要求"
625,6318,fighting,fight,i,AB,mono,mono,highfreq-before,keep,战斗；打架（fight的现在分词）,打架；战斗,"a. 战斗的, 容易引起争斗的, 适于格斗的, 好斗的, 好战的, 斗争的, 搏斗的 n. 战斗, 斗争, 搏斗","n. 打架, 争吵, 斗志 v. 对抗, 打架"
633,2624,standing,stand,i,AB,mono,mono,highfreq-before,keep,站立（stand的现在分词）,站立；立场,"n. 起立, 持续, 身分 a. 立着的, 不动的, 经常的, 持续的","n. 站立, 站住, 停顿, 讲台, 看台, 立场, 法院证人席 vi. 站, 立, 坐落, 停滞, 位于, 坚持, 维…"
638,5343,feels,feel,3,AB,mono,mono,highfreq-before|homograph,keep,感觉（feel的第三人称单数）,感觉；触摸,v. 觉得；体会；触摸（feel的第三人称单数）,"vt. 感觉, 觉得, 触摸, 以为 vi. 有知觉, 摸索, 同情 n. 感觉, 觉得, 触摸"
638,5199,feels,felt,3,B,mono,mono,src-b-only|highfreq-before|homograph,keep,感觉（feel的第三人称单数）,毛毡；毡制品,v. 觉得；体会；触摸（feel的第三人称单数）,"n. 毛毯, 毡 vt. 制毡, 使粘结 vi. 粘结 feel的过去式和过去分词"
641,4812,drunk,drink,d,AB,mono,mono,highfreq-before,keep,醉的；喝醉的,喝；饮酒；饮料,a. 喝醉了的 drink的过去式,"n. 饮料, 酒 v. 喝, 喝酒"
653,5943,calls,call,s,AB,loan,mono,highfreq-before,keep,呼叫；打电话（call的第三人称单数）,叫；称呼；打电话,n. 调用；呼吁；电话（call的复数）,"n. 呼叫, 访问, 打电话, 号召, 召集, 要求 vt. 呼叫, 召集, 打电话 vi. 叫喊, 访问, 叫牌 [计…"
654,6012,spent,spend,d,AB,mono,mono,highfreq-before,keep,花费（spend的过去式）,花费；度过；消耗,"a. 用尽的, 精疲力竭的 spend的过去式和过去分词","vt. 花费, 浪费, 度过, 消耗, 消磨 vi. 花费, 用尽"
662,8091,moved,move,p,AB,loan,mono,highfreq-before,keep,移动；感动（move的过去式）,移动；搬家；感动,"v. 移动, 移动到；感动（move的过去式, 过去分词）","n. 移动, 迁居, 步骤 vt. 移动, 开动, 感动, 搬(家) vi. 移动, 离开, 运行, 迁移, 摇动, 搬…"
676,4616,involved,involve,d,AB,loan,loan,highfreq-before,keep,涉及的；卷入的,涉及；使参与,"a. 难懂的, 复杂的, 不易懂的, 卷入...之中的, 累及..., 与...有关, 被纠缠的 [计] 包含, 涉及","vt. 包括, 使陷于, 潜心于, 包围 [医] 累及, 牵涉, 包含"
678,1820,lived,live,p,AB,mono,mono,highfreq-before,keep,居住；生活（live的过去式）,生活；居住；现场直播的,a. 有生命的,"a. 活的, 生动的, 精力充沛的, 实况转播的 vi. 活, 生存, 居住 vt. 过着, 度过, 经历 adv. 实…"
684,695,cops,cop,s,AB,mono,mono,highfreq-before,keep,警察（复数）,警察,"[建] 堆, 顶, 绕丝轴",n. 警官 vt. 抓住
703,5742,driving,drive,i,AB,mono,mono,highfreq-before,keep,驾驶（现在分词）,驾驶；开车；驱动,"n. 赶, 操纵, 驾驶 a. 推进的, 强劲的, 精力旺盛的","n. 驾车, 快车道, 推进力, 驱动, 动力, 击球, 驱动器 vt. 开车, 驱使, 推动, 驾驶 vi. 开车, …"
705,2656,wrote,write,p,AB,mono,mono,highfreq-before,keep,写（过去式）,写；写作,write的过去式,"vt. 书写, 著述, 写, 写满, 写信给 vi. 写, 写字, 写信, 写作, 作曲 [计] 书写器"
715,1830,dying,die,i,AB,mono,mono,highfreq-before,keep,死亡（现在分词）,死亡；消失,"a. 垂死的 [法] 快要死的, 垂死的, 临终的","vi. 死亡, 消逝, 平息, 熄灭, 漠然, 渴望 vt. 死 n. 骰子, 冲模"
722,2664,singing,sing,i,AB,mono,mono,highfreq-before,keep,唱歌（现在分词）,唱歌,"n. 歌唱, 歌声 [计] 振鸣; 蜂鸣","vi. 唱, 唱歌, 演唱, 鸣, 啼 vt. 唱, 歌颂 n. 嗖嗖声"
729,126,putting,put,i,AB,mono,mono,homograph,keep,放置（现在分词）,放；放置,n. 投掷；（高尔夫球）打球入洞,"vt. 放, 摆, 安置, 移动, 发射, 投掷, 写上, 表达, 使从事, 使受到, 驱使, 赋予 vi. 出发, 航…"
729,20832,putting,putt,i,B,mono,mono,src-b-only|highfreq-before|homograph|suspect-target,fix-target:put,放置（现在分词）,轻击（高尔夫球）,n. 投掷；（高尔夫球）打球入洞,vt. 击球入洞 vi. 轻击高尔夫球 n. 轻轻一击(入洞)
730,6264,stuck,stick,p,AB,mono,mono,highfreq-before,keep,卡住的；被困的,棍；棒,stick的过去式和过去分词,"n. 棍, 棒, 刺, 枯枝, 茎, 条状物 vt. 插进, 刺入, 钉住, 伸出, 粘贴, 停止 vi. 粘住, 停留…"
732,1016,rules,rule,s,AB,loan,loan,highfreq-before,keep,规则（复数）,规则；统治,n. 规则；条例（rule的复数形式）,"n. 规则, 统治, 控制, 支配, 规律, 标准, 章程, 破折号, 铅线 vt. 规定, 统治, 管理, 控制, 支…"
733,7509,grunts,grunt,s,AB,mono,mono,highfreq-before,keep,咕哝声（复数）,咕哝；发出哼哼声,v. （猪等）作呼噜声( grunt的第三人称单数 ); （指人）发出类似的哼声; 咕哝着说; 石鲈,"vi. 作呼噜声 vt. 咕哝 n. 呼噜声, 咕哝"
740,1760,gives,give,3,AB,mono,mono,highfreq-before,keep,给（第三人称单数）,给；给予,n. 付出；弯曲；内幕消息（give的复数）,"n. 弹性, 适应性 vt. 给, 授予, 供给, 产生, 发表, 付出, 献出, 让出 vi. 捐赠, 支持不住, 让…"
742,8400,cheers,cheer,s,AB,loan,mono,highfreq-before,keep,干杯；欢呼,欢呼；加油；使高兴,"interj. 干杯, 再见","n. 愉快, 振奋, 欢呼 vi. 欢呼, 喝彩, 快活起来 vt. 使振奋, 欢呼"
754,5349,holding,hold,i,AB,mono,mono,highfreq-before,keep,拿着（现在分词）,拿；握住,"n. 把持, 支持, 保持 [法] 租借地, 占有物, 拥有的财产","n. 把握, 把持力, 柄, 控制, 掌握, 监禁 vt. 保存, 握住, 拿住, 占据, 持有, 拥有 vi. 支持,…"
763,280,worst,bad,t,AB,mono,mono,homograph,keep,最坏的；最差的,坏的；严重的,"n. 最坏, 最坏的时候 a. 最坏的, 最恶劣的, 最不利的 adv. 最坏, 最糟",a. 坏的 n. 坏 adv. 坏地
771,5952,listening,listen,i,AB,mono,mono,highfreq-before,keep,听；倾听（listen 现在分词）,听；倾听；听从,"n. 听, 监听 a. 助听用的","vi. 听, 倾听, 听从 n. 听, 倾听"
774,1240,arms,arm,s,AB,mono,mono,highfreq-before,keep,手臂；武器（复数）,手臂；武装,"n. 武器, 军事行动 [机] 武器, 军械, 枪械","n. 手臂, 袖子, 狭长港湾, 武器 vt. 武装, 装备 vi. 武装起来 [计] 异步应答方式; 自动货品销路管理"
775,5904,turns,turn,3,AB,mono,mono,highfreq-before,keep,转动；转弯；轮流（turn 单三）,转；转向；翻转,n. 转弯；匝数；圈数（turn的复数形式）；手动车床,"n. 转弯, 转动, 旋转, 翻转, 一圈, 顺次, 改动, 变化, 性格, 特色, 形状, 转折 vt. 使旋转, 转…"
779,4567,gasps,gasp,s,AB,mono,mono,highfreq-before,keep,喘气；倒抽气（gasp 单三）,喘气；倒抽气,v. 喘气( gasp的第三人称单数 ); 喘息; 倒抽气; 很想要,"n. 喘气 vi. 喘气, 喘息, 渴望 vt. 气喘吁吁地说"
787,4812,drinking,drink,i,AB,mono,mono,highfreq-before,keep,喝；饮酒（drink 现在分词）,喝；饮酒；饮料,"n. 喝, 喝酒","n. 饮料, 酒 v. 喝, 喝酒"
793,968,drugs,drug,s,AB,loan,loan,highfreq-before,keep,药物；毒品（复数）,药物；毒品,"n. 毒品, 药物","n. 药, 麻药, 麻醉药 vi. 吸毒 vt. 使服麻醉药, 使麻木"
795,5109,rings,ring,s,AB,mono,mono,highfreq-before,keep,戒指；铃声；环（复数）,戒指；环状物,n. 吊环（ring的复数）,"n. 环, 环形物, 拳击场, 戒指, 角逐, 小集团, 铃声, 钟声, 声调 vt. 包围, 套住, 按铃, 敲钟 v…"
796,6198,named,name,d,AB,mono,mono,highfreq-before,keep,命名；取名（name 过去式）,名字；名称,"a. 被指名的, 指定的 [计] 命名的, 指定的, 有名的","n. 名字, 名称, 姓名, 名义, 名誉, 文件名 vt. 命名, 称呼, 任命, 提名, 列举 a. 姓名的, 据以…"
801,1490,further,far,r,AB,mono,mono,highfreq-before,keep,更远；进一步；促进,远的（地）,"a. 更远的, 此外的, 更多的 vt. 促进, 增进, 助长 adv. 更进一步地, 更远地, 此外","a. 远的, 久远的, 遥远的 adv. 甚远地, 很, 到很深的程度, 到很远的距离"
804,828,allowed,allow,d,AB,loan,loan,highfreq-before,keep,允许；准许（allow 过去式）,允许；准许；给予,"a. 允许, 容许的","vt. 允许, 同意给予, 承认 vi. 容许, 猜想 [计] 允许命令"
806,5937,learned,learn,d,AB,mono,mono,highfreq-before,keep,学习；得知（learn 过去式）,学习；得知；学会,"a. 有学问的, 学术上的 learn的过去式和过去分词",vt. 学习；认识到；得知
807,8112,arrived,arrive,p,AB,loan,mono,highfreq-before,keep,到达；抵达（arrive 过去式）,到达；抵达；到来,v. 抵达；抵港（arrive的过去式） a. 已到达的,"vi. 到达, 抵达"
810,12000,pictures,picture,s,AB,loan,,highfreq-before,keep,图片；照片；电影（复数）,图画，照片,n. 电影院,"n. 图画, 照片, 景色, 美丽如画的人(或物), 化身, 生动的描述, 想像, 形象思维 vt. 画, 拍摄, 用图…"
814,2608,played,play,p,AB,mono,mono,highfreq-before,keep,玩；演奏（play 过去式）,玩；演奏；戏剧,v. 玩耍；演奏；播放；参加竞赛（play的过去分词）,"n. 游戏, 游玩, 玩笑, 运动, 比赛, 赌博, 跳动, 表演, 剧本 v. 玩, 游戏, 假装, 开玩笑, 比赛,…"
822,385,feelings,feeling,s,AB,mono,mono,homograph,keep,感情；感觉（复数）,感觉；情感,"n. 感情, 情绪, 心情, 情感","n. 摸, 触觉, 知觉, 感觉, 情绪, 同情 a. 有同情心的, 有感觉的, 仁慈的, 动人的"
827,2112,dollars,dollar,s,AB,loan,loan,highfreq-before,keep,美元（复数）,美元；元,n. 美元（dollar的复数）,"n. 美元, 元(加、澳等国货币单位) [经] 纯经济的, 美元, 元"
832,1500,earlier,early,r,AB,mono,mono,highfreq-before,keep,更早；先前,早的（地）,a. 早的；初期的,"a. 早的, 早熟的 adv. 很早, 初"
837,1230,legs,leg,s,AB,mono,mono,highfreq-before,keep,腿（复数）,腿；支柱,n. 木头支架；腿（leg的复数）,"n. 腿, 假腿, 路程 vi. 走, 跑"
841,11415,according,accord,i,AB,mono,loan,highfreq-before,keep,根据；按照,一致；协议,"a. 相符的, 根据...而定的 adv. 相应地","n. 一致, 调和, 协定 vt. 给与, 使一致 vi. 相符合"
844,7509,grunting,grunt,i,AB,mono,mono,highfreq-before,keep,发出咕噜声,咕哝；发出哼哼声,"a. 呼噜的, 咕哝的 [医] 嗯嗯声","vi. 作呼噜声 vt. 咕哝 n. 呼噜声, 咕哝"
846,6198,names,name,s,AB,mono,mono,highfreq-before,keep,名字（复数）,名字；名称,n. 名字；名望（name的复数形式）,"n. 名字, 名称, 姓名, 名义, 名誉, 文件名 vt. 命名, 称呼, 任命, 提名, 列举 a. 姓名的, 据以…"
857,6069,keeping,keep,i,AB,mono,mono,highfreq-before,keep,保持；保存,保持；保留；保存,"n. 保管, 供养, 一致 [法] 保管, 保护, 管理","n. 生计, 维持, 保持 vt. 保持, 保存, 遵守, 看守, 整理, 维持, 履行, 经营, 拘留, 记帐 vi.…"
864,4899,locked,lock,d,AB,mono,mono,highfreq-before,keep,锁上（过去式）,锁；一绺头发,a. 上锁的；不灵活的；下定决心的,"n. 锁, 刹车, 水闸, 一缕头发 vt. 锁, 锁上, 拘禁, 隐藏, (用锁等)拴住, 刹住 vi. 锁住, (齿…"
866,2656,writing,write,i,AB,mono,mono,highfreq-before,keep,写作；文字,写；写作,"n. 书写, 著作, 笔迹, 作品 [医] 书写","vt. 书写, 著述, 写, 写满, 写信给 vi. 写, 写字, 写信, 写作, 作曲 [计] 书写器"
872,1790,sold,sell,d,AB,mono,mono,highfreq-before,keep,卖（过去式）,卖；销售,sell的过去式和过去分词,"vt. 卖, 背叛, 销售, 出卖 vi. 卖, 销售 n. 卖, 推销术, 失望"
875,12000,figured,figure,p,AB,loan,,highfreq-before,keep,认为；计算（过去式）,形状，图形；数字；人物,"a. 有形状的, 有图案的, 用图表表现的, 用图画表现的","n. 数字, 价格, 图形, 形状 vt. 描绘, 表示, 演算, 认为 vi. 计算, 出现, 估计"
877,5109,ringing,ring,i,AB,mono,mono,highfreq-before,keep,响铃；回响,戒指；环状物,"a. 响亮的, 明白的, 清脆的, 干脆的 [电] 振铃","n. 环, 环形物, 拳击场, 戒指, 角逐, 小集团, 铃声, 钟声, 声调 vt. 包围, 套住, 按铃, 敲钟 v…"
879,5196,hiding,hide,i,AB,mono,mono,highfreq-before,keep,躲藏；隐藏,兽皮；皮革,"n. 隐匿, 隐藏之事, 隐匿之所, 痛打 [法] 躲藏, 躲藏处","n. 兽皮, 迹象, 躲藏处 vt. 藏, 隐瞒, 遮避, 剥...的皮, 隐藏 vi. 躲藏 [计] 隐藏"
883,2656,written,write,d,AB,mono,mono,highfreq-before,keep,写（过去分词）,写；写作,"a. 书面的, 写成文字的 write的过去分词","vt. 书写, 著述, 写, 写满, 写信给 vi. 写, 写字, 写信, 写作, 作曲 [计] 书写器"
889,2648,reading,read,i,AB,mono,mono,highfreq-before,keep,阅读；读物,阅读；读懂,"n. 阅读, 知识, 读物 a. 阅读的","v. 读, 阅读, 理解 a. 有学问的 n. 读取, 阅读 [计] 读取"
901,5913,following,follow,i,AB,mono,mono,highfreq-before,keep,接下来的；下列的,跟随；沿着；遵循,"n. 下列各项, 部下, 追随者 a. 下列的, 其次的","vt. 跟随, 沿行, 遵循, 追求 vi. 跟随, 接着 n. 跟随, 追随"
902,6240,built,build,d,AB,mono,mono,highfreq-before,keep,建造（过去式）,建造；建立,build的过去式和过去分词,"v. 建立, 建筑 n. 构造, 体格"
903,2704,closer,close,r,AB,loan,mono,highfreq-before,keep,更近的,近的；关闭,"n. 关闭者, 闭合器, 关闭器","n. 结束, 完结 a. 靠近的, 亲近的, 亲密的, 严密的, 关闭的, 狭窄的, 秘密的 vt. 关, 结束, 使靠…"
906,7965,groans,groan,s,AB,mono,mono,highfreq-before,keep,呻吟；抱怨,呻吟；抱怨,"n. 呻吟, 叹息( groan的名词复数 ); 呻吟般的声音 v. 呻吟( groan的第三人称单数 ); 发牢骚; …","n. 呻吟, 叹息 vi. 呻吟, 抱怨, 受压迫 vt. 呻吟地说"
908,13752,excited,excite,d,B,loan,loan,src-b-only|highfreq-before,keep,兴奋的；激动的,使兴奋；激起,"a. 兴奋的, 已励磁的, 已激发的, 激昂的, 激动的","vt. 刺激, 使兴奋, 激励"
910,1750,losing,lose,i,AB,mono,mono,highfreq-before,keep,失去；输掉,失去；输掉,"a. 损失的, 输的 n. 失败, 损失","vt. 遗失, 损失, 丢失, 使失去, 错过, 浪费, 迷失, 使迷路, 输去, 使沉溺于 vi. 受损失, 失败"
911,925,animals,animal,s,AB,loan,loan,highfreq-before,keep,动物（复数）,动物,"n. 动物, 动物世界；牲畜（animal的复数形式）",n. 动物 [医] 动物
928,4626,shooting,shoot,i,AB,mono,mono,highfreq-before,keep,射击；拍摄,嫩芽；新枝,"n. 发射, 猎场, 射击","n. 射击, 狩猎, 芽, 射伤, 发射, 发芽, 急流, 推力, 摄影, 急送, 滑运道, 浪费 vt. 射击, 射中…"
929,6069,keeps,keep,3,AB,mono,mono,highfreq-before,keep,保持；保存（三单）,保持；保留；保存,n. 罐笼座；盖子（keep的复数形式）,"n. 生计, 维持, 保持 vt. 保持, 保存, 遵守, 看守, 整理, 维持, 履行, 经营, 拘留, 记帐 vi.…"
935,1701,flowers,flower,s,AB,loan,loan,highfreq-before,keep,花（复数）,花；花朵,[医] 花; 升华制成的药物; 月经,"n. 花, 开花植物, 精华, 盛时 vi. 开花, 发育, 旺盛, 成熟 vt. 用花装饰, 使开花"
939,4902,keys,key,s,AB,mono,mono,highfreq-before,keep,钥匙（复数）,钥匙；关键,n. 关键帧；（钢琴等的）键；密钥（key的复数）,"n. 钥匙, 键, 解答, 关键, 要害, 基调, 线索, 答案, 暗礁 vt. 调音, 锁上, 提供线索 vi. 使用…"
948,5928,wondering,wonder,i,AB,mono,mono,highfreq-before,keep,想知道（现在分词）,想知道；纳闷,"a. 觉得奇怪的, 疑惑的","n. 奇迹, 惊奇, 惊愕 vt. 惊奇, 想知道 vi. 惊讶, 怀疑"
949,5328,lay,lie,p,AB,mono,mono,highfreq-before|homograph,keep,放置；躺（过去式）,躺；平卧,"vt. 放置, 产, 铺设, 布置, 提出, 平息 vi. 下蛋, 打赌 n. 位置, 层, 隐藏处 a. 世俗的, 外…","n. 谎言, 假象, 位置 vi. 躺着, 说谎, 位于, 展现, 存在, 停泊 vt. 谎骗"
959,8400,cheering,cheer,i,AB,loan,mono,highfreq-before,keep,欢呼（现在分词）,欢呼；加油；使高兴,"n. 欢呼, 喝彩 a. 令人振奋的, 令人高兴的","n. 愉快, 振奋, 欢呼 vi. 欢呼, 喝彩, 快活起来 vt. 使振奋, 欢呼"
966,6186,papers,paper,s,AB,loan,mono,highfreq-before,keep,文件；报纸（复数）,纸；论文,"n. 文件, 官方文件 [法] 票证, 证券, 纸币","n. 纸, 文件, 文章, 报纸, 证券, 证件 vt. 用纸糊, 贴壁纸于, 用纸包装 vi. 贴壁纸 a. 纸做的,…"
974,1400,lights,light,s,AB,mono,mono,highfreq-before,keep,灯（复数）,光；轻的；浅色的,n. （供食用的）家畜的肺脏；灯光（light的复数）,"n. 光, 光亮, 灯, 日光, 发光体, 光源, 杰出人物, 火花, 眼光 a. 轻的, 少量的, 轻微的, 轻快的,…"
975,5739,flying,fly,i,AB,mono,mono,highfreq-before,keep,飞（现在分词）,飞；飞行；乘飞机,"a. 飞的, 飘扬的, 飞速的 n. 飞行, 飞花","n. 苍蝇, 两翼昆虫, 飞行 vi. 飞, 飞翔, 飘扬, 逃走 vt. 飞, 飞越, 使飘扬, 逃出 a. 敏捷的"
990,3760,folks,folk,s,AB,mono,mono,highfreq-before,keep,人们；家人,人们；民谣,"n. 人们, 父母, 亲人, 家属","n. 人们, 家人, 亲属, 民族 a. 民间的"
997,4485,leaves,leaf,s,B,mono,mono,src-b-only|highfreq-before|homograph,keep,叶子（复数）,叶子；一张（纸）,"pl. 树叶, 花瓣","n. 叶, 树叶, 花瓣, 页 vi. 生叶, 翻书页 vt. 在...上长叶, 翻...的页"
997,8109,leaves,leave,3,AB,mono,mono,highfreq-before|homograph,keep,叶子（复数）,离开；留下；出发,"pl. 树叶, 花瓣","n. 许可, 告别, 请假, 休假 vt. 离开, 剩下, 遗忘, 委托, 丢弃 vi. 出发, 离开, 生叶"
999,5946,shouting,shout,i,AB,mono,mono,highfreq-before,keep,喊叫（现在分词）,喊叫；大声说,"n. 呼喊, 喊话","n. 呼喊, 喊声 vi. 呼喊, 喊叫, 嚷 vt. 高喊"
1005,1870,tells,tell,3,AB,mono,mono,highfreq-before,keep,告诉；讲述（第三人称单数）,告诉；辨别,v. 告诉；说（tell的第三人称单数）,"vt. 告诉, 说, 吩咐, 断定, 知道 vi. 讲述, 泄密, 告发, 表明"
1006,5328,lies,lie,3,AB,mono,mono,highfreq-before,keep,躺；位于；说谎（第三人称单数）,躺；平卧,v. 躺卧（lie的第三人称单数形式）,"n. 谎言, 假象, 位置 vi. 躺着, 说谎, 位于, 展现, 存在, 停泊 vt. 谎骗"
1008,2720,pulled,pull,p,AB,mono,mono,highfreq-before,keep,拉；拖（过去式）,拉；牵引,a. 牵引的；扯下来的,"vt. 拉, 拖, 拔, 牵, 撕开, 吸引 vi. 拉, 拖, 拔, 有吸引力 n. 拉, 拖, 拔, 拉力, 牵引力…"
1012,5349,held,hold,dp,AB,mono,mono,highfreq-before,keep,握住；举行（过去式）,拿；握住,hold的过去式和过去分词,"n. 把握, 把持力, 柄, 控制, 掌握, 监禁 vt. 保存, 握住, 拿住, 占据, 持有, 拥有 vi. 支持,…"
1025,1710,hearing,hear,i,AB,mono,mono,highfreq-before,keep,听力；听证会,听见；听说,"n. 听, 听觉, 听讯 [医] 听, 听觉","vt. 听到, 倾听, 听说, 审理 vi. 听见, 听"
1028,1700,spoke,speak,p,AB,mono,mono,highfreq-before,keep,说话（过去式）,说话；发言,"n. 轮辐 vt. 装轮辐, 用刹车刹住 speak的过去式","vi. 说, 说话, 演说, 发言 vt. 说, 讲, 说出"
1029,5922,understood,understand,d,AB,mono,mono,highfreq-before,keep,理解（过去式）,理解；明白；懂,understand的过去式和过去分词,"vt. 理解, 了解, 领会, 听说, 懂 vi. 懂得, 认为"
1042,5940,taught,teach,dp,AB,mono,mono,highfreq-before,keep,教（过去式）,教；教授；教导,teach的过去式和过去分词,"vt. 教, 讲授, 教导, 教育 vi. 教书, 教学, 可以教"
1045,2608,plays,play,3,AB,mono,mono,highfreq-before,keep,玩；演奏（第三人称单数）,玩；演奏；戏剧,n. 戏剧集；戏剧（play的复数）,"n. 游戏, 游玩, 玩笑, 运动, 比赛, 赌博, 跳动, 表演, 剧本 v. 玩, 游戏, 假装, 开玩笑, 比赛,…"
1047,2672,dancing,dance,i,AB,loan,mono,highfreq-before,keep,跳舞（现在分词）,舞蹈；跳舞,n. 舞蹈 [建] 跳动的,"n. 跳舞, 舞蹈, 舞会 v. 跳舞"
1056,6237,bringing,bring,i,AB,mono,mono,highfreq-before,keep,带来（现在分词）,带来；拿来,v. 带来( bring的现在分词 ); 促使; 提供; 使朝（某方向或按某方式）移动,"vt. 带来, 产生, 促使, 提出 vi. 生产"
1057,5880,dropped,drop,p,AB,mono,mono,highfreq-before,keep,掉落；下降（过去式）,落下；掉下；下降,a. 抛踢球得分的,"n. 滴, 微量, 落下, 空投 vi. 放下, 掉下, 下降 vt. 使滴下, 放下, 丢失, 遗漏 [计] 投入, …"
1058,5328,lied,lie,pd,A,mono,mono,src-a-only|highfreq-before,keep,说谎（过去式）,躺；平卧,n. (德国)歌曲,"n. 谎言, 假象, 位置 vi. 躺着, 说谎, 位于, 展现, 存在, 停泊 vt. 谎骗"
1066,6246,games,game,s,AB,mono,mono,highfreq-before,keep,游戏；比赛（复数）,游戏；比赛,"n. (英)体操课, 体育课, [谓语用单数或复数]运动会, 比赛会, 竞技会","n. 比赛, 玩耍, 比分, 得胜, 比赛规则, 策略, 游戏, 野味 vi. 赌博 a. 勇敢的, 有胆量的, 关于野…"
1068,5148,dressed,dress,d,AB,loan,mono,highfreq-before,keep,穿着衣服的,穿衣；打扮,"a. 穿好衣服的；打扮好的；去内脏及分割加工好的（特指动物, 如鱼, 禽类等）","n. 服装, 覆盖物 vi. 穿着 vt. 给...穿衣, 整理"
1076,1663,screams,scream,s,AB,mono,mono,highfreq-before,keep,尖叫（第三人称单数）,尖叫；呼喊,v. （因伤痛、害怕、激动等）尖叫 ~发出尖叫声( scream的第三人称单数 ); （向某人或为某事）高声喊; 发出大…,"n. 尖叫声 vi. 尖叫, 大笑, 尖啸, 令人震惊 vt. 尖叫着说, 大叫大嚷着要求"
1081,1320,older,old,r,AB,mono,mono,highfreq-before,keep,较年长的；更旧的,老的；旧的,a. 年长的；较旧的,"n. 以前, 往昔 a. 老的, 旧的, 古老的, 年长的, 老练的"
1083,1163,soldiers,soldier,s,AB,loan,loan,highfreq-before,keep,士兵（复数）,士兵；军人,n. 士兵；战士数量（soldier的复数）,"n. 军人, 士兵, 兵蚁 vi. 从军, 尽职, 偷懒, 磨洋工"
1087,970,training,train,i,B,mono,mono,src-b-only,?,训练；培训,火车；训练,"n. 训练, 培养 [医] 训练","n. 火车, 列车, 行列, 长队, 一连串的后果, 顺序 vt. 训练, 教育, 对准 vi. 受训练, 锻炼"
1091,6008,united,unite,d,B,loan,loan,src-b-only|highfreq-before,keep,联合的；团结的,联合；团结,"a. 联合的, 团结的, 一致的, 和睦的 [法] 联合的, 统一的, 一致的","vi. 联合, 接合, 混合 vt. 使联合, 统一, 使粘合, 使结合"
1094,6015,paying,pay,i,AB,loan,mono,highfreq-before,keep,支付；付款（现在分词）,支付；付款；给予,"a. 支付的, 付款的, 有利的, 赢利的, 合算的 [经] 支付","n. 薪资, 付款, 补偿 vt. 支付, 付清, 补偿, 偿还, 对...有利, 为...涂防水物 vi. 付款, 付…"
1096,1170,teeth,tooth,s,AB,mono,mono,highfreq-before,keep,牙齿（复数）,牙齿,pl. 牙齿 [医] 牙,"n. 牙齿, 齿状物, 爱好 vt. 装以齿, 将...切成齿状 vi. 啮合"
1105,8193,feed,fee,p,B,mono,mono,src-b-only|highfreq-before,keep,喂养；供给,费用；酬金；小费,"n. 饲料, 一餐, 饲养 vt. 喂, 饲养, 放牧, 靠...为生 vi. 吃东西, 用餐, 流入 [计] 送纸","n. 费用, 小费, 封地, 所有权 vt. 付费给"
1108,12300,records,record,s,AB,loan,,highfreq-before,keep,记录；档案（复数）,记录，记载；录制,"n. 记录, 录音；唱片, 档案（record的复数形式）","n. 记录, 履历, 档案, 审判记录, 最高纪录, 唱片 vt. 记录, 记载, 标明, 将...录音 vi. 记录,…"
1109,5331,breathing,breathe,i,AB,mono,mono,highfreq-before,keep,呼吸（现在分词）,呼吸,"n. 呼吸, 瞬间, 微风 a. 呼吸的, 逼真的","vi. 呼吸, 生存, 低语 vt. 呼吸, 使喘息, 发散, 低声说"
1118,5931,forgotten,forget,d,AB,mono,mono,highfreq-before,keep,忘记（过去分词）,忘记；遗忘,forget的过去分词,"vt. 忘记, 忽略, 忘 vi. 忘记"
1124,1433,invited,invite,d,AB,loan,loan,highfreq-before,keep,邀请（过去式/过去分词）,邀请,"v. 邀请；引起, 招致（invite的过去分词）","vt. 邀请, 请求, 引起, 招致 n. 邀请"
1129,6411,hurts,hurt,3,AB,mono,mono,highfreq-before,keep,疼痛；伤害（第三人称单数）,疼痛；伤害,n. 痛痒,"n. 伤害, 创伤, 损害 v. 伤害, (使)伤心, 危害, 刺痛"
1138,5904,turning,turn,i,AB,mono,mono,highfreq-before,keep,转动；转弯（现在分词）,转；转向；翻转,"n. 旋转, 转弯处, 车削工作 [化] 车削","n. 转弯, 转动, 旋转, 翻转, 一圈, 顺次, 改动, 变化, 性格, 特色, 形状, 转折 vt. 使旋转, 转…"
1143,1740,finding,find,i,AB,mono,mono,highfreq-before,keep,发现；调查结果,找到；发现,"n. 发现, 发现物, 决定, 裁决 [法] 调查结果, 对事实的认定, 判定的要素","vt. 发现, 感到, 找到, 认为, 得到 vi. 裁决 n. 发现 [计] 查找; DOS外部命令:在指定的文件或从…"
1144,5496,meaning,mean,i,AB,mono,mono,highfreq-before,keep,意思；意义,刻薄的；小气的,"n. 意义, 含义, 目的, 意图 a. 意味深长的","a. 低劣的, 卑贱的, 简陋的, 吝啬的, 惭愧的, 平均的, 中间的, 普通的 vt. 意谓, 想要, 意欲, 预定…"
1157,6252,balls,ball,s,AB,mono,mono,highfreq-before,keep,球（复数）；睾丸（俚）,球,n. 胡说八道,"n. 球, 舞会, 球状物 v. 捏成球形"
1176,5919,believed,believe,p,AB,mono,mono,highfreq-before,keep,相信；认为（过去式）,相信；认为,v. 相信( believe的过去式和过去分词 ); 认为; 以为; 对…信以为真,v. 相信
1181,5361,threw,throw,p,AB,mono,mono,highfreq-before,keep,扔；投掷（过去式）,扔；投掷,throw的过去式,"vt. 投, 掷, 抛, 发射, 摔下, 匆匆穿上(或脱下), 抛弃, 摆脱 vi. 丢, 掷, 抛 n. 投掷, 掷骰…"
1187,4599,nuts,nut,s,AB,mono,mono,highfreq-before,keep,疯狂的；发疯的,坚果；螺母,"a. 狂热的, 发狂的, 疯的 interj. 呸, 胡说","n. 坚果, 核心, 螺帽 [计] Novell NetWare服务器实用程序"
1188,8253,students,student,s,AB,loan,mono,highfreq-before,keep,学生（复数）,学生,n. （尤指大专院校的）学生（student的复数）,"n. 学生, 研究者, 学者"
1192,1210,bodies,body,s3,AB,mono,mono,highfreq-before,keep,身体；尸体（复数）,身体；主体,n. （文章、文件等的）正文；（人或动物的）身体；主体部分（body的复数）,"n. 身体, 人, 尸体, 主要部分, 团体 vt. 赋以形体 [计] 体"
1193,2696,opened,open,p,AB,mono,mono,highfreq-before,keep,打开；开启（过去式）,开放的；打开,"v. 打开, 开启（open过去分词形式）","n. 公开, 户外, 空旷 a. 开着的, 开放的, 开阔的, 营业着的, 公开的, 悬而未决的 vt. 打开, 公开,…"
1195,2364,bucks,buck,s,AB,mono,mono,highfreq-before,keep,美元；雄鹿（复数）,雄鹿；美元,n. 雄鹿队（篮球队名）；巴克斯（英国伦敦附近的一个郡名）,"n. 元, 雄鹿, 纨绔子弟, 鞍马, 培克(赌博时的庄家标志), 碱水, 自夸, 谈话 vi. 马背突然拱起, 反对,…"
1202,2696,opens,open,3,AB,mono,mono,highfreq-before,keep,打开；开启（第三人称单数）,开放的；打开,n. 打开；公开赛事；旷野（open的复数形式）,"n. 公开, 户外, 空旷 a. 开着的, 开放的, 开阔的, 营业着的, 公开的, 悬而未决的 vt. 打开, 公开,…"
1203,5913,followed,follow,d,AB,mono,mono,highfreq-before,keep,跟随；遵循（过去式）,跟随；沿着；遵循,a. 跟随的；服从的,"vt. 跟随, 沿行, 遵循, 追求 vi. 跟随, 接着 n. 跟随, 追随"
1208,2696,opening,open,i,AB,mono,mono,highfreq-before,keep,开口；开幕；开始,开放的；打开,"n. 开始, 口子, 穴, 揭幕 a. 开始的","n. 公开, 户外, 空旷 a. 开着的, 开放的, 开阔的, 营业着的, 公开的, 悬而未决的 vt. 打开, 公开,…"
1213,5754,falling,fall,i,AB,mono,mono,highfreq-before,keep,落下；跌倒（现在分词）,落下；跌倒；下降,"a. 落下的, 坠落的, 下降的 [化] 消胀","n. 落下, 瀑布, 采伐量, 下降, 落差, 降低, 堕落, 秋天 vi. 倒下, 落下, 来临, 失守, 阵亡, 下…"
1235,1641,disappeared,disappear,p,AB,mono,mono,highfreq-before,keep,消失；不见（过去式）,消失；不见,a. 消失的；消失了的,"vi. 消失, 不见"
1262,6237,brings,bring,3,AB,mono,mono,highfreq-before,keep,带来；拿来（第三人称单数）,带来；拿来,v. 带来；使发生（bring的三单形式）,"vt. 带来, 产生, 促使, 提出 vi. 生产"
1265,2688,failed,fail,d,AB,loan,mono,highfreq-before,keep,失败；不及格（过去式）,失败；未能,a. 已失败的 [计] 失败的,"vi. 失败, 缺乏, 中断, 衰退, 失灵 vt. 忘记, 使...失望, 缺乏, 不及格 n. 不及格"
1268,2687,discovered,discover,p,AB,loan,loan,highfreq-before,keep,发现（过去式）,发现,"v. 发现, 找到（discover的过去形式）","vt. 发现, 找到, 暴露 vi. 发现"
1272,5421,cares,care,3,AB,mono,mono,highfreq-before,keep,关心；在乎（第三人称单数）,关心；在乎,（等于Central Advisory Referral Service）中心咨询服务,"n. 小心, 照料, 忧虑 vi. 关心, 介意 vt. 在意, 喜欢"
1273,5289,fingers,finger,s,AB,mono,mono,highfreq-before,keep,手指（复数）,手指,"n. 梳状剔除器；手指头, 指头（finger复数）","n. 手指, 指状物, (手套的)手指部分, 指针 v. 用手指拨弄, 伸出 [计] 网络命令"
1279,1720,sees,see,3,AB,mono,mono,highfreq-before,keep,看见；明白（第三人称单数）,看见；理解,abbr. 扩展企业应用套件（Sage Extended Enterprise Suite）,"vt. 看见, 查看, 参观, 游览, 理解, 知道, 同意 vi. 看, 观看, 注意, 知道, 考虑 n. 主教的职…"
1290,8103,sending,send,i,AB,mono,mono,highfreq-before,keep,发送；寄（现在分词）,发送；派遣；传达,"n. 发送, 派遣, 发射, 信件, 神赐, 天降 [计] 发送","vt. 发送, 使进入, 寄, 派遣, 发射, 使陷于 vi. 寄信, 派人, 播送 n. (船的)上升运动 [计] 发…"
1315,4812,drinks,drink,s,AB,mono,mono,highfreq-before,keep,饮料（复数）,喝；饮酒；饮料,"n. 饮料, 饮品；喝酒（drink复数）","n. 饮料, 酒 v. 喝, 喝酒"
1317,2066,buried,bury,dp,AB,mono,mono,highfreq-before,keep,埋葬；掩埋（过去式）,埋葬；掩埋,a. 埋葬的；[地]埋藏的,"vt. 埋葬, 埋藏"
1321,1979,details,detail,s,AB,loan,loan,highfreq-before,keep,细节；详情,细节；详情,n. 详细资料；细节（detail的复数）,"n. 细节, 详情 vt. 详述, 选派 vi. 画详图 [计] 详细数据"
1322,5973,thoughts,thought,s,AB,mono,mono,highfreq-before,keep,想法；思想,思想；想法；思考,n. 思想；思维；想法（thought的复数）,"n. 想法, 思想, 思维, 关心, 挂念 think的过去式和过去分词"
1329,1396,ruined,ruin,p,B,loan,loan,src-b-only|highfreq-before,keep,毁坏的；破产的,毁坏；破坏,"a. 毁灭的, 没落的, 荒废的","n. 毁灭, 推翻, 废墟 vi. 毁灭, 衰败, 破坏, 破产, 堕落 vt. 使毁灭, 毁坏, 使破产"
1342,5196,hidden,hide,d,AB,mono,mono,highfreq-before,keep,隐藏的；秘密的,兽皮；皮革,a. 隐藏的 hide的过去分词 [计] 隐藏的,"n. 兽皮, 迹象, 躲藏处 vt. 藏, 隐瞒, 遮避, 剥...的皮, 隐藏 vi. 躲藏 [计] 隐藏"
1345,13752,exciting,excite,i,B,loan,loan,src-b-only|highfreq-before,keep,令人兴奋的,使兴奋；激起,"a. 令人兴奋的, 刺激的 [电] 激磁","vt. 刺激, 使兴奋, 激励"
1355,7542,growing,grow,i,AB,mono,mono,highfreq-before,keep,增长的；生长的,生长；种植,a. 成长的,"vt. 种植, 使长满 vi. 生长, 变成, 发展"
1359,2476,beeping,beep,i,AB,mono,mono,highfreq-before,keep,发出哔哔声,嘟嘟声,v. 嘟嘟响( beep的现在分词 ),"n. 短而尖的声音, 嘟 v. 嘟嘟响"
1370,8403,yelling,yell,i,AB,mono,mono,highfreq-before,keep,大叫；喊叫,叫喊；吼叫；嚎叫,"v. 叫喊, 号叫, 叫着说( yell的现在分词 )","vi. 叫喊, 大叫, (齐声)呐喊欢呼 vt. 喊叫着说 n. 叫声, 喊声, 呐喊"
1371,8301,painting,paint,i,B,loan,mono,src-b-only|highfreq-before,keep,绘画；油画,颜料；油漆,"n. 画, 绘画, 油漆 [化] 涂漆","n. 油漆, 颜料, 绘画作品, 涂漆 vt. 油漆, 绘, 画, 描绘, 装饰, 点缀 vi. 绘画, 涂漆"
1385,7542,grew,grow,p,AB,mono,mono,highfreq-before,keep,生长；变得（过去式）,生长；种植,grow的过去式,"vt. 种植, 使长满 vi. 生长, 变成, 发展"
1414,4271,boring,bore,i,B,mono,mono,src-b-only|highfreq-before,keep,无聊的,使厌烦；钻孔,"a. 烦人的, 无聊的, 无趣的 [机] 成孔期, 搪孔","n. 令人讨厌的人, 激浪, 枪膛, 孔 vt. 使烦扰, 钻孔 vi. 钻孔 bear的过去式 [计] 内径; 孔径"
1417,5295,bones,bone,s,AB,mono,mono,highfreq-before,keep,骨头；骨骼,骨头；骨骼,"n. 骨骼, 尸体","n. 骨头, 骨, 骨制品 vt. 剔骨 vi. 专心致志"
1420,1727,warning,warn,i,AB,mono,mono,highfreq-before,keep,警告；警报,警告；提醒,"n. 警告, 预告, 预兆, 通知 [法] 警告, 警戒, 预告; 警告的, 注意的","vt. 警告, 提醒, 通知 vi. 发出警告"
1424,7965,groaning,groan,i,AB,mono,mono,highfreq-before,keep,呻吟；抱怨,呻吟；抱怨,n. 呻吟；活塞在气缸内的不正常声；哼声,"n. 呻吟, 叹息 vi. 呻吟, 抱怨, 受压迫 vt. 呻吟地说"
1425,1648,results,result,s,AB,loan,loan,highfreq-before,keep,结果；成绩,结果；成果,n. 结果；成绩（result的复数）,"n. 结果, 成绩, 答案 vi. 产生, 结果, 致使 [计] 结果"
1427,12800,complicated,complicate,d,B,loan,,src-b-only|highfreq-before,keep,复杂的,使复杂；使难以理解,a. 复杂的 [医] 并发的,"vt. 弄复杂, 使错综, 使恶化 vi. 变复杂"
1435,1734,tears,tear,s,AB,mono,mono,highfreq-before,keep,眼泪,眼泪；撕裂,n. 眼泪；泪水（tear复数形式）,"n. 泪滴, 眼泪, 撕, 扯, 裂缝, 激怒, 飞奔 vi. 流泪, 撕破, 赶快, 飞奔, 被撕破 vt. 撕裂, …"
1437,5847,reached,reach,p,AB,mono,mono,highfreq-before,keep,到达；够到,到达；伸手；触及,"v. 到达( reach的过去式和过去分词 ); 联络; 伸出手臂, 延伸","n. 伸出, 延伸, 区域, 范围, 流域, 岬 vt. 到达, 达到, 伸出, 延伸, 影响 vi. 达到, 延伸, …"
1438,1440,higher,high,r,AB,mono,mono,highfreq-before,keep,更高的,高的（地）,[经] 上扬,"n. 高度, 高处 a. 高的, 高级的, 主要的, 高尚的, 高原的, 高音的, 昂贵的, 傲慢的 adv. 高度地,…"
1439,7638,burning,burn,i,AB,mono,mono,highfreq-before,keep,燃烧的；炽热的,烧焦,"a. 燃烧的, 象燃烧一样的 n. 烧, 燃烧","vt. 烧, 烧毁, 烧伤 vi. 燃烧, 发热, 烧毁 n. 烧伤, 烙印"
1444,6000,jobs,job,s,AB,mono,mono,highfreq-before,keep,工作；职位,工作；职业；活儿,n. 工作（job的复数形式）,"n. 工作, 零活, 职业, 事情 vi. 做零工, 打杂, 做股票经纪, 假公济私 vt. 代客买卖, 批发, 承包,…"
1445,7542,grown,grow,d,AB,mono,mono,highfreq-before,keep,长大的；成年的,生长；种植,"a. 长大的, 成年的, 长满某物的 grow的过去分词","vt. 种植, 使长满 vi. 生长, 变成, 发展"
1450,4671,woods,wood,s,AB,mono,mono,highfreq-before,keep,树林；森林,树林；木材,"n. 森林, 树林","n. 木材, 木制品 vt. 植林于, 给...添加木柴 vi. 收集木材"
1461,1740,finds,find,3,AB,mono,mono,highfreq-before,keep,发现；找到,找到；发现,v. 发现( find的第三人称单数 ); 找到; 到达; 发觉,"vt. 发现, 感到, 找到, 认为, 得到 vi. 裁决 n. 发现 [计] 查找; DOS外部命令:在指定的文件或从…"
1466,12000,humans,human,s,AB,loan,,highfreq-before,keep,人类,人类的；人性的,n. 人类（human的复数形式）,"n. 人, 人类 a. 人类的, 似人类的, 人性的, 有同情心的"
1472,8244,hired,hire,d,AB,mono,mono,highfreq-before,keep,雇用；租用,雇用；租用；聘请,v. 租用；雇用（hire的过去式及过去分词形式）,"n. 租金, 租用, 雇用 vt. 雇请, 出租 vi. 受雇"
1474,8100,led,lead,p,AB,mono,mono,highfreq-before,keep,带领；领导,带领；领导；通向,lead的过去式和过去分词 [计] 发光二极管,"n. 铅, 铅条, 领导, 超前量, 领引, 榜样, 主角, 导线 vt. 引导, 带领, 领导, 指挥, 致使, 加铅…"
1482,4986,glasses,glass,s,AB,mono,mono,highfreq-before,keep,眼镜,玻璃；杯子,n. 眼镜；双筒望远镜；玻璃（glass的复数形式）,"n. 玻璃, 玻璃杯, 透镜 vt. 装玻璃于, 反射, 反映 vi. 成玻璃状"
1486,3088,pounds,pound,s,AB,mono,mono,highfreq-before,keep,英镑；磅（复数）,磅；英镑,"n. 磅, 英镑；重击（pound复数形式）","n. 磅, 英镑, 重击, 鱼塘, 拘留所, 兽栏 vt. 强烈打击, 捣烂, 监禁, 关入栏内 vi. 连续重击, 苦…"
1490,1500,depends,depend,3,AB,loan,,highfreq-before,keep,取决于；依赖（三单）,依赖；取决于,v. 依赖；信赖（depend的三单形式）,"vi. 靠, 视...而定, 信赖"
1495,12200,families,family,s,AB,mono,,highfreq-before,keep,家庭（复数）,家庭；家族,n. 家族；家庭（family的复数）,"n. 家庭, 家人, 族 a. 家庭的"
1498,4869,walls,wall,s,AB,mono,mono,highfreq-before,keep,墙（复数）,墙；墙壁,n. 墙壁；墙体（wall的复数）,"n. 墙, 墙壁, 垣, 内壁, 分界物, 屏障 a. 墙的 vt. 给...建墙, 禁闭, 用墙围住 [计] 背景墙"
1501,1700,speaks,speak,3,AB,mono,mono,highfreq-before,keep,说话；讲（三单）,说话；发言,"v. 讲, 谈( speak的第三人称单数 ); 说; 演说; 从某种观点来说","vi. 说, 说话, 演说, 发言 vt. 说, 讲, 说出"
1502,6318,fought,fight,p,AB,mono,mono,highfreq-before,keep,战斗；打架（过去式）,打架；战斗,fight的过去式和过去分词,"n. 打架, 争吵, 斗志 v. 对抗, 打架"
1504,1890,answers,answer,s,AB,mono,mono,highfreq-before,keep,答案；回答（复数）,回答；答案,"n. 答案, 回答（answer的复数）","n. 答案, 回答, 回报, 答辩 vt. 回答, 反驳, 适应, 响应, 符合 vi. 回答, 答应, 负责, 符合,…"
1511,8106,carrying,carry,i,AB,loan,mono,highfreq-before,keep,携带；搬运（现在分词）,携带；搬运；承载,[法] 运载,"n. 进位, 射程, 运载 vt. 携带, 运送, 支持, 传送, 包含 vi. 被携带, 能达到 [计] 进位; 进位…"
1520,2704,closes,close,3,AB,loan,mono,highfreq-before,keep,关闭（三单）,近的；关闭,"v. （使）关, 关闭( close的第三人称单数 ); 终止; （使）缩小; 合上","n. 结束, 完结 a. 靠近的, 亲近的, 亲密的, 严密的, 关闭的, 狭窄的, 秘密的 vt. 关, 结束, 使靠…"
1523,6656,confused,confuse,d,B,loan,loan,src-b-only|highfreq-before,keep,困惑的；糊涂的,使困惑；混淆,"a. 困惑的, 混乱的","vt. 使混乱, 使狼狈, 使困惑 [法] 混淆"
1527,5871,raised,raise,d,AB,mono,mono,highfreq-before,keep,举起；提高（过去式）,举起；提高；抚养,"a. 凸起的, 浮雕的, 发酵的 [医] 隆起的","n. 上升, 高地, 增高 vt. 升起, 举起, 唤起, 提高, 使出现, 使复活, 提出, 筹集, 饲养"
1528,12658,panting,pant,i,AB,loan,loan,highfreq-before,keep,喘气（现在分词）,喘气；气喘,"[医] 气促, 呼吸困难","n. 喘息, 悸动 vi. 喘息, 渴望 vt. 气喘吁吁地说"
1530,8070,clears,clear,3,AB,loan,mono,highfreq-before,keep,清除；放晴（三单）,晴朗的；清晰的；透明的,v. 变明朗( clear的第三人称单数 ); 明白; 离去; （通过票据交换所）交换票据,"a. 清楚的, 明确的, 澄清的 adv. 清晰地 vt. 澄清, 清除障碍 vi. 放晴, 变清澈 n. 空隙 [计]…"
1532,12200,patients,patient,s,AB,loan,,highfreq-before,keep,病人（复数）,有耐心的；能忍受的,n. 病人（patient的复数形式）,"n. 病人, 承受者 a. 忍耐的, 容忍的, 有耐性的, 坚忍的"
1533,5001,watched,watch,p,AB,mono,mono,highfreq-before,keep,观看；注视（过去式）,手表；监视,"vt. 注视, 注意（watch的过去式与过去分词形式）","n. 观察, 手表, 看守, 守护, 监视, 值班人 vt. 看, 注视, 照顾, 看守, 守护, 监视 vi. 观看,…"
1534,2000,committed,commit,d,AB,loan,,highfreq-before,keep,忠诚的；犯（罪）的,承诺；犯（罪）,a. 献身于某种事业的 [计] 委托的,"vt. 委托(托付), 犯罪, 指派...作战, 使承担义务 [法] 犯, 做, 把...交托给"
1543,6036,dealing,deal,i,AB,mono,mono,highfreq-before,keep,处理；交易（现在分词）,交易；协议；待遇,"n. 经营行为, 行为, 交易 [法] 待遇, 处置, 行为","n. 交易, 协定, 数量, 买卖, 松木板 vi. 处理, 应付, 做生意 vt. 分配, 发牌, 给予 [计] 发牌"
1545,6753,charges,charge,s,AB,loan,loan,highfreq-before,keep,指控；费用（复数）,冲锋；指控,n. 费用；手续费；运费,"n. 指控, 费用, 冲锋, 电荷, 炸药, 主管, 被托管人, 命令 vt. 控诉, 加罪于, 使充满, 使充电, 使…"
1550,5742,drove,drive,p,AB,mono,mono,highfreq-before,keep,驾驶（过去式）,驾驶；开车；驱动,n. 畜群 drive的过去式,"n. 驾车, 快车道, 推进力, 驱动, 动力, 击球, 驱动器 vt. 开车, 驱使, 推动, 驾驶 vi. 开车, …"
1557,2616,sat,sit,pd,AB,mono,mono,highfreq-before,keep,坐（过去式）,坐；位于,n. 饱和度 sit的过去式和过去分词 [计] 饱和度,"vi. 坐, 就座, 坐落 vt. 使就座, 骑 n. 坐, 衣服合身"
1561,2215,terms,term,s,AB,loan,loan,highfreq-before,keep,术语；条款；条件,学期；术语；期限,"n. 条件, 条款, 费用, 价钱, 关系, 地位, 交谊 [经] 条件","n. 术语, 专有名词, 期限, 学期, 任期, 条件, 价钱, 关系, 地位, 项, 界石 vt. 称, 呼 [计] …"
1581,2624,stood,stand,p,AB,mono,mono,highfreq-before,keep,站立（stand的过去式）,站立；立场,stand的过去式和过去分词,"n. 站立, 站住, 停顿, 讲台, 看台, 立场, 法院证人席 vi. 站, 立, 坐落, 停滞, 位于, 坚持, 维…"
1582,5358,kicked,kick,p,AB,mono,mono,highfreq-before,keep,踢（kick的过去式）,踢；踹,"v. 踢( kick的过去式和过去分词 ); 踢蹬, 踢（腿）; （因干了蠢事、失去良机等）对（自己）生气; 体育运动","n. 踢, 反冲, 后座力, 凹底 vi. 踢, 反抗, 反冲 vt. 踢, 反冲"
1586,5259,lips,lip,s,AB,mono,mono,highfreq-before,keep,嘴唇（lip的复数）,嘴唇,n. 嘴唇（lip的复数）,"n. 唇, 口缘, 唇状构造 vt. 以嘴唇碰, 轻轻说出 a. 口头上的 [计] 大型互连网信息包"
1600,4267,chuckling,chuckle,i,AB,mono,mono,highfreq-before,keep,轻声笑（chuckle的现在分词）,轻声笑；暗笑,v. 轻声地笑( chuckle的现在分词 ),"n. 咯咯的笑声, 轻笑 vi. 咯咯的笑, 咕咕叫"
1608,5346,touched,touch,p,AB,loan,mono,highfreq-before,keep,感动的；受触动的,触摸；接触,"a. 精神不太正常的, 受感动的","n. 触觉, 碰, 触, 机灵, 轻触, 格调, 少许, 缺点, 弹力 vt. 接触, 触摸, 触及, 使接触, 达到,…"
1612,4866,cooking,cook,i,AB,mono,mono,highfreq-before,keep,烹饪；做饭,烹调；煮；厨师,n. 烹饪 [化] 熬炼; 热炼; 蒸煮,"n. 厨子, 厨师 vt. 烹调, 煮饭, 加热 vi. 在煮着"
1614,8091,moves,move,3,AB,loan,mono,highfreq-before,keep,行动；举措（move的复数）,移动；搬家；感动,v. 移动；搬家；感动（move的第三人称单数）,"n. 移动, 迁居, 步骤 vt. 移动, 开动, 感动, 搬(家) vi. 移动, 离开, 运行, 迁移, 摇动, 搬…"
1622,1830,dies,die,3,AB,mono,mono,highfreq-before,keep,死亡（die的第三人称单数）,死亡；消失,v. 死亡；凋谢；消失（动词die的第三人称单数形式）,"vi. 死亡, 消逝, 平息, 熄灭, 漠然, 渴望 vt. 死 n. 骰子, 冲模"
1631,3102,pills,pill,s,AB,loan,loan,highfreq-before,keep,药丸（pill的复数）,药丸,n. 丸剂；药丸（pill的复数）,"n. 药丸, 弹丸, 屈辱, 胡说 v. 做成药丸, 形成丸状, 服药丸, 挫败, 抢劫"
1632,7638,burned,burn,p,AB,mono,mono,highfreq-before,keep,燃烧（burn的过去式）,烧焦,burn的过去式和过去分词 [机] 焦化,"vt. 烧, 烧毁, 烧伤 vi. 燃烧, 发热, 烧毁 n. 烧伤, 烙印"
1633,7677,smells,smell,s,AB,mono,mono,highfreq-before,keep,闻起来；发出气味,嗅；闻,n. 臭味；气味（smell的复数）,"n. 味道, 气味, 嗅觉, 嗅, 臭味, 气息 vt. 闻, 探出, 察觉, 发出...的气味 vi. 嗅, 散发气味…"
1636,8406,bleeding,bleed,i,B,mono,mono,src-b-only|highfreq-before,keep,流血（bleed的现在分词）,流血；出血,"n. 出血, 流血 [化] 渗色","vi. 流血, 悲痛, 渗出 vt. 使出血, 榨取"
1637,6315,beating,beat,i,AB,mono,mono,highfreq-before,keep,殴打；跳动；失败,击败；敲打,"n. 打, 挫败, 搏动 [化] 打浆","n. 心跳(声), 打, 敲打声, 拍子 v. 打, 拍打, 打败 a. 疲乏的, 颓废的 beat的过去式 [计] 拍…"
1651,949,laid,lay,dp,AB,mono,mono,homograph,keep,放置（lay 过去式）,放置；躺（过去式）,lay的过去式和过去分词,"vt. 放置, 产, 铺设, 布置, 提出, 平息 vi. 下蛋, 打赌 n. 位置, 层, 隐藏处 a. 世俗的, 外…"
1667,2720,pulling,pull,i,AB,mono,mono,highfreq-before,keep,拉；拖（现在分词）,拉；牵引,[计] 拉单晶的,"vt. 拉, 拖, 拔, 牵, 撕开, 吸引 vi. 拉, 拖, 拔, 有吸引力 n. 拉, 拖, 拔, 拉力, 牵引力…"
1668,5361,throwing,throw,i,AB,mono,mono,highfreq-before,keep,扔；抛（现在分词）,扔；投掷,n. 投掷,"vt. 投, 掷, 抛, 发射, 摔下, 匆匆穿上(或脱下), 抛弃, 摆脱 vi. 丢, 掷, 抛 n. 投掷, 掷骰…"
1675,5211,tied,tie,d,AB,mono,mono,highfreq-before,keep,系；绑（tie 过去式）,系；捆绑,v. 系（tie的过去式和过去分词）,"n. 带子, 线, 鞋带, 领带, 领结, 关系, 束缚, 平局, 不分胜负 vt. 系, 打结, 扎, 约束, 与..…"
1684,5745,riding,ride,i,AB,mono,mono,highfreq-before,keep,骑；乘（现在分词）,骑；乘坐,"n. 骑, 乘车, 乘, 骑术, 骑马","n. 骑马, 乘坐, 乘车, 搭便车 vt. 骑, 乘坐, 压迫, 控制 vi. 骑马, 乘车, 漂游"
1685,24055,scoffs,scoff,3,AB,mono,mono,highfreq-before|suspect-target,keep,嘲笑；讥讽（第三人称单数）,嘲笑；讥讽,"v. 嘲笑, 嘲弄( scoff的第三人称单数 )","n. 嘲笑, 愚弄, 笑柄, 食品 v. 嘲笑, 嘲弄, 贪吃, 狼吞虎咽地吃"
1689,4950,bags,bag,s,AB,mono,mono,highfreq-before,keep,袋子；包（复数）,包；袋子,n. 许多,"n. 袋子, 袋状物 vt. 使膨大, 装袋, 猎获"
1714,5997,hunting,hunt,i,AB,mono,mono,highfreq-before,keep,打猎；搜寻（现在分词）,搜寻；打猎；追捕,"n. 狩猎, 猎狐, 探求 [计] 寻找平衡; 寻找","n. 狩猎, 追捕, 搜寻, 猎区 vt. 狩猎, 打猎, 搜索 vi. 打猎, 猎食, 搜寻"
1719,6399,woke,wake,p,AB,mono,mono,highfreq-before,keep,觉醒的；警觉的,醒来；唤醒,wake的过去式和过去分词,"vt. 叫醒, 激发 vi. 醒来, 醒着, 觉醒, 活跃起来 n. 守侯, 守夜, 尾迹, 痕迹"
1721,2680,winning,win,i,AB,mono,mono,highfreq-before,keep,获胜的；迷人的,赢；获胜,"n. 胜利, 获得, 成功, 赢得物 a. 得胜的, 胜利的","vt. 赢得, 打胜, 成功 vi. 获胜, 达到, 影响 n. 胜利, 赢, 收益"
1722,5754,falls,fall,3,AB,mono,mono,highfreq-before|homograph,keep,瀑布；跌落（fall的复数/三单）,落下；跌倒；下降,n. 瀑布；陨石,"n. 落下, 瀑布, 采伐量, 下降, 落差, 降低, 堕落, 秋天 vi. 倒下, 落下, 来临, 失守, 阵亡, 下…"
1722,602,falls,fell,3,B,mono,mono,src-b-only|homograph,keep,瀑布；跌落（fall的复数/三单）,跌倒（fall的过去式）,n. 瀑布；陨石,"vt. 击倒 n. 一季所伐的木材, 折缝 a. 凶猛的, 可怕的 fall的过去式"
1726,1757,convinced,convince,d,B,loan,loan,src-b-only|highfreq-before,keep,确信的；被说服的,说服；使信服,"a. 确信的, 深信的","vt. 说服, 使相信 [法] 使确信, 使信服, 使人认识错误"
1731,5754,fallen,fall,d,AB,mono,mono,highfreq-before,keep,倒下的；堕落的,落下；跌倒；下降,"a. 堕落的, 落下来的, 陷落的 fall的过去分词","n. 落下, 瀑布, 采伐量, 下降, 落差, 降低, 堕落, 秋天 vi. 倒下, 落下, 来临, 失守, 阵亡, 下…"
1737,3398,tires,tire,3,AB,mono,mono,highfreq-before,keep,轮胎（tire的复数）；使疲倦,使疲倦；疲劳,n. 轮胎（tire的复数）,"n. 轮胎, 头饰 vt. 使疲倦, 使厌烦, 打扮 vi. 疲劳, 厌倦"
1740,587,americans,american,s,AB,proper,proper,lemma-proper,keep,美国人（American的复数）,美国的；美国人,n. 美国人（American的复数形式）,"n. 美国人 a. 美国的, 美洲的"
1741,8319,notes,note,s,AB,loan,mono,highfreq-before,keep,笔记；便条（note的复数）,笔记；便条,"n. 票据；注释, 说明（note复数）","n. 笔记, 记录, 注解, 票据, 符号, 显要, 注重, 便笺, 照会 vt. 记录, 注解, 注意"
1755,8124,steps,step,s,AB,mono,mono,highfreq-before,keep,台阶；步骤（step的复数）,踏；踩；迈步,n. （楼外的）台阶；步伐；步幅；步数,"n. 步骤, 步, 步幅, 脚步声, 踏级, 步伐, 短距离, 步态, 手段, 等级 vt. 踏, 以步测量, 跨步, …"
1759,12000,files,file,s,AB,loan,,highfreq-before,keep,文件；档案（file的复数）,文件；档案；行列,n. 文件；文档（file的复数）,"n. 档案, 公文箱, 文件夹, 文件, 卷宗, 锉刀 vi. 列队行进, 用锉刀做 vt. 归档, 申请, 锉, 琢磨…"
1763,8106,carried,carry,dp,AB,loan,mono,highfreq-before,keep,携带；搬运（carry的过去式）,携带；搬运；承载,a. 入神的；被运的；忘我的,"n. 进位, 射程, 运载 vt. 携带, 运送, 支持, 传送, 包含 vi. 被携带, 能达到 [计] 进位; 进位…"
1770,5310,brains,brain,s,AB,mono,mono,highfreq-before,keep,大脑；智力（brain的复数）,大脑；头脑,"n. 智力, 脑髓 [法] 智能, 智囊",n. 脑 vt. 打碎脑部
1783,5994,marks,mark,s,AB,mono,mono,highfreq-before,keep,记号；分数（mark的复数）,注意；标记；打分,"n. 标记, 记号；唛头, 分数；台面标志","n. 标志, 分数, 马克, 痕迹, 斑点, 靶子, 刻度, 记号, 符号, 戳记, 标准, 起跑线 vt. 做标记于,…"
1803,8034,blew,blow,p,AB,mono,mono,highfreq-before,keep,blow 的过去式；吹,吹；刮（风）,blow的过去式和过去分词,"n. 吹, 打击, 殴打, 花开 v. 吹, 风吹, 吹响, 开花"
1804,5916,talks,talk,s,AB,mono,mono,highfreq-before,keep,会谈；谈话（复数）,谈话；讨论,n. 会谈,"n. 谈话, 交谈, 会谈, 讲话, 演讲, 空谈, 谣言, 方言, 语言 vi. 讲话, 演讲, 说话, 谈话, 交流…"
1814,5283,knees,knee,s,AB,mono,mono,highfreq-before,keep,膝盖（复数）,膝盖；膝关节,n. 膝( knee的复数形式 ); 膝盖; （裤子的）膝部; 坐下时)大腿朝上的面,"n. 膝, 膝盖 vt. 膝行, 用膝盖碰"
1817,3564,staring,stare,i,AB,mono,mono,highfreq-before,keep,凝视；盯着看,凝视；盯着看,"a. 凝视的, 瞪着眼的, 显眼的","vi. 注视, 凝视, 瞪视, 显眼 vt. 盯 n. 凝视"
1818,8397,chances,chance,s,AB,loan,mono,highfreq-before,keep,机会；可能性（复数）,机会；可能性；偶然,n. 机会( chance的名词复数 ); 偶然; 风险; 某事发生的可能性,"n. 机会, 意外, 可能性 vi. 偶然发生 vt. 冒险"
1819,9569,circumstances,circumstance,s,AB,loan,loan,highfreq-before,keep,情况；环境（复数）,情况；环境,"[法] 事件, 事项, 详细情节","n. 环境, 状况, 事件"
1837,8322,tests,test,s,AB,loan,mono,highfreq-before,keep,测试；考试（复数）,测验；考试,n. 测验（test的复数）,"n. 测试, 试验, 化验, 检验, 考验, 甲壳 vt. 测试, 试验, 化验 vi. 接受测验, 进行测试"
1838,5676,rocks,rock,s,AB,mono,mono,highfreq-before,keep,岩石（复数）；摇滚乐,岩石；石头,"n. 岩石, 岩礁；岩石礁石（rock复数形式）","n. 岩石, 岩礁, 石头, 基石, 暗礁, 摇动, 摇滚乐 vt. 摇摆, 摇动, 使摇晃, 使动摇 vi. 摇, 摇…"
1842,2947,connected,connect,d,AB,loan,loan,highfreq-before,keep,连接的；有联系的,连接；联系,"a. 连接的, 连贯的, 有联系的, 关联的, 连结的, 有关系的 [计] 连接的","v. 连接, 联合, 联系"
1844,2712,pushed,push,p,AB,loan,mono,highfreq-before,keep,推（过去式）；推动,推；推动,"a. 拮据的, 紧张的, 没空的, 忙","n. 推, 推动, 奋斗, 攻击, 进取心 vt. 推, 推动, 使伸出, 推行, 逼迫, 增加 vi. 推, 推进, …"
1846,2704,closing,close,i,AB,loan,mono,highfreq-before,keep,结束的；关闭的,近的；关闭,n. 结束 a. 结束的,"n. 结束, 完结 a. 靠近的, 亲近的, 亲密的, 严密的, 关闭的, 狭窄的, 秘密的 vt. 关, 结束, 使靠…"
1854,8100,leading,lead,i,AB,mono,mono,highfreq-before,keep,主要的；领先的,带领；领导；通向,"n. 领导, 指挥, 神示, 铅板 a. 领导的, 主要的, 在前的","n. 铅, 铅条, 领导, 超前量, 领引, 榜样, 主角, 导线 vt. 引导, 带领, 领导, 指挥, 致使, 加铅…"
1857,4535,engaged,engage,d,AB,loan,loan,highfreq-before,keep,已订婚的；忙于的,从事；吸引；订婚,"a. 忙碌的, 使用中的","vi. 答应, 从事, 交战 vt. 使忙碌, 雇佣, 预定, 使从事于, 使参加"
1859,2682,charming,charm,i,AB,loan,loan,highfreq-before,keep,迷人的；有魅力的,魅力；咒语,"a. 迷人的, 有吸引力的","n. 吸引力, 魔力, 符咒 vt. 迷住, 使陶醉, 行魔法 vi. 用符咒, 有魅力"
1861,5937,learning,learn,i,AB,mono,mono,highfreq-before,keep,学习；学问,学习；得知；学会,"n. 学问, 学识, 学习 [计] 学习",vt. 学习；认识到；得知
1876,8235,workers,worker,s,AB,mono,mono,highfreq-before,keep,工人（复数）,工人；工作者；劳动者,"n. 工人, 人员；角色（worker复数形式）","n. 工人, 劳动者 [经] 工人, 劳工, 劳动者"
1877,4271,bored,bore,p,B,mono,mono,src-b-only|highfreq-before,keep,无聊的；厌烦的,使厌烦；钻孔,a. 无聊的；烦人的；无趣的,"n. 令人讨厌的人, 激浪, 枪膛, 孔 vt. 使烦扰, 钻孔 vi. 钻孔 bear的过去式 [计] 内径; 孔径"
1879,5922,understanding,understand,i,AB,mono,mono,highfreq-before,keep,理解；谅解,理解；明白；懂,"n. 理解, 谅解 [法] 协商, 协议, 谅解","vt. 理解, 了解, 领会, 听说, 懂 vi. 懂得, 认为"
1880,2476,beeps,beep,s,AB,mono,mono,highfreq-before,keep,嘟嘟声（复数）,嘟嘟声,n. 哔哔声( beep的名词复数 ) v. 嘟嘟响( beep的第三人称单数 ),"n. 短而尖的声音, 嘟 v. 嘟嘟响"
1882,4567,gasping,gasp,i,AB,mono,mono,highfreq-before,keep,喘气；急促呼吸,喘气；倒抽气,"a. 痉挛的, 阵发性的","n. 喘气 vi. 喘气, 喘息, 渴望 vt. 气喘吁吁地说"
1891,16600,bastards,bastard,s,AB,loan,,highfreq-before|suspect-target,keep,私生子；混蛋（复数）,私生子；混蛋（贬义）,n. 私生子( bastard的复数形式 ); 坏蛋; 讨厌的事物; 麻烦事 （认为别人走运或不幸时说）家伙,"n. 私生子, 劣货 a. 私生的, 杂种的, 不合标准的"
1893,8100,leads,lead,3,AB,mono,mono,highfreq-before,keep,领导；通向（第三人称单数）,带领；领导；通向,n. 领导者；引线；管道（lead的复数）,"n. 铅, 铅条, 领导, 超前量, 领引, 榜样, 主角, 导线 vt. 引导, 带领, 领导, 指挥, 致使, 加铅…"
1895,8034,blows,blow,s,AB,mono,mono,highfreq-before,keep,吹；打击（第三人称单数）,吹；刮（风）,n. 吹；管乐器声；疾风（blow的复数）,"n. 吹, 打击, 殴打, 花开 v. 吹, 风吹, 吹响, 开花"
1898,2167,customers,customer,s,AB,loan,loan,highfreq-before,keep,顾客（复数）,顾客；客户,n. 客户；顾客（customer的复数）,n. 消费者 [化] 顾客
1903,6773,troops,troop,s,AB,loan,loan,highfreq-before,keep,部队；军队（复数）,部队；一群,"n. 军队, 装甲部队, 骑兵队, 部队","n. 军队, 一群, 一队 vi. 群集, 结队, 成群而行"
1908,12186,sobbing,sob,i,AB,mono,mono,highfreq-before,keep,啜泣；呜咽,啜泣；呜咽,[医] 呜咽,"vi. 啜泣, 呜咽 vt. 哭诉, 哭得使 n. 啜泣, 呜咽"
1920,6249,sports,sport,s,AB,loan,mono,highfreq-before,keep,运动（复数）,运动；体育,"n. (英)运动会, 运动的, 适用于运动的, 运动会的, 与运动会有关的","n. 运动, 游戏, 娱乐, 消遣, 玩笑 a. 运动的, 户外穿戴的 vi. 游戏, 参加体育运动, 戏弄, 产生变种…"
1927,5934,remembered,remember,p,AB,loan,mono,highfreq-before,keep,记得；想起（过去式）,记得；想起；记住,"v. 记得, 牢记( remember的过去式和过去分词 ); 纪念; 记着; 回想起","vt. 记得, 回忆起, 记住, 铭记, 纪念 vi. 记得"
1932,2253,wings,wing,s,AB,mono,mono,highfreq-before,keep,翅膀（复数）,翅膀；侧翼,"n. 舞台两侧, 侧景","n. 翅膀, 翼, 机翼, 派别 vt. 给...装上翼, 飞过, 使飞, 空运, 增加...速度 vi. 飞行"
1933,10360,growling,growl,i,AB,mono,mono,highfreq-before,keep,低吼；咆哮,咆哮；低吼,"a. 咆哮的, 隆隆响的","n. 吠声, 咆哮声 v. 怒吠, 咆哮, 吼"
1934,5361,thrown,throw,d,AB,mono,mono,highfreq-before,keep,扔；抛（过去分词）,扔；投掷,throw的过去分词,"vt. 投, 掷, 抛, 发射, 摔下, 匆匆穿上(或脱下), 抛弃, 摆脱 vi. 丢, 掷, 抛 n. 投掷, 掷骰…"
1936,16300,exhales,exhale,3,AB,loan,,highfreq-before|suspect-target,keep,呼气；呼出（第三人称单数）,呼出，呼气,"v. 呼出, 发散出( exhale的第三人称单数 ); 吐出（肺中的空气、烟等）, 呼气","v. 呼气, 发出, 散发"
1941,5355,hitting,hit,i,AB,mono,mono,highfreq-before,keep,打；击中,打；击中,n. 压缩；拉伸；击中,"n. 打击, 打, 冲撞, 讽刺 vt. 打, 打击, 碰撞, 打中, 袭击, 偶然碰上 vi. 打, 打中, 打击, …"
1943,12000,studying,study,i,AB,loan,,highfreq-before,keep,学习；研究,研究；学习；仔细察看,v. 学习；研究（study的ing形式）,"n. 学习, 研究, 学科, 论文, 求学, 书房, 试作 vt. 学习, 读书, 研究, 考虑, 计划 vi. 学习,…"
1951,3318,skills,skill,s,AB,loan,loan,highfreq-before,keep,技能（复数）,技能；技巧,n. 技术；技能；技巧（skill的复数形式）,"n. 技术, 技巧, 技能, 熟练, 熟练工人 [化] 技能"
1959,8376,setting,set,i,AB,mono,mono,highfreq-before,keep,环境；背景；设置,放置；规定；一套；一局,"n. 环境, 背景, 布景, 镶嵌, 调整, 沉落, 一副餐具 [计] 设置","n. 日落, 同伙, 组合, 集合, 装置 vt. 放, 安置, 放置, 设定, 使凝结, 点燃, 确定, 点缀, 使就…"
1970,2624,stands,stand,3,AB,mono,mono,highfreq-before,keep,站立；忍受（第三人称单数）,站立；立场,n. 看台；架子；货摊（stand的复数）,"n. 站立, 站住, 停顿, 讲台, 看台, 立场, 法院证人席 vi. 站, 立, 坐落, 停滞, 位于, 坚持, 维…"
1975,4282,disappointed,disappoint,p,B,loan,loan,src-b-only|highfreq-before,keep,失望的；沮丧的,使失望,a. 失望的,vt. 使失望
1981,2090,fellas,fella,s,AB,mono,mono,highfreq-before,keep,小伙子们；伙伴们,家伙；小伙子,"n. 伙计们, 小伙子们; <俚>伙伴, 伙计, 小伙子( fella的复数形式 )","n. 小伙子；[俚]伙伴, 伙计"
1987,8034,blowing,blow,i,AB,mono,mono,highfreq-before,keep,吹；刮（现在分词）,吹；刮（风）,[机] 吹制,"n. 吹, 打击, 殴打, 花开 v. 吹, 风吹, 吹响, 开花"
1991,5949,whispering,whisper,i,AB,mono,mono,highfreq-before,keep,低语；耳语（现在分词）,低语；耳语；私下说,"n. 低语, 私语, 耳语, 流言, 谣言, 沙沙声, 飒飒声 a. 传播流言蜚语的","n. 耳语, 密谈, 谣传, 沙沙声 vi. 耳语, 密谈, 沙沙地响 vt. 低声说"
2004,3097,abandoned,abandon,d,AB,loan,loan,highfreq-before,keep,被遗弃的；废弃的,抛弃；放弃,"a. 被抛弃的, 无约束的, 恣意放荡的","vt. 放弃, 抛弃, 遗弃, 使屈从, 沉溺, 放纵 n. 放任, 无拘束, 狂热"
2005,6243,cutting,cut,i,AB,mono,mono,highfreq-before,keep,切；割（现在分词）,切；剪,"n. 切断, 切下, 路堑 [化] 切屑","n. 切口, 割伤, 降低, 切, 割, 砍, 削, 伤口, 削减, 缩短, 删节, 通路 a. 经切割的, 缩减的 v…"
2008,4479,barking,bark,i,AB,mono,mono,highfreq-before,keep,吠叫（现在分词）,树皮；吠声,"[机] 去皮, 剥皮","n. 树皮, 吠声 vi. 吠, 叫骂 vt. 喊出, 剥树皮"
2012,4942,embarrassing,embarrass,i,B,loan,loan,src-b-only|highfreq-before,keep,令人尴尬的,使尴尬；使窘迫,"a. 令人为难的, 麻烦的","vt. 使困窘, 使局促不安, 阻碍"
2034,5940,teaching,teach,i,AB,mono,mono,highfreq-before,keep,教学；教导,教；教授；教导,"n. 教学, 学说, 教导","vt. 教, 讲授, 教导, 教育 vi. 教书, 教学, 可以教"
2037,6411,hurting,hurt,i,AB,mono,mono,highfreq-before,keep,伤害；疼痛（现在分词）,疼痛；伤害,v. 弄痛( hurt的现在分词 ); 使受伤; 使伤心; 使受皮肉之苦,"n. 伤害, 创伤, 损害 v. 伤害, (使)伤心, 危害, 刺痛"
2038,8328,counting,count,i,AB,loan,mono,highfreq-before,keep,数数；计算（现在分词）,数；计算,n. 计算 [医] 计数,"vt. 计算, 视为 vi. 计数 n. 计算, 合计, 计数, 伯爵 [计] 计数"
2039,5850,drew,draw,p,AB,mono,mono,highfreq-before,keep,画；拉（draw的过去式）,拉；拖；吸引；画,draw的过去式,"vi. 拉, 拖, 拔剑 vt. 拖拉, 挨近, 领取, 打成平局, 引导, 抽签决定, 画, 描写, 制订, 草拟, …"
2042,5355,hits,hit,3,AB,mono,mono,highfreq-before,keep,热门歌曲；点击量,打；击中,n. 击打；网页点击数；采样数（hit的复数）,"n. 打击, 打, 冲撞, 讽刺 vt. 打, 打击, 碰撞, 打中, 袭击, 偶然碰上 vi. 打, 打中, 打击, …"
2046,3547,threatened,threaten,d,AB,mono,mono,highfreq-before,keep,受到威胁的；濒危的,威胁；恐吓,a. 受到威胁的 v. 威胁(threaten的过去分词),"vt. 恐吓, 威胁, 预示...的凶兆 vi. 威胁, 恫吓, 可能来临"
2049,2262,mixed,mix,d,AB,loan,loan,highfreq-before,keep,混合的；混杂的,混合；搅拌,"a. 混合的, 形形色色的, 弄糊涂的 [计] 混合的","n. 混合物, 混乱, 糊涂 vt. 使混合, 弄混, 使结合, 混淆 vi. 相混合, 交往, 参与"
2052,13000,subtitles,subtitle,s,AB,loan,,highfreq-before,keep,字幕；副标题,副标题；字幕,"n. 说明字幕, 印在外国影片上的对白翻译字幕, 译文对白字幕",n. 副标题
2054,2680,wins,win,3,AB,mono,mono,highfreq-before,keep,赢；获胜（第三人称单数）,赢；获胜,abbr. 视窗网际网路名称服务（Windows Internet Name Server）,"vt. 赢得, 打胜, 成功 vi. 获胜, 达到, 影响 n. 胜利, 赢, 收益"
2056,6273,chasing,chase,i,AB,loan,mono,highfreq-before,keep,追逐；追求（现在分词）,追逐；追赶,[建] 周镂,"n. 追求, 狩猎, 追逐 vt. 追捕, 追逐, 雕刻, 在...上镶嵌宝石 vi. 追赶, 奔跑"
2069,8115,approaching,approach,i,AB,loan,mono,highfreq-before,keep,接近；靠近（现在分词）,接近；靠近；着手处理,v. 进场；侵入；接近（approach的ing形式）,"n. 接近, 入门 vt. 接近, 近似, 找...商量 vi. 靠近"
2071,5562,trusted,trust,d,AB,mono,mono,highfreq-before,keep,可信的；受信任的,信任；信赖,a. 可信的；受信任的,"n. 信任, 信赖, 相信, 受托, 职责, 信心, 托拉斯 a. 信托的, 托拉斯的 vt. 信赖, 信任, 相信, …"
2072,2632,jumped,jump,p,AB,mono,mono,highfreq-before,keep,跳；跳跃（过去式）,跳；跃升,v. 跳跃（jump的过去分词）,"n. 跳跃, 跳动, 暴涨, 惊跳 vt. 跳跃, 跃过, 突升, 使跳跃 vi. 跳跃, 跳, 跳动, 暴涨 [计] …"
2079,2640,swimming,swim,i,AB,mono,mono,highfreq-before,keep,游泳（现在分词）,游泳,"n. 游泳, 眩晕","n. 游泳, 漂浮, 潮流, 眩晕 vi. 游泳, 游, 漂浮, 浸, 覆盖, 充溢, 大量拥有, 旋转, 眩晕 vt.…"
2084,5214,bound,bind,d,AB,mono,mono,highfreq-before|homograph,keep,必定的；受约束的,捆绑；束,"n. 跃, 回跳, 范围, 边界 a. 受约束的, 装有封面的, 有义务的, 关联的, 被束缚的, 准备去...的, 便…","vt. 绑, 约束, 装订, 包扎, 使结合 vi. 凝固, 有约束力 [计] 赋值, 绑定"
2088,4864,accused,accuse,d,AB,loan,loan,highfreq-before,keep,指控；指责（过去式）,指控；指责,n. 被告,"vt. 指责, 控告, 归咎于 vi. 指责, 控告"
2089,7863,guts,gut,3,B,mono,mono,src-b-only|highfreq-before,keep,内脏；勇气,肠子；内脏；勇气,"n. 飞碟游戏（比赛双方每组5人, 相距15码, 互相掷接飞碟）；内脏；狭道；[口语]贪食者（gut的复数）","n. 剧情, 内容, 内脏, 肚子, 海峡, 勇气 vt. 取出内脏, 毁坏...的内部"
2097,3338,clicks,click,s,AB,mono,mono,highfreq-before,keep,点击；咔嗒声（复数）,点击；发出咔嗒声,n. 点击数；滴答声（click的复数）,"n. 咔哒声, 啪嗒声 vi. 作咔哒声 vt. 使发咔哒声 [计] 单击"
2102,3000,impressed,impress,d,B,loan,,src-b-only|highfreq-before,keep,印象深刻的；钦佩的,使印象深刻；使铭记,a. 外加的；印象深刻的；了不起的；受感动的,"n. 印象, 特征, 印记 vt. 使有印象, 印, 铭刻, 传送, 影响, 强征 vi. 给人印象"
2110,6306,rolling,roll,i,AB,loan,mono,highfreq-before,keep,滚动；翻滚（现在分词）,滚动；翻滚,"a. 旋转的, 波动的, 起伏的 n. 旋转, 轰响, 动摇","n. 卷, 滚动, 名单, 案卷, 压路机 vi. 滚, 滚动, 飘流, 起伏, 卷, 绕 vt. 使滚动, 卷, 绕"
2115,2285,cheating,cheat,i,AB,mono,mono,highfreq-before,keep,作弊；欺骗（现在分词）,欺骗；作弊,[经] 行骗,"n. 欺骗, 作弊, 骗子 v. 欺骗, 逃脱, 骗取"
2121,5546,frightened,frighten,d,B,mono,mono,src-b-only|highfreq-before,keep,害怕的，受惊的,使害怕；吓唬,"a. 受惊吓的, 受惊的, (非正式)害怕...的",vt. 使惊吓 vi. 惊恐
2135,5061,boots,boot,s,AB,loan,mono,highfreq-before,keep,靴子（boot 复数）,靴子；长靴,n. （英）擦靴的仆役；靴子（boot的复数）,"n. 长靴, 踢, 解雇, 效用 vt. 使穿靴, 踢, 解雇, 有用 [计] 引导, 自举"
2140,963,germans,german,s,AB,proper,proper,lemma-proper,keep,德国人（German 复数）,德国的；德国人,"n. 德国人, 德语( German的名词复数 ); [医]德国人; [人名] 杰曼斯","n. 德国人, 德语 a. 德国的, 德国人的, 德国语的, 同父母的"
2148,12500,refused,refuse,p,AB,loan,,highfreq-before,keep,拒绝（refuse 过去式）,拒绝,a. 遭拒绝的,"vt. 拒绝, 谢绝 vi. 拒绝 n. 废物 a. 扔掉的, 无用的"
2163,5919,believes,believe,3,AB,mono,mono,highfreq-before,keep,相信；认为（believe 三单）,相信；认为,v. 信仰；相信；认为（believe的三单形式）,v. 相信
2165,4942,embarrassed,embarrass,p,B,loan,loan,src-b-only|highfreq-before,keep,尴尬的；难堪的,使尴尬；使窘迫,a. 尴尬的；窘迫的,"vt. 使困窘, 使局促不安, 阻碍"
2174,12100,protecting,protect,i,AB,loan,,highfreq-before,keep,保护（protect 现在分词）,保护,v. 保护( protect的现在分词 ); 防护; 投保; 关税保护,"vt. 防卫, 保护, 警戒 [法] 庇护, 保护, 警戒"
2176,4515,kidnapped,kidnap,d,AB,mono,mono,highfreq-before,keep,绑架（kidnap 过去式）,绑架,[电影]历劫孤星,"vt. 绑架, 诱拐, 拐骗 [法] 拐带, 诱拐, 绑架"
2183,8118,entered,enter,p,AB,loan,mono,highfreq-before,keep,进入；输入（enter 过去式）,进入；参加；输入,a. 进入的,"vt. 进入, 参加, 开始, 输入, 回车 vi. 进去, 参加 [计] 输入, 回车"
2187,2305,degrees,degree,s,AB,loan,loan,highfreq-before,keep,度；度数；学位（degree 复数）,程度；学位；度,"n. 角度, 学历；度数（degree的复数）","n. 程度, 度数, 学位, 度 [医] 度, 程度"
2201,6390,wounded,wound,d,AB,mono,mono,highfreq-before,keep,受伤的,伤口；创伤,"a. 受伤的 [法] 受伤者; 受伤的, 受了损害的","n. 创伤, 伤口, 伤疤, 伤害, 痛苦 vt. 伤害, 损害, 使受伤 vi. 打伤, 伤害 wind的过去式和过去…"
2232,6039,costs,cost,s,AB,loan,mono,highfreq-before,keep,费用；成本,成本；费用；代价,n. 费用；诉讼费；损失（cost的复数）,"n. 代价, 价值, 费用 vi. 花费 vt. 使失去, 值, 使花费"
2248,2255,arranged,arrange,d,AB,loan,loan,highfreq-before,keep,安排；整理,安排；整理,a. 安排的,"v. 安排, 排列, 达成协议 [计] 重排"
2249,7770,suits,suit,3,AB,loan,mono,highfreq-before,keep,西装；套装,套装；西服,n. 西服；套装；讼案（suit的复数）,"n. 套装, 诉讼, 请求, 起诉, 套, 组 vt. 适合, 使适应 vi. 合适, 相称"
2275,8226,bills,bill,s,AB,loan,mono,highfreq-before,keep,账单；钞票；法案,账单；法案；钞票,n. 账单；议案（bill的复数）,"n. 帐单, 清单, 钞票, 鸟嘴, 广告, 法案, 票据 vt. 开帐单, (用招贴)宣布"
2287,3174,betrayed,betray,d,AB,mono,loan,highfreq-before,keep,背叛；出卖,背叛；出卖,v. 对…不忠( betray的过去式和过去分词 ); 背叛; 出卖; 泄露,"vt. 出卖, 背叛, 辜负, 暴露 [法] 出卖, 背叛, 泄漏"
2294,7638,burns,burn,s,AB,proper,mono,highfreq-before,keep,伯恩斯（姓氏）；烧伤,烧焦,n. 络腮胡子,"vt. 烧, 烧毁, 烧伤 vi. 燃烧, 发热, 烧毁 n. 烧伤, 烙印"
2300,6315,beaten,beat,d,AB,mono,mono,highfreq-before,keep,打败；敲打（beat 过去分词）,击败；敲打,"a. 被打败了的, 筋疲力竭的, 敲平的, 踏平的 beat的过去分词","n. 心跳(声), 打, 敲打声, 拍子 v. 打, 拍打, 打败 a. 疲乏的, 颓废的 beat的过去式 [计] 拍…"
2307,5412,coughing,cough,i,AB,mono,mono,highfreq-before,keep,咳嗽,咳嗽,v. 咳嗽( cough的现在分词 ); （从喉咙或肺中）咳出; （突然）发出刺耳的噪音,n. 咳嗽 vi. 咳嗽 vt. 咳出
2312,5850,drawing,draw,i,AB,mono,mono,highfreq-before,keep,图画；绘画,拉；拖；吸引；画,"n. 图画, 制图, 拉 [计] 绘图","vi. 拉, 拖, 拔剑 vt. 拖拉, 挨近, 领取, 打成平局, 引导, 抽签决定, 画, 描写, 制订, 草拟, …"
2317,5346,touching,touch,i,AB,mono,mono,highfreq-before,keep,感人的；动人的,触摸；接触,"a. 动人的, 令人同情的","n. 触觉, 碰, 触, 机灵, 轻触, 格调, 少许, 缺点, 弹力 vt. 接触, 触摸, 触及, 使接触, 达到,…"
2326,39507,footsteps,footstep,s,AB,mono,mono,highfreq-before|suspect-target,keep,脚步声；足迹（复数）,脚步；足迹,n. 步距；脚步（footstep的复数形式）,"n. 脚步, 脚步声, 足迹"
2329,2500,pretending,pretend,i,AB,loan,,highfreq-before,keep,假装；伪装,假装；自称,v. 假装；伪装（pretend的现在分词）,"v. 假装, 伪称, 自命, 自称"
2352,5145,wore,wear,p,AB,mono,mono,highfreq-before,keep,穿；戴（wear 过去式）,穿；戴；穿着,wear的过去式和过去分词,"n. 穿着, 戴, 使用, 耗损, 服装, 耐久性 vt. 穿着, 戴, 留(须、发等), 呈现, 磨损, 磨成, 耗损…"
2353,7456,surrounded,surround,d,AB,loan,loan,highfreq-before,keep,包围；环绕,包围；环绕,a. 被…环绕着的,"vt. 包围, 环绕, 围绕 n. 围绕物"
2360,6753,charged,charge,d,AB,loan,loan,highfreq-before,keep,充电；指控；收费,冲锋；指控,"a. 充满强烈感情的, 带电的, 气氛紧张的","n. 指控, 费用, 冲锋, 电荷, 炸药, 主管, 被托管人, 命令 vt. 控诉, 加罪于, 使充满, 使充电, 使…"
2377,7159,greetings,greeting,s,AB,mono,mono,highfreq-before,keep,问候；致意,问候；招呼,n. 问候; 招呼( greeting的复数形式 ); 问候; 祝贺; 祝词,"n. 祝贺, 问候"
2390,6255,teams,team,s,AB,mono,mono,highfreq-before,keep,团队；队伍,队；团队,"n. 团队, 参赛队伍（team的复数形式）","n. 队, 组 vt. 把马(牛)套在同一辆车上, 把...编成一组 vi. 驾驶卡车, 协作"
2392,5949,whispers,whisper,s,AB,mono,mono,highfreq-before,keep,低语；耳语,低语；耳语；私下说,v. 低声说( whisper的第三人称单数 ); 私语; 小声说; 私下说,"n. 耳语, 密谈, 谣传, 沙沙声 vi. 耳语, 密谈, 沙沙地响 vt. 低声说"
2398,5329,carlos,carlo,s,AB,proper,proper,lemma-proper|highfreq-before,keep,卡洛斯（人名）,卡洛（男子名）,n. 卡洛斯（男子名）,n. 卡洛（男子名）
2406,5736,waves,wave,s,AB,mono,mono,highfreq-before,keep,波浪；挥手,波浪；挥手,n. 波（wave的复数形式）,"n. 波, 波浪, 波动, 起伏, 高潮, 潮涌, 挥手致意, (气压)突变 vi. 波动, 飘动, 挥手示意, 起伏 …"
2415,6290,related,relate,d,AB,loan,loan,highfreq-before,keep,相关的；有亲属关系的,关联；讲述,"a. 讲述的, 叙述的；有关系的, 有关联的","vt. 讲, 叙述, 使互相关联 vi. 有关, 符合, 相处得好"
2421,6234,sounded,sound,p,AB,loan,mono,highfreq-before,keep,听起来；发出声音,声音；响声,vbl. 听起来,"n. 声音, 语音, 吵闹, 声调, 听力范围, 探条, 海峡 a. 健全的, 可靠的, 合理的, 健康的, 彻底的, …"
2426,5586,worries,worry,s3,AB,mono,mono,highfreq-before,keep,担心；烦恼,担心；烦恼,"n. 忧虑, 担心；烦恼","n. 担心, 烦恼, 忧虑, 苦恼, 撕咬 vt. 使烦恼, 使焦虑, 使苦恼, 困扰, 折磨, 撕咬 vi. 烦恼, …"
2431,5661,landing,land,i,AB,mono,mono,highfreq-before,keep,着陆；楼梯平台,陆地；土地,"n. 登陆, 码头, 降落 [经] 上岸, 登陆, 降落","n. 陆地, 地面, 地界, 地产, 国土, 土地 vi. 登陆, 登岸, 到达 vt. 使上岸, 使登陆, 使到达 […"
2436,5691,fields,field,s,AB,mono,mono,highfreq-before,keep,田野；领域,田地；领域,"n. 域, 字段；场设置（field复数形式）","n. 领域, 田地, 场地, 战场, 场, 域 vt. 使...晒在场上, 使上场 a. 田间的, 野生的, 野外的, …"
2437,12300,recording,record,i,AB,loan,,highfreq-before,keep,录音；记录,记录，记载；录制,"a. 记录的, 记录用的 n. 录音","n. 记录, 履历, 档案, 审判记录, 最高纪录, 唱片 vt. 记录, 记载, 标明, 将...录音 vi. 记录,…"
2443,12400,injured,injure,d,AB,loan,,highfreq-before,keep,受伤的,伤害，损害,"a. 受伤的, 受损害的, 被触怒的 [法] 受害的, 被害的","vt. 伤害, 损害, 使受冤屈 [医] 损伤"
2456,3674,jews,jew,s,AB,proper,proper,lemma-proper|highfreq-before,keep,犹太人（复数）,犹太人,"n. 犹太人, 犹太教（Jew的复数形式）","n. 犹太人, 守财奴, 犹太教信徒 vt. 欺骗, 杀价"
2460,2701,citizens,citizen,s,AB,loan,loan,highfreq-before,keep,公民（复数）,公民；市民,n. 市民；公民（citizen的复数）,"n. 市民, 公民 [法] 公民, 国民, 市民"
2472,15000,raped,rape,d,AB,loan,,highfreq-before,keep,强奸（rape 的过去式）,掠夺，强夺；油菜,vbl. 强暴,"n. 抢夺, 掠夺, 强奸, 葡萄渣, 芸苔 vt. 掠夺, 抢夺, 强奸"
2475,5538,satisfied,satisfy,d,B,loan,loan,src-b-only|highfreq-before,keep,满意的,满足；使满意,a. 感到满意的,"vt. 使满意, 满足, 符合, 使确信, 赔偿 vi. 令人满意, 替人赎罪"
2477,4853,starving,starve,i,AB,mono,mono,highfreq-before,keep,饥饿的；饿死的,挨饿；饿死,a. 挨饿的；饥饿的,"v. (使)饿死, (使)挨饿"
2478,3555,documents,document,s,AB,loan,loan,highfreq-before,keep,文件（复数）,文件；文档,n. 文档（document的复数形式）,"n. 文件, 公文, 文档 vt. 证明, 为...引证 [计] 文档"
2483,8199,banks,bank,s,AB,loan,mono,highfreq-before,keep,银行（复数）；河岸,银行；岸；库,"n. 银行；斜床；岸, 堤（bank的复数形式）","n. 银行, 堤, 岸 [医] 库"
2485,1070,timing,time,i,B,mono,mono,src-b-only,?,时机；计时,时间；次数；计时,"n. 时间选择, 时间测定, 定时, 调速 [计] 定时器时钟","n. 时间, 时侯, 时机, 时期, 期限, 次数, 节拍, 暂停, 规定时间 vt. 测定...的时间, 记录...的…"
2486,4842,stones,stone,s,AB,mono,mono,highfreq-before,keep,石头（复数）,石头；果核；宝石,n. 小石头；石子（stone的复数）,"n. 石头, 宝石, 果核, 纪念碑, 结石 vt. 投扔石子, 铺石头 a. 石的, 石制的, 完全的"
2488,8031,frozen,freeze,d,AB,mono,mono,highfreq-before,keep,冰冻的；冻结的,结冰；冻住；冻结,"a. 冻结的, 冰冷的, 严寒的, 冻伤的, 冷酷的 freeze的过去分词","vi. 冻结, 冷冻, 僵硬, 楞住 vt. 使结冰, 使冻住, 使呆住 n. 结冰, 凝固 [计] 冻结"
2501,3592,determined,determine,d,AB,loan,loan,highfreq-before,keep,坚定的；坚决的,决定；确定,"a. 坚决的, 已下决心的","v. 决定, 决心"
2502,8034,blown,blow,d,AB,mono,mono,highfreq-before,keep,吹（blow 的过去分词）,吹；刮（风）,"a. 吹制的, 喘气的, 开着花的 blow的过去分词","n. 吹, 打击, 殴打, 花开 v. 吹, 风吹, 吹响, 开花"
2505,8070,cleared,clear,d,AB,loan,mono,highfreq-before,keep,清除（clear 的过去式）,晴朗的；清晰的；透明的,v. 使干净；清除（clear的过去分词）,"a. 清楚的, 明确的, 澄清的 adv. 清晰地 vt. 澄清, 清除障碍 vi. 放晴, 变清澈 n. 空隙 [计]…"
2512,12500,cigarettes,cigarette,s,AB,loan,,highfreq-before,keep,香烟（复数）,香烟,"n. 纸烟, 香烟( cigarette的复数形式 )","n. 香烟, 纸烟"
2521,6390,wounds,wound,s,AB,mono,mono,highfreq-before,keep,伤口；创伤,伤口；创伤,"n. 枪伤, 伤处（wound复数）","n. 创伤, 伤口, 伤疤, 伤害, 痛苦 vt. 伤害, 损害, 使受伤 vi. 打伤, 伤害 wind的过去式和过去…"
2525,4812,drank,drink,p,AB,mono,mono,highfreq-before,keep,喝（drink 过去式）,喝；饮酒；饮料,drink的过去式,"n. 饮料, 酒 v. 喝, 喝酒"
2533,6063,owns,own,3,AB,mono,mono,highfreq-before,keep,拥有（第三人称单数）,拥有；占有,n. 属于自己的东西（own的复数）,"n. 自己的 a. 自己的, 嫡亲的, 同胞的 vt. 拥有, 支配, 自认, 承认, 顺从于 vi. 承认, 供认"
2534,4947,boxes,box,s,AB,mono,mono,highfreq-before,keep,盒子；箱子（复数）,盒子；箱,"n. 小木箱, 盒子","n. 盒子, 箱, 方框, 一巴掌 vt. 装...入盒中, 装箱, 打耳光 vi. 拳击 [计] 方框"
2536,3453,developed,develop,d,AB,loan,loan,highfreq-before,keep,发展；开发（过去式）,发展；开发,a. 发达的（国家或地区）；成熟的,"vt. 发展, 使发达, 进步, 洗印, 显影 vi. 发展, 生长"
2544,5880,dropping,drop,i,AB,mono,mono,highfreq-before,keep,掉落；下降（现在分词）,落下；掉下；下降,"n. 点滴, 滴下, 落下 [医] 跛行步态","n. 滴, 微量, 落下, 空投 vi. 放下, 掉下, 下降 vt. 使滴下, 放下, 丢失, 遗漏 [计] 投入, …"
2563,8322,testing,test,i,AB,loan,mono,highfreq-before,keep,测试；检验,测验；考试,"n. 测试 a. 吃力的, 试验的","n. 测试, 试验, 化验, 检验, 考验, 甲壳 vt. 测试, 试验, 化验 vi. 接受测验, 进行测试"
2571,12000,figures,figure,s,AB,loan,,highfreq-before,keep,数字；人物（复数）,形状，图形；数字；人物,"n. 图形, 图表；价格, 金额, 数字；规定动作；人物（figure的复数）","n. 数字, 价格, 图形, 形状 vt. 描绘, 表示, 演算, 认为 vi. 计算, 出现, 估计"
2575,5661,landed,land,p,AB,mono,mono,highfreq-before,keep,着陆；登陆（过去式）,陆地；土地,"a. 拥有土地的, 有田地的 [法] 不动产的, 拥有土地的, 地皮的","n. 陆地, 地面, 地界, 地产, 国土, 土地 vi. 登陆, 登岸, 到达 vt. 使上岸, 使登陆, 使到达 […"
2576,3058,buzzing,buzz,i,B,mono,mono,src-b-only|highfreq-before,keep,嗡嗡叫（现在分词）,嗡嗡声；嘈杂,"a. 嗡嗡响的, 营营响的 [电] 发蜂音","n. 嗡嗡声, 流言 vi. 发出嗡嗡声, 说闲话 vt. 使嗡嗡叫, 散布"
2579,8275,annoying,annoy,i,AB,loan,loan,highfreq-before,keep,烦人的；讨厌的,使恼怒；打扰,"a. 恼人的, 讨厌的","vt. 使恼怒, 骚扰"
2612,6009,earned,earn,d,AB,mono,mono,highfreq-before,keep,赚得；赢得（过去式）,赚得；挣得；赢得,a. 挣得的,"vt. 赚得, 获得, 博得 [计] 欧州科学研究网"
2622,12300,instructions,instruction,s,AB,loan,,highfreq-before,keep,指示；说明（复数）,指示；说明；教导,n. 指令；说明（instruction的复数形式）,"n. 指令, 教导, 命令 [计] 指令"
2624,5586,worrying,worry,i,AB,mono,mono,highfreq-before,keep,令人担忧的,担心；烦恼,"a. 使人烦恼的, 忧虑重重的","n. 担心, 烦恼, 忧虑, 苦恼, 撕咬 vt. 使烦恼, 使焦虑, 使苦恼, 困扰, 折磨, 撕咬 vi. 烦恼, …"
2638,8256,lessons,lesson,s,AB,loan,mono,highfreq-before,keep,课；教训（复数）,课；教训,n. 功课( lesson的名词复数 ); 课程; 教训; 一堂课,"n. 课, 课业, 教训"
2640,8376,sets,set,s,AB,loan,mono,highfreq-before,keep,套；集合（复数）,放置；规定；一套；一局,"n. 集合, 设置（set的复数）","n. 日落, 同伙, 组合, 集合, 装置 vt. 放, 安置, 放置, 设定, 使凝结, 点燃, 确定, 点缀, 使就…"
2650,6195,classes,class,s,AB,loan,mono,highfreq-before,keep,班级；课程（复数）,班级；课堂,"n. 级别, 阶级（class复数形式）","n. 班级, 阶级, 种类, 课 vt. 分类 [计] 类别; 类; 种类; 类程"
2658,5739,flies,fly,s3,AB,mono,mono,highfreq-before,keep,苍蝇（复数）,飞；飞行；乘飞机,n. 裤子前面的开口,"n. 苍蝇, 两翼昆虫, 飞行 vi. 飞, 飞翔, 飘扬, 逃走 vt. 飞, 飞越, 使飘扬, 逃出 a. 敏捷的"
2661,5196,hid,hide,pd,AB,mono,mono,highfreq-before,keep,隐藏（过去式）,兽皮；皮革,hide的过去式和过去分词,"n. 兽皮, 迹象, 躲藏处 vt. 藏, 隐瞒, 遮避, 剥...的皮, 隐藏 vi. 躲藏 [计] 隐藏"
2662,13168,wailing,wail,i,AB,loan,mono,highfreq-before,keep,哀号；恸哭（现在分词）,哀号；恸哭,"v. 哭叫, 哀号( wail的现在分词 ); 沱","n. 恸哭, 哀号, 嚎啕, 呼啸(声) vi. 恸哭, 呼啸, 悲叹, 哀号, 嚎啕"
2663,5952,listened,listen,p,AB,mono,mono,highfreq-before,keep,听（过去式）,听；倾听；听从,v. 倾听( listen的过去式和过去分词 ); 留心听; 听信; （让对方注意）听着,"vi. 听, 倾听, 听从 n. 听, 倾听"
2666,4242,rats,rat,s,AB,mono,mono,highfreq-before,keep,老鼠（复数）,大鼠,int. [俚]胡说；瞎扯,"n. 鼠, 卑鄙的人, 破坏者, 变节者 vi. 捕鼠, 变节 vt. 弄蓬松"
2667,5928,wondered,wonder,p,AB,mono,mono,highfreq-before,keep,想知道；惊奇（过去式）,想知道；纳闷,vt. 对…感到好奇（wonder的过去式与过去分词形式）,"n. 奇迹, 惊奇, 惊愕 vt. 惊奇, 想知道 vi. 惊讶, 怀疑"
2676,5349,holds,hold,3,AB,mono,mono,highfreq-before,keep,拿着；举行（三单）,拿；握住,v. 保存；把握（hold的第三人称单数）,"n. 把握, 把持力, 柄, 控制, 掌握, 监禁 vt. 保存, 握住, 拿住, 占据, 持有, 拥有 vi. 支持,…"
2677,5739,flew,fly,p,AB,mono,mono,highfreq-before,keep,飞（过去式）,飞；飞行；乘飞机,fly的过去式,"n. 苍蝇, 两翼昆虫, 飞行 vi. 飞, 飞翔, 飘扬, 逃走 vt. 飞, 飞越, 使飘扬, 逃出 a. 敏捷的"
2681,4854,dishes,dish,s,AB,mono,mono,highfreq-before,keep,菜肴；盘子,盘；菜肴；碟,n. 餐具,"n. 盘子, 碟, 菜肴 [医] 皿, 碟"
2686,4256,screeching,screech,i,AB,mono,mono,highfreq-before,keep,尖叫；发出刺耳声,尖叫；发出刺耳声,v. 发出尖叫声( screech的现在分词 ); 发出粗而刺耳的声音; 高叫,"n. 尖声喊叫, 尖叫声, 煞车声 vt. 尖声讲 vi. 发出尖声"
2690,9755,moaning,moan,i,AB,mono,mono,highfreq-before,keep,呻吟；抱怨,呻吟；抱怨,"v. 呻吟, 悲叹( moan的现在分词 ); 抱怨; 发出萧萧声","n. 呻吟, 悲叹 vi. 呻吟, 抱怨, 悲叹 vt. 呻吟着说"
2696,5595,clouds,cloud,s,AB,mono,mono,highfreq-before,keep,云（复数）,云；云状物,"n. 云彩, 白云（cloud复数形式）","n. 云, 阴暗, 烟雾, 疑团 vt. 以云遮敝, 笼罩, 使黯然 vi. 乌云密布, 阴沉"
2697,5751,slipped,slip,p,AB,mono,mono,highfreq-before,keep,滑倒；溜走（过去式）,滑倒；溜走；滑落,a. 打滑的,"n. 滑, 滑行, 事故, 溜, 差错, 滑台, 下降, 插条, 后裔, 板条, 瘦长的年轻人 vi. 滑动, 滑倒, …"
2718,6015,pays,pay,3,AB,loan,mono,highfreq-before,keep,支付；值得,支付；付款；给予,n. 报酬（pay的复数）；（法）国家,"n. 薪资, 付款, 补偿 vt. 支付, 付清, 补偿, 偿还, 对...有利, 为...涂防水物 vi. 付款, 付…"
2739,4487,gambling,gamble,i,AB,mono,mono,highfreq-before,keep,赌博,赌博；冒险,n. 赌博,"n. 赌博, 冒险 v. 赌博, 孤注一掷"
2753,7680,tastes,taste,s,AB,mono,mono,highfreq-before,keep,味道；品味,品尝,"n. 体验( taste的名词复数 ); 滋味; 味觉; 风味 v. 尝, 品尝, 尝到( taste的第三人称单数 )…","n. 味道, 品味, 味觉, 感受, 体验, 爱好, 审美, 少量 vt. 尝, 察觉...的味道, 体会 vi. 品尝…"
2754,5421,cared,care,p,AB,mono,mono,highfreq-before,keep,关心；在乎（过去式）,关心；在乎,v. 关心( care的过去式和过去分词 ); 担心; 在乎; 介意,"n. 小心, 照料, 忧虑 vi. 关心, 介意 vt. 在意, 喜欢"
2757,34212,whirring,whir,i,AB,mono,mono,highfreq-before|suspect-target,keep,呼呼作响,呼呼声；嗡嗡声,"v. 呼呼作声地飞（或转）, 作呼呼声( whir的现在分词 ); 使呼呼地飞（或转）, 呼地一声把…带走; 呼呼声( …","n. 呼呼声, 飕飕声 vi. 作呼呼声, 发飕飕声 vt. 使呼呼响"
2760,5892,grabbed,grab,p,AB,mono,mono,highfreq-before,keep,抓住；抢夺（过去式）,抓住；抢夺；攫取,v. 攫取；捕获；强夺；匆忙地做（grab的过去分词形式）,"n. 抓握, 掠夺, 强占, 东方沿岸帆船 vi. 抓取, 抢去 vt. 攫取, 捕获, 霸占"
2763,8127,wheels,wheel,s,AB,mono,mono,highfreq-before,keep,轮子（复数）；车轮,转动；推动；盘旋,n. 旋转；车轮（wheel的复数）,"n. 轮子, 车轮, 轮, 方向盘, 旋转, 机构, 重要人物 vt. 使旋转, 转动, 使转向 vi. 旋转, 转弯,…"
2770,6315,beats,beat,3,AB,mono,mono,highfreq-before,keep,打；跳动（第三人称单数）,击败；敲打,n. 音乐节拍；差拍振动；心脏跳动（beat的复数）,"n. 心跳(声), 打, 敲打声, 拍子 v. 打, 拍打, 打败 a. 疲乏的, 颓废的 beat的过去式 [计] 拍…"
2772,3547,threatening,threaten,i,AB,mono,mono,highfreq-before,keep,威胁的；危险的,威胁；恐吓,"a. 胁迫的, 危险的 [法] 威胁的, 恐吓的, 危险的","vt. 恐吓, 威胁, 预示...的凶兆 vi. 威胁, 恫吓, 可能来临"
2778,6078,shared,share,d,AB,mono,mono,highfreq-before,keep,分享；共有（过去式）,股份；份额；一份,a. 共享的,"n. 部分, 参与, 一份, 参股, 份额 vt. 均分, 分担, 分享, 分配, 共有 vi. 分享 [计] 共享; …"
2780,3000,consequences,consequence,s,AB,loan,,highfreq-before,keep,后果；结果（复数）,后果；重要性,n. 重要（性）( consequence的复数形式 ); 结果; 重要地位; 因果关系,"n. 结果, 重要性 [法] 结果, 后果, 推断"
2782,6192,schools,school,s,AB,loan,mono,highfreq-before,keep,学校（复数）,学校,n. 学校（school的复数形式）,"n. 学校, 鱼群, 门派, 学派 vt. 教育, 训练, 培养 vi. 成群地游"
2788,12000,studies,study,s3,AB,loan,,highfreq-before,keep,学习；研究（第三人称单数）,研究；学习；仔细察看,n. 研究；学习；学业（study的复数）,"n. 学习, 研究, 学科, 论文, 求学, 书房, 试作 vt. 学习, 读书, 研究, 考虑, 计划 vi. 学习,…"
2790,12100,protected,protect,d,AB,loan,,highfreq-before,keep,保护（过去式/过去分词）,保护,a. 受保护的,"vt. 防卫, 保护, 警戒 [法] 庇护, 保护, 警戒"
2793,2909,punished,punish,d,AB,loan,loan,highfreq-before,keep,惩罚（过去式/过去分词）,惩罚；处罚,未受处罚的,"vt. 处罚, 惩罚, 严厉对待 vi. 惩罚"
2795,29412,fascinating,fascinate,i,B,loan,loan,src-b-only|highfreq-before|suspect-target,keep,迷人的；极有趣的,使着迷；吸引,"a. 迷人的, 吸引人的, 使人神魂颠倒的","vt. 令人入神, 使着迷 vi. 入迷"
2802,10115,exhausted,exhaust,d,AB,loan,loan,highfreq-before,keep,精疲力竭的,使精疲力尽；耗尽,a. 耗尽的；疲惫的,"n. 排气, 排气装置, 废气 vt. 抽完, 用尽, 耗尽, 使精疲力尽 vi. 排气"
2818,3669,emotions,emotion,s,AB,loan,loan,highfreq-before,keep,情感；情绪（复数）,情感；情绪,n. 情绪；情感（emotion的复数形式）,"n. 情绪, 激动, 强烈的情感 [医] 情绪, 情感"
2827,6204,deeper,deep,r,AB,mono,mono,highfreq-before,keep,更深的,深的；深刻的,a. 更深,"a. 深的 adv. 深入地 n. 深渊, 深处"
2829,5358,kicking,kick,i,AB,mono,mono,highfreq-before,keep,踢（现在分词）,踢；踹,n. 踢腿；反撞,"n. 踢, 反冲, 后座力, 凹底 vi. 踢, 反抗, 反冲 vt. 踢, 反冲"
2836,8250,teachers,teacher,s,AB,mono,mono,highfreq-before,keep,教师（复数）,老师；教师,n. 教师（teacher的复数形式）,"n. 教师, 老师, 导师"
2839,5853,dragged,drag,p,AB,mono,mono,highfreq-before,keep,拖；拉（过去式/过去分词）,拖；拉；拽,v. 制动；拖动；打滑；松懈,"n. 拖, 拖累 v. 拖累, 拖拉, 沉重缓慢地走, 拖动 [计] 拖动"
2843,3723,compared,compare,d,AB,loan,loan,highfreq-before,keep,比较（compare的过去式）,比较；对比,"a. 比较的, 对照的（compare的过去式和过去分词）","vt. 比较, 比喻, 对照 vi. 相比 n. 比较 [计] 比较"
2872,12500,suspects,suspect,s,AB,loan,,highfreq-before,keep,嫌疑人（suspect的复数）,怀疑，猜想,v. 猜疑（是）( suspect的第三人称单数 ); 怀疑; 不信任; 怀疑…有罪,"n. 被怀疑者, 嫌疑犯 a. 令人怀疑的, 不可信的, 可疑的 v. 怀疑, 猜想"
2874,8334,tools,tool,s,AB,mono,mono,highfreq-before,keep,工具（tool的复数）,工具,"n. 工具, 工具菜单；工具箱（tool的复数形式）","n. 工具, 机床, 傀儡 vt. 用工具加工 vi. 使用工具"
2875,5742,driven,drive,d,AB,mono,mono,highfreq-before,keep,有干劲的；被驱动的,驾驶；开车；驱动,a. 有紧迫感的 drive的过去分词,"n. 驾车, 快车道, 推进力, 驱动, 动力, 击球, 驱动器 vt. 开车, 驱使, 推动, 驾驶 vi. 开车, …"
2887,6535,humming,hum,i,AB,mono,mono,highfreq-before,keep,哼唱；嗡嗡作响,哼唱；发出嗡嗡声,"a. 发嗡嗡声的, 哼着唱的, 精力旺盛的, 热气腾腾的, (酒)起泡的 [电] 交流声","n. 嗡嗡声, 哼声, 杂声 vi. 发低哼声 vt. 哼, 用哼声表示 interj. 哼, 嗯"
2889,5742,drives,drive,3,AB,mono,mono,highfreq-before,keep,驾驶（drive的第三人称单数）,驾驶；开车；驱动,n. 驱动器；驱动力；驱动程序（drive的复数形式）,"n. 驾车, 快车道, 推进力, 驱动, 动力, 击球, 驱动器 vt. 开车, 驱使, 推动, 驾驶 vi. 开车, …"
2896,8301,painted,paint,d,AB,loan,mono,highfreq-before,keep,画；涂（paint的过去式）,颜料；油漆,"a. 描画的, 着色的, 刷上油漆的, 涂脂抹粉的, 矫揉造作的","n. 油漆, 颜料, 绘画作品, 涂漆 vt. 油漆, 绘, 画, 描绘, 装饰, 点缀 vi. 绘画, 涂漆"
2900,5925,guessing,guess,i,AB,mono,mono,highfreq-before,keep,猜测；猜想,猜测；认为,v. 猜( guess的现在分词 ); （引出令人惊奇或激动的事）你猜; 猜对; 猜中,"n. 猜测, 臆测 v. 猜测, 臆测"
2905,5148,dressing,dress,i,AB,loan,mono,highfreq-before,keep,调料；敷料；穿衣,穿衣；打扮,"n. 调味品, 穿衣, 化妆 [化] 追肥","n. 服装, 覆盖物 vi. 穿着 vt. 给...穿衣, 整理"
2906,8654,attached,attach,d,AB,loan,loan,highfreq-before,keep,附加的；依恋的,附上；连接；重视,"a. 附加的；依恋的, 充满爱心的","vt. 附上, 使依附, 使附属, 使喜爱, 系, 缚 vi. 附属, 归属, 联系在一起 [计] 挂接服务器命令, 关…"
2912,3200,required,require,d,AB,loan,loan,highfreq-before,keep,需要；要求（require的过去式）,需要；要求,a. 必需的,"vt. 需要, 命令, 要求 [法] 需要, 要求, 命令"
2914,3715,twins,twin,s,AB,mono,mono,highfreq-before,keep,双胞胎（twin的复数）,双胞胎之一；孪生的,"n. 双子座, 双子宫","n. 双胞胎中一人, 一对非常相像的人(或物)中的一个 a. 双胞胎的, 成对的, 孪生的 vi. 生双胞胎, 成对 v…"
2916,4866,cooked,cook,d,AB,mono,mono,highfreq-before,keep,烹饪（cook的过去式）,烹调；煮；厨师,"a. 精疲力竭的, 被揍得昏厥的, 未达到目的就完蛋的, 喝醉了的","n. 厨子, 厨师 vt. 烹调, 煮饭, 加热 vi. 在煮着"
2922,3512,stabbed,stab,d,AB,mono,mono,highfreq-before,keep,刺；戳（stab的过去式）,刺；戳,v. 刺穿；刺伤（stab的过去式和过去分词）,"n. 刺, 戳, 剧痛, 尝试, 努力 vt. 刺, 戳, 刺入, 刺痛, 直入, 使伤心 vi. 刺, 刺伤"
2928,6078,sharing,share,i,AB,mono,mono,highfreq-before,keep,分享；共享（share的现在分词）,股份；份额；一份,"[计] 共享, 公用","n. 部分, 参与, 一份, 参股, 份额 vt. 均分, 分担, 分享, 分配, 共有 vi. 分享 [计] 共享; …"
2939,7878,nerves,nerve,s,AB,loan,mono,highfreq-before,keep,神经；紧张（nerve的复数）,神经；勇气；胆量,"n. 神经质, 神经紧张","n. 精神, 勇气, 叶脉, 神经 vt. 鼓起勇气"
2942,3497,relatives,relative,s,AB,loan,loan,highfreq-before,keep,亲戚；亲属（relative的复数）,亲戚；相对的,n. 亲属；[语法学]关系词（relative的复数）,"n. 亲戚, 关系词 a. 有关系的, 相对的, 比较的"
2943,5073,gloves,glove,s,AB,mono,mono,highfreq-before,keep,手套（glove的复数）,手套；分指手套,n. 手套（glove的复数）,n. 手套 vt. 给...戴手套
2948,6200,separated,separate,d,AB,loan,,highfreq-before,keep,分开；分离（separate的过去式）,分开，分离；隔开,a. 分居；分开的；不在一起生活的,"n. 独立件, 抽印本 a. 分开的, 各别的, 单独的, 分隔的 vi. 分开, 隔开, 分居 vt. 使分离, 使分…"
2961,4938,plates,plate,s,AB,loan,mono,highfreq-before,keep,盘子；板（plate的复数）,盘子；板,n. 板材；平板；盘子（plate的复数）,"n. 碟, 盘子, 盆中物, 金属板, 图版, 金银餐具, 印版, 金属牌(照) vt. 镀金, 电镀, 用金属板固定,…"
2962,5274,shoulders,shoulder,s,AB,mono,mono,highfreq-before,keep,肩膀（shoulder的复数）,肩膀,n. 肩部；肩膀（shoulder的复数）,"n. 肩, 肩膀, 衣肩 vt. 肩负, 负担, 担任 vi. 用肩推挤"
2963,7638,burnt,burn,d,AB,mono,mono,highfreq-before,keep,烧焦的；烧伤的,烧焦,burn的过去式和过去分词,"vt. 烧, 烧毁, 烧伤 vi. 燃烧, 发热, 烧毁 n. 烧伤, 烙印"
2964,12300,recorded,record,d,AB,loan,,highfreq-before,keep,记录；录音（record的过去式）,记录，记载；录制,a. 记录的,"n. 记录, 履历, 档案, 审判记录, 最高纪录, 唱片 vt. 记录, 记载, 标明, 将...录音 vi. 记录,…"
2966,8328,counts,count,s,AB,loan,mono,highfreq-before,keep,数；计算；重要（count的第三人称单数）,数；计算,"n. 计数, 支数（count的复数形式）","vt. 计算, 视为 vi. 计数 n. 计算, 合计, 计数, 伯爵 [计] 计数"
2971,3643,visitors,visitor,s,AB,loan,loan,highfreq-before,keep,访客；游客（visitor的复数）,访问者；游客,"n. 访问者, 游客（visitor 复数）","n. 参观者, 游客, 访客 [法] 视察人, 检视人, 检查员"
2986,6318,fights,fight,s,AB,mono,mono,highfreq-before,keep,打架；战斗（fight的第三人称单数）,打架；战斗,v. 战斗( fight的第三人称单数 ); 斗争; 打架; 吵架,"n. 打架, 争吵, 斗志 v. 对抗, 打架"
2987,1560,indians,indian,s,AB,proper,proper,lemma-proper,keep,印度人；印第安人（Indian的复数）,印度的；印第安人的,n. 印第安人；印度人（Indian的复数）,"n. 印度人, 印第安人, 印第安语 a. 印度的, 印度群岛的, 印第安语的"
2989,10360,growls,growl,s,AB,mono,mono,highfreq-before,keep,咆哮；低吼（growl的第三人称单数）,咆哮；低吼,"v. （动物）发狺狺声, （雷）作隆隆声( growl的第三人称单数 ); 低声咆哮着说","n. 吠声, 咆哮声 v. 怒吠, 咆哮, 吼"
2997,4645,occurred,occur,p,AB,loan,loan,highfreq-before,keep,发生（occur的过去式）,发生；出现,v. 发生（occur的过去分词）,"vi. 发生, 被想到, 存在"
2998,4314,beans,bean,s,AB,mono,mono,highfreq-before,keep,豆；豆类（bean的复数）,豆；豆荚；豆类植物,n. 豆子；豆类；黄豆（bean的复数）,n. 豆子 [化] 油嘴; 豆
2999,8247,pages,page,s,AB,loan,mono,highfreq-before,keep,页；页面（page的复数）,页；页面,n. 页数；青年侍从（page的复数）,"n. 页, 记录, 事件, 专栏, 男侍 vt. 标明...的页数, 翻...的书页, 分页排版, 呼叫, 侍候 vi.…"
3004,5364,catching,catch,i,AB,mono,mono,highfreq-before,keep,传染性的；有感染力的,抓住；接住,"a. 易传染的, 有魅力的, 吸引人的","n. 捕捉, 陷阱, 捕捉之物, 抓, 拉手 vt. 捕捉, 赶上, 感染, 听清楚 vi. 抓住, 燃着"
3013,7704,buildings,building,s,AB,mono,mono,highfreq-before,keep,建筑物（复数）,建筑物；楼房,n. 建筑物（building的复数）,"n. 建筑物, 建筑 [法] 营造, 建筑, 建筑物"
3014,5382,shaking,shake,i,AB,mono,mono,highfreq-before,keep,摇动；颤抖,摇动；抖动,"n. 摇动, 挥动 [医] 震动法(一种按摩法); 摇动, 振荡","n. 摇动, 震动 vt. 摇动, 动摇, 使震动, 挥舞 vi. 震动, 发抖, 动摇"
3019,5850,drawn,draw,d,AB,mono,mono,highfreq-before,keep,画；拉（draw 过去分词）,拉；拖；吸引；画,a. 拔出的 draw的过去分词,"vi. 拉, 拖, 拔剑 vt. 拖拉, 挨近, 领取, 打成平局, 引导, 抽签决定, 画, 描写, 制订, 草拟, …"
3020,8973,tits,tit,s,AB,mono,mono,highfreq-before,keep,乳房（俚语）；山雀,山雀；奶头（俚）,n. 以牙还牙( tit的复数形式 ); <古>小马; 山雀; 奶头,"n. 山雀, 打击, 轻佻女人, 奶头, 按钮 [医] 三碘甲状腺氨酸"
3021,3338,clicking,click,i,AB,mono,mono,highfreq-before,keep,点击；发出咔嗒声,点击；发出咔嗒声,n. 微小静电干扰声,"n. 咔哒声, 啪嗒声 vi. 作咔哒声 vt. 使发咔哒声 [计] 单击"
3024,3220,employees,employee,s,AB,loan,loan,highfreq-before,keep,雇员（复数）,雇员；员工,n. 员工；雇员；从业人员（emploee的复数）,"n. 职员, 员工, 受雇人员 [化] 职工; 雇员"
3028,8193,feeding,fee,i,B,mono,mono,src-b-only|highfreq-before|homograph,keep,喂养；进食,费用；酬金；小费,"n. 饲养, 进料, 加料 a. 供给饲料的, 摄取食物的","n. 费用, 小费, 封地, 所有权 vt. 付费给"
3028,1105,feeding,feed,i,AB,mono,mono,homograph,keep,喂养；进食,喂养；供给,"n. 饲养, 进料, 加料 a. 供给饲料的, 摄取食物的","n. 饲料, 一餐, 饲养 vt. 喂, 饲养, 放牧, 靠...为生 vi. 吃东西, 用餐, 流入 [计] 送纸"
3031,4245,bears,bear,3,AB,mono,mono,highfreq-before,keep,忍受；承担（bear 单三）,熊,n. 空头（卖空的证券交易投机）；熊（bear的复数）,"n. 熊 vt. 忍受, 支承, 产生, 怀有, 通过卖空使跌价 vi. 忍受, 结果实, 压挤, 行进, 转向"
3035,8124,stepped,step,p,AB,mono,mono,highfreq-before,keep,踏；走（step 过去式）,踏；踩；迈步,v. 踏；行走（step的过去式和过去分词）,"n. 步骤, 步, 步幅, 脚步声, 踏级, 步伐, 短距离, 步态, 手段, 等级 vt. 踏, 以步测量, 跨步, …"
3048,25427,depressed,depress,p,B,loan,loan,src-b-only|highfreq-before|suspect-target,keep,沮丧的；萧条的,使沮丧；压低,"a. 沮丧的, 降低的 [医] 抑郁的, 阻抑的, 压低的, 凹[陷]的, 扁平的","vt. 使沮丧, 压低, 降低, 使萧条 [化] 推下"
3049,3176,potatoes,potato,s,AB,loan,loan,highfreq-before,keep,土豆（复数）,马铃薯；土豆,n. 马铃薯；土豆（potato的复数形式）,n. 马铃薯
3050,10951,resources,resource,s,AB,loan,loan,highfreq-before,keep,资源（复数）,资源；财力,n. 资源；物力（resource的复数）,"n. 资源, 财力, 办法, 策略, 急智, 消遣 [计] 资源"
3059,8237,fingerprints,fingerprint,s,AB,mono,mono,highfreq-before,keep,指纹（复数）,指纹,n. 指纹( fingerprint的名词复数 ) v. 指纹( fingerprint的第三人称单数 ),n. 指纹 vt. 采指纹
3067,8103,sends,send,3,AB,mono,mono,highfreq-before,keep,发送（send 单三）,发送；派遣；传达,vt. 发送（send第三人称单数）,"vt. 发送, 使进入, 寄, 派遣, 发射, 使陷于 vi. 寄信, 派人, 播送 n. (船的)上升运动 [计] 发…"
3073,23769,obsessed,obsess,p,B,loan,loan,src-b-only|highfreq-before|suspect-target,keep,着迷的；困扰的,使着迷；使困扰,a. 着迷的；无法摆脱的,"vt. 迷住, 使困扰"
3074,1288,russians,russian,s,AB,proper,proper,lemma-proper,keep,俄罗斯人（复数）,俄罗斯的；俄语,"n. 俄国人, 俄罗斯人, 俄语( Russian的复数形式 )","n. 俄国人, 俄语 a. 俄国的, 俄语的"
3082,5787,racing,race,i,AB,mono,mono,highfreq-before,keep,赛马；赛车,赛跑；竞速；疾驰,"n. 赛马, 赛车 [机] 空转, 急转","n. 种族, 人种, 赛跑, 比赛, 急流, 人类, 同道, 姜根 vi. 赛跑, 竞赛, 疾走 vt. 与...赛跑,…"
3091,11179,rumbling,rumble,i,AB,mono,mono,highfreq-before,keep,隆隆声,发出隆隆声,"n. 隆隆声, 辘辘声","n. 隆隆声, 辘辘声 vi. 发隆隆声, 辘辘响 vt. 使隆隆响, 低沉地说"
3104,9195,ramen,raman,s,AB,loan,proper,lemma-proper|highfreq-before,keep,拉面,拉曼，印度物理学家,n. 拉面；面条,n. 拉曼（姓氏）；拉曼（印度物理学家）
3110,5412,coughs,cough,s,AB,mono,mono,highfreq-before,keep,咳嗽（第三人称单数）,咳嗽,v. 咳嗽( cough的第三人称单数 ); （从喉咙或肺中）咳出; （突然）发出刺耳的噪音,n. 咳嗽 vi. 咳嗽 vt. 咳出
3122,10444,giggles,giggle,s,AB,mono,mono,highfreq-before,keep,咯咯笑,咯咯笑,n. 咯咯的笑( giggle的名词复数 ); 傻笑; <英·非正>玩笑; the giggles 止不住的格格笑 v.…,"v. 吃吃地笑, 咯咯地笑 n. 咯咯笑, 傻笑"
3127,3685,tons,ton,s,AB,mono,mono,highfreq-before,keep,大量；吨（复数）,吨；大量,n. 吨；大量；许多（ton的复数形式）,n. 吨 [经] 吨
3132,8118,entering,enter,i,AB,loan,mono,highfreq-before,keep,进入,进入；参加；输入,"[计] 进入, 键入, 输入, 录入","vt. 进入, 参加, 开始, 输入, 回车 vi. 进去, 参加 [计] 输入, 回车"
3141,6264,sticks,stick,s,AB,mono,mono,highfreq-before,keep,棍子（复数）,棍；棒,n. 树枝；棍；麻骨（stick复数形式）,"n. 棍, 棒, 刺, 枯枝, 茎, 条状物 vt. 插进, 刺入, 钉住, 伸出, 粘贴, 停止 vi. 粘住, 停留…"
3152,4297,sighing,sigh,i,AB,mono,mono,highfreq-before,keep,叹气,叹息；叹气,"v. 叹气, 叹息( sigh的现在分词 ); 悲鸣; 叹着气说; 叹息道","n. 叹息 vi. 叹息, 渴望 vt. 叹息着说"
3153,3950,retired,retire,p,AB,loan,loan,highfreq-before,keep,退休的,退休；撤退,"a. 隐退的, 退休的, 退役的 [经] 退休的, 已收回的","n. 隐居 vi. 引退, 退役, 退休, 退去, 撤退, 退却 vt. 使...撤退, 辞退"
3156,4742,cents,cent,s,AB,loan,loan,highfreq-before,keep,分（货币单位）,分（货币单位）,"n. 分, 一分钱的硬币( cent的复数形式 )",n. 分 [经] 美分
3158,3856,forbidden,forbid,d,AB,mono,mono,highfreq-before,keep,被禁止的,禁止；不许,"a. 被禁止的, 严禁的 forbid的过去分词","vt. 禁止, 不准, 妨碍 [法] 不许, 禁止, 阻止"
3160,5880,drops,drop,s,AB,mono,mono,highfreq-before,keep,落下（第三人称单数）,落下；掉下；下降,"n. 药水, 滴剂 [化] 滴剂","n. 滴, 微量, 落下, 空投 vi. 放下, 掉下, 下降 vt. 使滴下, 放下, 丢失, 遗漏 [计] 投入, …"
3163,5482,meters,meter,s,AB,loan,loan,highfreq-before,keep,米（复数）；仪表,米；仪表；韵律,n. 米；公尺（meter的复数形式）,"n. 米, 公尺, 仪表, 计量器 vt. 以仪表计量"
3180,12500,suspected,suspect,p,AB,loan,,highfreq-before,keep,怀疑；猜想,怀疑，猜想,a. 有嫌疑的,"n. 被怀疑者, 嫌疑犯 a. 令人怀疑的, 不可信的, 可疑的 v. 怀疑, 猜想"
3182,5857,delighted,delight,p,AB,loan,loan,highfreq-before,keep,高兴的；愉快的,高兴；愉快,"a. 高兴的, 快乐的","n. 高兴, 愉快 vt. 使高兴, 乐于 vi. 感到高兴(或愉快、快乐)"
3183,6264,sticking,stick,i,AB,mono,mono,highfreq-before,keep,粘住；坚持,棍；棒,"a. 粘的, 有粘性的 [计] 坚持性","n. 棍, 棒, 刺, 枯枝, 茎, 条状物 vt. 插进, 刺入, 钉住, 伸出, 粘贴, 停止 vi. 粘住, 停留…"
3190,6063,owned,own,d,AB,mono,mono,highfreq-before,keep,拥有；占有,拥有；占有,v. 拥有；承认（own的过去分词）,"n. 自己的 a. 自己的, 嫡亲的, 同胞的 vt. 拥有, 支配, 自认, 承认, 顺从于 vi. 承认, 供认"
3216,5757,rising,rise,i,AB,mono,mono,highfreq-before,keep,上升的；新兴的,升起；上升；起身,"n. 上升, 造反, 叛乱 a. 上升的, 高涨的, 新兴的","n. 上升, 增加, 上涨, 高地, 升高, 出现 vi. 升起, 起身, 起立, 上升, 上涨, 增长, 高耸, 起义…"
3218,6243,cuts,cut,s,AB,mono,mono,highfreq-before,keep,切；削减,切；剪,n. （分摊到的）份额；切口；近路（cut的复数）,"n. 切口, 割伤, 降低, 切, 割, 砍, 削, 伤口, 削减, 缩短, 删节, 通路 a. 经切割的, 缩减的 v…"
3225,7692,yards,yard,s,AB,mono,mono,highfreq-before,keep,码（复数）；院子,院子；庭院,n. 码数（yard复数形式）,"n. 码, 庭院, 工场 [化] 堆置场"
3229,8145,advanced,advance,d,AB,loan,mono,highfreq-before,keep,先进的；高级的,前进；推进；提前,"a. 在前的, 高级的, 先进的, 年老的 [法] 预付的, 预支的, 垫付的","n. 前进, 进展, 行过的路程 vi. 前进, 进展, 提高, 上涨 vt. 使前进, 促进, 提出, 提高, 使提前…"
3230,5145,wears,wear,3,AB,mono,mono,highfreq-before,keep,穿着；磨损,穿；戴；穿着,v. 穿着( wear的第三人称单数 ); 磨成; 使疲乏; 同意,"n. 穿着, 戴, 使用, 耗损, 服装, 耐久性 vt. 穿着, 戴, 留(须、发等), 呈现, 磨损, 磨成, 耗损…"
3231,16221,chirping,chirp,i,AB,mono,mono,highfreq-before|suspect-target,keep,鸟叫；唧唧叫,鸟叫；唧唧叫,n. 啁啾声；鸟叫声；鸣叫,"n. 喳喳声, 唧唧声 v. 吱喳而鸣"
3238,12100,assumed,assume,d,AB,loan,,highfreq-before,keep,假定；承担,假定；承担；呈现,"a. 假装的, 装的, 假定的 [法] 设想的, 假定的, 被承担的","vt. 假定, 承担, 呈现 vi. 装腔作势, 僭越"
3249,8322,tested,test,d,AB,loan,mono,highfreq-before,keep,测试（过去式）,测验；考试,"a. 经过试验的, 经受过考验的, 经验定的, 检验无病的","n. 测试, 试验, 化验, 检验, 考验, 甲壳 vt. 测试, 试验, 化验 vi. 接受测验, 进行测试"
3252,4659,roses,rose,s,AB,loan,mono,highfreq-before|homograph,keep,玫瑰（复数）,玫瑰；蔷薇,n. 玫瑰（rose的复数）,"n. 玫瑰, 蔷薇, 玫瑰色 a. 玫瑰色的, 玫瑰花的 vt. 使成玫瑰色 rise的过去式"
3254,5217,wrapped,wrap,d,AB,mono,mono,highfreq-before,keep,包裹（过去式）,包裹；缠绕,a. 有包装的,"n. 外套, 围巾, 包裹物, 限制, 约束, 秘密, 换行 vt. 包装, 卷, 缠绕, 包, 裹, 覆盖, 遮蔽, …"
3269,8403,yells,yell,3,AB,mono,mono,highfreq-before,keep,大叫（第三人称单数）,叫喊；吼叫；嚎叫,"v. 叫喊, 号叫, 叫着说( yell的第三人称单数 )","vi. 叫喊, 大叫, (齐声)呐喊欢呼 vt. 喊叫着说 n. 叫声, 喊声, 呐喊"
3272,5160,pockets,pocket,s,AB,loan,mono,highfreq-before,keep,口袋（复数）,口袋；衣兜,n. 口袋（pocket的复数）,"n. 口袋, 钱袋, 钱, 容器 vt. 装...在口袋里, 隐藏, 抑制, 私吞, 搁置, 击...入袋 a. 袖珍的…"
3281,7467,chicks,chick,s,AB,mono,mono,highfreq-before,keep,小鸡；妞（复数）,小鸡,n. 雏鸡；小鸡（chick的复数形式）,"n. 小鸡, 小鸟, 竹帘"
3294,4748,regarding,regard,i,AB,loan,loan,highfreq-before,keep,关于；至于,认为；注视；关于,prep. 关于,"n. 关心, 注意, 尊敬, 关系, 问候 vt. 视为, 注意, 考虑, 和...有关, 看待 vi. 注视, 注意"
3296,12200,aliens,alien,s,AB,loan,,highfreq-before,keep,外星人；外国人（复数）,外国的；外星人,n. 外国人( alien的名词复数 ); 外侨; 局外人; 外星人,"n. 外国人, 外侨 a. 外国的, 相异的"
3300,12800,demands,demand,s,AB,loan,,highfreq-before,keep,要求（复数）,要求；强烈请求,v. 要求( demand的第三人称单数 ); 需要; 想要知道; 查问,"n. 要求, 需求, 需要 v. 要求, 查询"
3303,4073,rangers,ranger,s,B,loan,loan,src-b-only|highfreq-before,keep,护林员；巡逻队员（复数）,护林员；巡逻员,n. 护林者( ranger的复数形式 ); <美>突击队员,"n. 王室守林人, 骑警, 漫游者"
3307,4292,passengers,passenger,s,AB,loan,loan,highfreq-before,keep,乘客（复数）,乘客；旅客,n. 乘客( passenger的名词复数 ); 旅客; 白吃饭的人; 闲散人员,"n. 乘客, 旅客 [经] 乘客, 旅客"
3312,12200,operations,operation,s,AB,loan,,highfreq-before,keep,操作；手术（复数）,操作，运行；手术,n. 运作；运营；业务操作（operation的复数）,"n. 操作, 动作, 手术, 运算, 作用, 业务 [计] 运算"
3316,8037,shining,shine,i,AB,mono,mono,highfreq-before,keep,发光；照耀（现在分词）,发光；照耀；擦亮,"a. 光亮的, 华丽的","n. 光泽, 阳光 vt. 使发光 vi. 照耀, 发光, 发亮"
3321,4515,kidnapping,kidnap,i,AB,mono,mono,highfreq-before,keep,绑架；劫持,绑架,n. 绑架；诱拐,"vt. 绑架, 诱拐, 拐骗 [法] 拐带, 诱拐, 绑架"
3325,4428,sealed,seal,d,AB,mono,mono,highfreq-before,keep,密封的；封闭的,海豹；印章,"a. 未知的, 密封的 [法] 盖印的, 经盖章批准或证实的, 密封的","n. 印章, 封条, 海豹, 海豹皮, 火漆, 封蜡, 玺, 保证, 批准, 象征, 标志 vt. 封闭, 盖印, 盖章…"
3327,5871,raising,raise,i,AB,mono,mono,highfreq-before,keep,抚养；提高,举起；提高；抚养,[机] 起油,"n. 上升, 高地, 增高 vt. 升起, 举起, 唤起, 提高, 使出现, 使复活, 提出, 筹集, 饲养"
3343,9307,chanting,chant,i,AB,loan,loan,highfreq-before,keep,吟唱；诵经,吟唱；反复呼喊,念咒,"n. 圣歌, 赞美诗 v. 吟唱, 诵扬"
3347,3430,registered,register,d,AB,loan,loan,highfreq-before,keep,已登记的；注册的,登记；注册,"a. 注册的, 登记过的, 记名的, 挂号的 [法] 已注册的, 已登记的, 挂号的","n. 寄存器, 记录, 登记簿, 注册 vt. 记录, 注册, 提示, 表达, 把...挂号 vi. 登记, 注册, 挂…"
3354,9626,ancestors,ancestor,s,AB,loan,loan,highfreq-before,keep,祖先；祖宗,祖先；祖宗,n. 祖先( ancestor的复数形式 ); 祖宗; 原型; （动物的）原种,"n. 祖先, 祖宗"
3358,3899,fried,fry,dp,AB,loan,loan,highfreq-before,keep,油炸的；煎的,油炸；煎,a. 油炸的,"n. 油炸食物, 鱼苗 v. 油炸, 煎"
3367,5922,understands,understand,3,AB,mono,mono,highfreq-before,keep,理解；明白（第三人称单数）,理解；明白；懂,"v. 懂, 理解( understand的第三人称单数 ); 了解; 默认; 听说","vt. 理解, 了解, 领会, 听说, 懂 vi. 懂得, 认为"
3368,7542,grows,grow,3,AB,mono,mono,highfreq-before,keep,生长；增长（第三人称单数）,生长；种植,v. 种植( grow的第三人称单数 ); 扩大; 扩展; 增加,"vt. 种植, 使长满 vi. 生长, 变成, 发展"
3369,7050,inspired,inspire,d,AB,loan,loan,highfreq-before,keep,受启发的；有灵感的,激励；启发,"a. 得到灵感的, 有灵感的, 官方授意的","vt. 使感动, 激发, 启示, 吸入, 鼓舞, 产生, 使生灵感 vi. 吸入, 赋予灵感"
3374,4392,bugs,bug,s,AB,mono,mono,highfreq-before,keep,虫子；漏洞（复数）,虫子；程序错误,"a. 疯狂的, 发疯的","n. 错误, 虫, 病菌, 缺陷, 窃听器, 癖好, 防盗报警器, 双座小汽车, 要人 vt. 装防盗报警器, 装窃听器…"
3377,4959,hooked,hook,d,AB,mono,mono,highfreq-before,keep,上瘾的；着迷的,钩子；挂钩,"a. 钩状的, 有钩的, 用钩针编织的","n. 钩, 钩状, 镰刀, 陷阱 vt. 挂...于钩上, 钩住, 引上钩, 偷窃 vi. 弯成钩状, 钩紧 [计] 钩"
3381,5145,worn,wear,d,AB,mono,mono,highfreq-before,keep,磨损的；疲惫的,穿；戴；穿着,"a. 用旧的, 穿旧的 wear的过去分词","n. 穿着, 戴, 使用, 耗损, 服装, 耐久性 vt. 穿着, 戴, 留(须、发等), 呈现, 磨损, 磨成, 耗损…"
3383,5661,lands,land,s,AB,mono,mono,highfreq-before,keep,土地；陆地（复数）,陆地；土地,n. 平原；平面；土地（land的复数形式）,"n. 陆地, 地面, 地界, 地产, 国土, 土地 vi. 登陆, 登岸, 到达 vt. 使上岸, 使登陆, 使到达 […"
3384,5664,grounds,ground,s,AB,mono,mono,highfreq-before,keep,场地；理由（复数）,地面；土地,"n. 场地, 庭院, 理由, 渣滓, 沉淀物","n. 土地, 战场, 场地, 地面, 范围 a. 土地的, 地面上的 vt. 放在地上, 使搁浅, 打基础, 给...以…"
3385,12100,assuming,assume,i,AB,loan,,highfreq-before,keep,假设；认为,假定；承担；呈现,"a. 傲慢的, 僭越的, 不逊的","vt. 假定, 承担, 呈现 vi. 装腔作势, 僭越"
3386,4962,nails,nail,s,AB,mono,mono,highfreq-before,keep,指甲；钉子（复数）,钉子；指甲,n. 钉子（nail的复数）,"n. 钉子, 指甲 vt. 用钉钉牢, 使固定, 截住, 揭露"
3392,3802,rumors,rumor,s,AB,loan,loan,highfreq-before,keep,谣言；传闻（复数）,谣言；传闻,n. <美>传闻( rumor的名词复数 ); [古]名誉; 咕哝; [古]喧嚷 v. <美>传闻( rumor的第三人…,"n. 谣言, 传闻 vt. 谣传"
3395,4458,ashes,ash,s,AB,mono,mono,highfreq-before,keep,灰烬；骨灰（复数）,白蜡树；灰烬,n. 骨灰 [机] 灰,"n. 灰, 灰烬 [化] 灰分"
3397,6000,misunderstanding,misunderstand,i,B,mono,,src-b-only|highfreq-before,keep,误解；误会,误解，误会,"n. 误会, 误解 [法] 误解, 误会, 不和","vt. 误解, 误会"
3408,5946,shouts,shout,s,AB,mono,mono,highfreq-before,keep,喊叫；呼喊,喊叫；大声说,"n. 呼喊, 喊叫( shout的名词复数 ); 轮到请客 v. 呼, 喊, 叫( shout的第三人称单数 ); 大声…","n. 呼喊, 喊声 vi. 呼喊, 喊叫, 嚷 vt. 高喊"
3412,6309,struggling,struggle,i,AB,loan,mono,highfreq-before,keep,挣扎；奋斗,挣扎；奋力,"a. 努力的, 奋斗的, 苦斗的","n. 斗争, 努力, 奋斗 vi. 努力, 奋斗, 挣扎"
3418,9425,honking,honk,i,AB,mono,mono,highfreq-before,keep,鸣笛；雁叫,按喇叭；鸣笛,"v. （使）发出雁叫似的声音, 鸣（喇叭）, 按（喇叭）( honk的现在分词 )","n. 雁鸣, 汽车的喇叭声 vi. 雁鸣叫, 按汽车喇叭 vt. 揿(喇叭)"
3419,12100,concerns,concern,s,AB,loan,,highfreq-before,keep,担忧；关切,涉及；关心；忧虑,n. 关注；关注点；关注者（concern的复数形式）,"n. 关心, 忧虑 vt. 与...有关, 使担心, 使挂念"
3422,5319,breasts,breast,s,AB,mono,mono,highfreq-before,keep,乳房；胸部,乳房；胸部,n. 胸脯；乳房（breast的复数）,"n. 胸部, 乳房, 胸怀 vt. 以胸对着, 面对"
3428,5931,forgetting,forget,i,AB,mono,mono,highfreq-before,keep,忘记,忘记；遗忘,v. 遗忘；忘记（forget的ing形式）,"vt. 忘记, 忽略, 忘 vi. 忘记"
3429,5307,lungs,lung,s,AB,mono,mono,highfreq-before,keep,肺,肺；肺部,n. 肺( lung的复数形式 ); 肺脏,"n. 肺, 肺脏, 空地 [医] 肺"
3454,13900,detectives,detective,s,AB,loan,,highfreq-before,keep,侦探,侦探,n. 侦探( detective的复数形式 ),n. 侦探 a. 侦探的
3460,6524,dismissed,dismiss,d,AB,loan,loan,highfreq-before,keep,解雇；驳回,解雇；驳回；解散,v. 解雇( dismiss的过去式和过去分词 ); （使击球员或球队）退场; 使退去; 驳回,"vt. 解散, 开除, 解职 vi. 解散 [计] 解散"
3477,6054,borrowed,borrow,d,AB,mono,mono,highfreq-before,keep,借；借用,借；借用；借贷,"a. 借来的, 伪造的, 虚构的","vt. 借, 借入, 借用 vi. 借 [计] 借位; 借位数"
3511,5960,roaring,roar,i,AB,mono,mono,highfreq-before,keep,咆哮的；轰响的,吼叫；咆哮,"n. 吼声, 咆哮, 怒吼 a. 风哮雨嚎的, 咆哮的, 轰鸣的, 喧哗的, 狂暴的","n. 吼, 咆哮, 轰鸣 vi. 吼, 大声说出, 叫喊, 喧闹 vt. 呼喊, 使轰鸣"
3518,22799,whimpering,whimper,i,AB,mono,mono,highfreq-before|suspect-target,keep,呜咽；抽泣,呜咽；抽泣,"v. （微弱或惊恐地）啜泣, 呜咽( whimper的现在分词 ); 啜泣或呜咽着说; 幽咽","n. 抽泣, 呜咽, 啜泣, 哭诉 vi. 呜咽, 啜泣, 抽噎地哭 vt. 呜咽着说, 啜泣着说"
3519,5013,sheets,sheet,s,AB,mono,mono,highfreq-before,keep,床单（复数）；纸张,床单；一张,"n. 被单；片材, 板片（sheet复数）","n. 床单, 张, 纸张, 印刷品, 裹尸布, 薄片 vt. 盖上被单, 遍布 vi. 大片落下 a. 片状的, 成薄片…"
3523,5241,toes,toe,s,AB,mono,mono,highfreq-before,keep,脚趾（复数）,脚趾；鞋头,n. 脚趾（toe的复数）,"n. 足趾, 趾部, 脚趾 vt. 以趾踏触, 用脚尖走 vi. 动脚尖"
3529,12300,disturbing,disturb,i,AB,loan,,highfreq-before,keep,令人不安的,打扰，扰乱,"a. 引起烦恼的, 令人不安的","vt. 扰乱, 妨碍, 使不安 [法] 滋扰, 扰乱"
3530,12300,directed,direct,d,AB,loan,,highfreq-before,keep,导演；指向（过去式）,指导，导演；指路,a. 定向的；经指导的；被控制的,"a. 直接的, 坦白的 vt. 指示, 指挥, 命令, 导演 vi. 指导, 指挥 adv. 直接地"
3566,4014,elements,element,s,AB,loan,loan,highfreq-before,keep,元素；要素,元素；要素,"n. 原理, 基础","n. 元件, 元素, 要素 [计] 部分; 成分; 单元; 码元; 元件; 元素; 单元"
3568,949,laying,lay,i,AB,mono,mono,homograph,keep,放置；产（卵）,放置；躺（过去式）,"[计] 布置, 敷设 [化] 敷设; 铺设(管道等)","vt. 放置, 产, 铺设, 布置, 提出, 平息 vi. 下蛋, 打赌 n. 位置, 层, 隐藏处 a. 世俗的, 外…"
3574,7725,handled,handle,d,AB,mono,mono,highfreq-before,keep,处理；应对,把手；柄,a. 有把手的；有把柄的,"n. 柄, 把手, 把柄, 柄状物, 手感 vt. 触摸, 运用, 买卖, 处理, 操作 vi. 搬运, 易于操纵 n.…"
3579,8220,taxes,tax,s,AB,loan,mono,highfreq-before,keep,税；税款,税；税款；负担,"n. 税务；税捐；税收, 税金","n. 税, 税款, 重负, 会费 vt. 课以税, 使负重荷, 斥责"
3588,12000,revealed,reveal,d,AB,loan,,highfreq-before,keep,揭示；透露,揭示；透露,v. 透露（reveal的过去式）；显示,"vt. 露出, 显示, 透露, 揭露, 泄露, (神)启示 n. 窗侧, 门侧"
3589,13277,infected,infect,d,AB,loan,loan,highfreq-before,keep,被感染的,感染；传染,a. 被感染的 [计] 被感染的,"vt. 传染, 感染 [医] 传染, 感染"
3590,12200,relieved,relieve,p,AB,loan,,highfreq-before,keep,宽慰的；放心的,减轻，缓解,"a. 宽慰的, 解除的, 减轻的","vt. 减轻, 救济, 解除, 使免除, 换...的班, 使得到调剂, 使不单调, 衬托, 使显著 vi. 救济, 当替…"
3596,5994,marked,mark,d,AB,mono,mono,highfreq-before,keep,显著的；有标记的,注意；标记；打分,"a. 有记号的, 显著的, 醒目的 [化] 有记号的; 显著的","n. 标志, 分数, 马克, 痕迹, 斑点, 靶子, 刻度, 记号, 符号, 戳记, 标准, 起跑线 vt. 做标记于,…"
3611,8130,floating,float,i,AB,mono,mono,highfreq-before,keep,漂浮；浮动,漂浮；浮动；飘荡,"a. 漂浮的, 浮动的, 移动的 [医] 浮动的","n. 漂流物, 浮舟, 漂浮, 浮萍, 彩车 vi. 浮动, 飘动, 散播, 摇摆, 动摇, 浮动 vt. 使漂浮, 容…"
3613,3987,located,locate,d,AB,loan,loan,highfreq-before,keep,位于；找到,定位；找到,"a. 处于, 位于；坐落的","vt. 找出, 设于, 位于 vi. 定居"
3614,12500,insisted,insist,p,AB,loan,,highfreq-before,keep,坚持；坚决要求,坚持；坚决主张,"v. 坚决宣称, 坚持认为( insist的过去式和过去分词 ); 坚决要求","v. 坚持, 坚决主张, 强调"
3618,8112,arrives,arrive,3,AB,loan,mono,highfreq-before,keep,到达；抵达,到达；抵达；到来,"v. 到达, 来( arrive的第三人称单数 ); 发生","vi. 到达, 抵达"
3644,10444,giggling,giggle,i,AB,mono,mono,highfreq-before,keep,咯咯地笑,咯咯笑,v. 咯咯地笑( giggle的现在分词 ),"v. 吃吃地笑, 咯咯地笑 n. 咯咯笑, 傻笑"
3648,22150,hercules,hercule,s,AB,proper,proper,lemma-proper|highfreq-before|suspect-target,keep,大力神；海格力斯,埃尔屈勒（人名，大力士）,"n. 赫拉克勒斯(希腊神话中大力士), 大力士, 武仙座",n. 赫居里士（希腊神话中大力神）
3688,13030,mars,mar,3,AB,proper,mono,highfreq-before,keep,火星,损坏；毁坏；玷污,"n. 火星, 战神 [医] 铁","vt. 损毁, 损伤, 糟蹋 n. 三月"
3689,12500,attracted,attract,d,AB,loan,,highfreq-before,keep,吸引；引起,吸引；引起,吸引 的兴趣 被吸引的,"vt. 吸引, 诱惑 vi. 有吸引力"
3694,12283,symptoms,symptom,s,AB,loan,loan,highfreq-before,keep,症状（复数）,症状；征兆,n. 病徵；症状；症候,"n. 症状, 征候, 征兆 [医] 症状"
3711,4224,wolves,wolf,s,AB,mono,mono,highfreq-before,keep,狼（复数）,狼,"狼, 狼皮, 残暴成性的人, 贪婪的人, 阴险狡猾的人, (贬)追逐女性的人, 色狼, 色鬼","n. 狼, 残忍贪婪之人, 极度穷困 vt. 狼吞虎咽, 大吃"
3735,589,honored,honor,p,B,loan,loan,src-b-only|homograph,keep,尊敬；给…荣誉（honor 的过去式）,荣誉；尊敬,a. 已承兑或付款的；受尊敬的,"n. 荣誉, 头衔, 信用, 尊敬, 名誉, 阁下, 勋章 vt. 尊敬, 授予荣誉, 承兑, 实践"
3735,34938,honored,honore,pd,A,loan,proper,lemma-proper|lemma-no-gloss|src-a-only|highfreq-before|homograph|suspect-target,fix-target:honor,尊敬；给…荣誉（honor 的过去式）,奥诺雷（人名）,a. 已承兑或付款的；受尊敬的,
3736,5919,believing,believe,i,AB,mono,mono,highfreq-before,keep,相信；认为（believe 的现在分词）,相信；认为,"a. 信任他人的, 有信仰的",v. 相信
3738,9966,assigned,assign,d,AB,loan,loan,highfreq-before,keep,分配；指派（assign 的过去式）,分配；指派,a. 已分配的；指定的,"vt. 分配, 指派, 赋值 [计] 赋值"
3750,5370,climbing,climb,i,AB,mono,mono,highfreq-before,keep,攀登；爬（climb 的现在分词）,爬；攀登,"a. 攀缘而登的, 上升的 n. 攀登","v. 攀登, 上升, 爬 n. 攀登, 爬升"
3752,5442,fears,fear,s,AB,mono,mono,highfreq-before,keep,恐惧；担心（fear 的复数）,恐惧；害怕,n. 恐惧；担心,"n. 恐怖, 害怕, 担心 v. 害怕, 恐惧, 为...担心, 敬畏"
3754,4500,dedicated,dedicate,d,AB,loan,,highfreq-before,keep,专注的；献身的,献身；把…献给,"a. 专注的, 献身的","vt. 献出, 贡献"
3758,7028,dining,dine,i,B,loan,loan,src-b-only|highfreq-before,keep,用餐；进餐,进餐；用餐,"n. 正餐, 宴会","vi. 用正餐, 进餐 vt. 宴请"
3765,5238,heels,heel,s,AB,mono,mono,highfreq-before,keep,脚后跟；高跟鞋（heel 的复数）,鞋跟；脚跟,[化] 残余料; 下脚料 [医] 跖沟状角皮病,"n. 脚后跟, 踵, 后部, 倾侧 vt. 尾随, 装以鞋跟, 倾侧, 追赶 vi. 紧随, 用脚后跟传球"
3775,8724,models,model,s,AB,loan,loan,highfreq-before,keep,模型；模特（model 的复数）,模型；模特儿,n. 模型( model的名词复数 ); 模特儿; 模式; 典型,"n. 模型, 模范, 模特儿 a. 模范的, 作模型用的 vi. 做模型, 做模特儿 vt. 使模仿, 塑造 [计] 模…"
3777,5419,adopted,adopt,d,AB,loan,loan,highfreq-before,keep,收养；采用（adopt 的过去式）,收养；采用,"a. 被收养的, 被采用的","vt. 采用, 正式通过, 收养, 接受 [医] 采取"
3782,4257,dings,ding,s,AB,mono,mono,highfreq-before,keep,凹痕；叮当声（ding 的复数）,叮当响；发出叮声,板材的弯折,"vi. 响, 连响, 反复告诫 vt. 反复告诉 n. 钟声"
3796,8112,arriving,arrive,i,AB,loan,mono,highfreq-before,keep,到达；抵达（arrive 的现在分词）,到达；抵达；到来,到达,"vi. 到达, 抵达"
3798,5211,ties,tie,s,AB,mono,mono,highfreq-before,keep,领带；联系（tie 的复数）,系；捆绑,n. 结,"n. 带子, 线, 鞋带, 领带, 领结, 关系, 束缚, 平局, 不分胜负 vt. 系, 打结, 扎, 约束, 与..…"
3801,5374,relations,relation,s,AB,loan,loan,highfreq-before,keep,关系；亲属,关系；亲属,"n. 交往, 关系, 事务","n. 关系, 联系, 叙述, 故事, 家属, 亲戚 [计] 关系"
3819,4980,boarding,board,i,AB,mono,mono,highfreq-before,keep,登机；寄宿,木板；董事会,n. 木板 [机] 起纹,"n. 木板, 甲板, 膳食, 会议桌 vt. 乘船, 供膳食, 用板覆盖 vi. 搭伙 [计] 板"
3825,7893,wiped,wipe,p,AB,mono,mono,highfreq-before,keep,擦拭；抹去,擦；抹；擦拭,v. 擦( wipe的过去式和过去分词 ); 拭; 擦去; 拭去,"n. 擦拭, 用力打, 凸轮 vt. 擦, 揩, 消灭, 涂上, 拭去 vi. 擦, 打"
3832,8094,twisted,twist,p,AB,mono,mono,highfreq-before,keep,扭曲的；变态的,扭；缠绕；歪曲,a. 扭曲的,"n. 一扭, 扭曲, 曲折, 歪曲, 螺旋状, 新手法 vt. 拧, 扭, 捻, 编织, 使扭转, 缠绕, 盘绕, 歪曲…"
3833,10288,suspended,suspend,d,AB,loan,loan,highfreq-before,keep,暂停；悬挂,暂停；悬挂；停职,"a. 悬浮的；暂停的, 缓期的（宣判）","vt. 悬, 吊, 使悬浮, 暂停, 中止, 推迟 vi. 暂停, 中止, 悬浮, 停止偿付债务 [计] 暂停"
3848,4908,candles,candle,s,AB,loan,mono,highfreq-before,keep,蜡烛,蜡烛；烛光,"n. 蜡烛, 烛台（candle复数形式）",n. 蜡烛 vt. 对着光检查
3864,7725,handling,handle,i,AB,mono,mono,highfreq-before,keep,处理；操作,把手；柄,n. 处理 a. 操作的,"n. 柄, 把手, 把柄, 柄状物, 手感 vt. 触摸, 运用, 买卖, 处理, 操作 vi. 搬运, 易于操纵 n.…"
3871,21898,francs,franc,s,AB,loan,loan,highfreq-before|suspect-target,keep,法郎（货币）,法郎（货币）,n. 法郎,n. 法郎
3876,12000,filed,file,d,AB,mono,,highfreq-before,keep,提交；归档,文件；档案；行列,v. [专利]申请；存档（file的过去分词形式）,"n. 档案, 公文箱, 文件夹, 文件, 卷宗, 锉刀 vi. 列队行进, 用锉刀做 vt. 归档, 申请, 锉, 琢磨…"
3879,6036,deals,deal,s,AB,mono,mono,highfreq-before,keep,交易；协议,交易；协议；待遇,n. 协约；份额；交易（deal的复数形式）,"n. 交易, 协定, 数量, 买卖, 松木板 vi. 处理, 应付, 做生意 vt. 分配, 发牌, 给予 [计] 发牌"
3880,5927,pos,po,s,AB,loan,proper,lemma-proper|lemma-no-gloss|highfreq-before,keep,肯定的；正面的,波河；邮政汇票缩写,"[计] 销售点, 位置, 正, 主操作系统","邮局, 邮政汇票 [医] 口服, 经口"
3884,5221,executed,execute,d,AB,loan,loan,highfreq-before,keep,执行；处决,执行；处决,v. 执行（法令）( execute的过去式和过去分词 ); （按计划或设计）作成; 履行; 演（戏）,"vt. 执行, 实行, 完成, 处死, 制成 [计] 执行"
3885,5019,brakes,brake,s,AB,mono,mono,highfreq-before,keep,刹车；制动器,刹车；制动器,n. 刹车系统；制动；刹车（brake的复数）,"n. 刹车, 阻碍, 丛林 v. 刹车"
3902,5964,doubts,doubt,s,AB,loan,mono,highfreq-before,keep,怀疑；疑虑,怀疑；不信,"n. 怀疑, 疑虑( doubt的名词复数 ); 未确定 v. 怀疑, 疑惑( doubt的第三人称单数 )","n. 怀疑, 疑惑 v. 怀疑, 不信"
3907,4360,established,establish,d,AB,loan,loan,highfreq-before,keep,已确立的；著名的,建立；确立,"a. (被)建立的, 固定的, 既定的, 确定的, 确认的, 确立的, (被)制定的 [计] 确定的, 既定的","vt. 建立, 确立, 制定 vi. 移植生长"
3915,12186,sobs,sob,s,AB,mono,mono,highfreq-before,keep,啜泣；呜咽,啜泣；呜咽,"n. 啜泣（声）, 呜咽（声）( sob的名词复数 ) v. 哭泣, 啜泣( sob的第三人称单数 ); 哭诉, 呜咽地…","vi. 啜泣, 呜咽 vt. 哭诉, 哭得使 n. 啜泣, 呜咽"
3924,5642,published,publish,d,AB,loan,loan,highfreq-before,keep,出版；发表,出版；发表,a. 已发布的,"vt. 出版, 发行, 公开, 发表, 宣传, 公布 vi. 出版, 发行"
3949,5148,dresses,dress,s,AB,loan,mono,highfreq-before,keep,连衣裙；服装,穿衣；打扮,n. 衣服( dress的名词复数 ); 装饰; 连衣裙; 礼服,"n. 服装, 覆盖物 vi. 穿着 vt. 给...穿衣, 整理"
3955,5332,thrilled,thrill,p,B,mono,mono,src-b-only|highfreq-before,keep,非常兴奋的；激动的,兴奋；激动,a. 非常兴奋的; 极为激动的 vt. “thrill”的过去式和过去分词,"n. 震颤, 激动, 刺激性, 一阵激动 vi. 震颤, 颤抖, 激动 vt. 使激动, 使颤动"
3973,12300,disturbed,disturb,d,AB,loan,,highfreq-before,keep,不安的；扰乱的,打扰，扰乱,a. 混乱的,"vt. 扰乱, 妨碍, 使不安 [法] 滋扰, 扰乱"
3975,5820,wandering,wander,i,AB,mono,mono,highfreq-before,keep,漫游；徘徊,漫游；徘徊；走神,"a. 漫游的, 徘徊的, 流浪的, 蜿蜒的 n. 闲逛, 流浪, 离题, 胡言乱语","vi. 游荡, 漫步, 徘徊, 迷路, 离题, 蜿蜒 vt. 在...漫游"
3980,3008,hans,han,s,AB,proper,proper,lemma-proper,keep,汉斯（男子名）,汉（中国朝代/民族）,n. 德国人或荷兰人的绰号；汉斯（男子名）,n. 汉朝；汉民族
3983,6273,chased,chase,d,AB,loan,mono,highfreq-before,keep,追逐（过去式）,追逐；追赶,vt. 追捕（chase的过去式与过去分词形式）,"n. 追求, 狩猎, 追逐 vt. 追捕, 追逐, 雕刻, 在...上镶嵌宝石 vi. 追赶, 奔跑"
3986,8912,boobs,boob,s,AB,mono,mono,highfreq-before,keep,乳房（俚语）,乳房；蠢人,n. 乳房,"n. 笨蛋, 蠢材"
3996,5847,reaching,reach,i,AB,mono,mono,highfreq-before,keep,到达；伸手,到达；伸手；触及,"v. 到达( reach的现在分词 ); 联络; 伸出手臂, 延伸","n. 伸出, 延伸, 区域, 范围, 流域, 岬 vt. 到达, 达到, 伸出, 延伸, 影响 vi. 达到, 延伸, …"
4006,8208,funds,fund,s,AB,loan,mono,highfreq-before,keep,资金；基金,基金；储备；资金,"n. 基金；资金, 现金（fund的复数）","n. 基金, 资金, 存款, 财源, 贮藏 vt. 提供资金, 积累"
4007,4974,strings,string,s,AB,mono,mono,highfreq-before,keep,弦；细绳（复数）,细绳；一串,"n. 附带条件, 弦乐部分, 弦乐器","n. 线, 细绳, 一串, 字符串 vt. 串起, 成串, 收紧, 缚, 扎 vi. 成一串 [计] 字符串, 串"
4013,2781,engineering,engineer,i,B,loan,loan,src-b-only,?,工程；工程学,工程师,"n. 工程学, 工程, 操纵 [化] 机器; 机器学","n. 工程师, 工兵 vt. 设计, 监造, 精明地处理, 策划"
4028,6019,vegetables,vegetable,s,AB,loan,loan,highfreq-before,keep,蔬菜（复数）,蔬菜,n. 菜类；蔬菜（vegetable的复数形式）,"n. 蔬菜, 植物, 无精打采之人 a. 蔬菜的, 植物的"
4029,9225,euros,euro,s,AB,loan,loan,highfreq-before,keep,欧元（复数）,欧元,n. 欧元；欧洛斯风；带雨东南暴风（euro复数）,n. 欧元（欧盟的统一货币单位）
4031,5385,spinning,spin,i,AB,mono,mono,highfreq-before,keep,旋转；纺纱,旋转；转动,n. 纺纱 [化] 纺丝,"n. 旋转, 自旋, 疾驰, 情绪低落 vt. 纺织, 纺, 使旋转, 编造 vi. 纺纱, 吐丝, 作茧, 结网, 旋…"
4032,6306,rolls,roll,s,AB,loan,mono,highfreq-before,keep,卷；面包卷（复数）,滚动；翻滚,n. 面包卷；捆；卷轴；辊碎机；滚动（roll的复数）,"n. 卷, 滚动, 名单, 案卷, 压路机 vi. 滚, 滚动, 飘流, 起伏, 卷, 绕 vt. 使滚动, 卷, 绕"
4040,5623,rejected,reject,d,AB,loan,loan,highfreq-before,keep,拒绝（过去式）,拒绝；否决,"n. 被弃之物, 落选者 a. 拒绝的 v. 拒绝( reject的过去式和过去分词 ); （因质量差）不用; 排斥; …","n. 被拒之人, 被弃之物, 不合格品, 次品 vt. 拒绝, 抵制, 否决, 驳回, 丢弃, 呕出"
4043,5292,backs,back,s,AB,mono,mono,highfreq-before,keep,背部；后面（复数）,背部；后面,"n. 后背, 脊背；后卫（back的复数形式）","a. 后面的 vt. 使后退, 支持 vi. 倒退, 背靠 adv. 向后地 n. 背部, 后面"
4044,7875,muscles,muscle,s,AB,loan,mono,highfreq-before,keep,肌肉（复数）,肌肉；力量,n. 肌肉（muscle的复数）,"n. 肌肉, 臂力 [医] 肌"
4053,6399,waking,wake,i,AB,mono,mono,highfreq-before,keep,醒着的；醒来的,醒来；唤醒,a. 醒着的,"vt. 叫醒, 激发 vi. 醒来, 醒着, 觉醒, 活跃起来 n. 守侯, 守夜, 尾迹, 痕迹"
4065,6324,swore,swear,p,AB,mono,mono,highfreq-before,keep,发誓；咒骂（swear 过去式）,发誓；咒骂,"swear的过去式 [法] 宣过誓的, 宣誓证明的, 决不改变的","vt. 发誓, 咒骂, 使宣誓 vi. 发誓, 诅咒 n. 诅咒, 誓言"
4066,26089,blaring,blare,i,AB,mono,mono,highfreq-before|suspect-target,keep,刺耳的；响亮的,发出刺耳响声,v. （喇叭或其他高音器具）刺耳地大声鸣响( blare的现在分词 ); 嘟嘟地发出; 高声发出; （音乐）声音响亮,"n. 巨响, 吼叫声, 光泽 vi. 高声鸣叫, 大叫 vt. 大声喊出"
4072,6400,vanished,vanish,p,AB,loan,loan,highfreq-before,keep,消失；不见了,消失；突然不见,"n. 销声匿迹, 无影无踪（美国电视连续剧剧名）","vi. 消失, 不见, 成为零"
4075,40848,sniffles,sniffle,s,AB,mono,mono,highfreq-before|suspect-target,keep,鼻塞；抽鼻子（复数）,抽鼻子；吸鼻子,"n. 抽噎, 抽噎声( sniffle的名词复数 ) v. 抽鼻子( sniffle的第三人称单数 ); 抽噎","vi. 吸着鼻子说话, 抽鼻涕 n. 抽鼻子"
4078,11400,intentions,intention,s,AB,loan,,highfreq-before,keep,意图；目的（复数）,意图；打算,n. 意图( intention的复数形式 ); 意向; 目的; 打算,"n. 意图, 目的, 含义 [医] 愈合, 意向"
4087,13200,entitled,entitle,d,AB,loan,,highfreq-before,keep,有资格的；自以为是的,给…权利；给…题名,a. 有资格的；给与名称的,"vt. 给...权利, 取名为, 给予名称, 叫做 [法] 给...权利, 使有资格, 称呼"
4090,8205,coins,coin,s,AB,loan,mono,highfreq-before,keep,硬币（复数）,硬币；钱币；创造新词,n. 硬币（coin的复数）,"n. 硬币, 金钱, 货币 vt. 铸币, 创造, 杜撰"
4095,7017,sniffs,sniff,3,AB,mono,mono,highfreq-before,keep,嗅；抽鼻子,嗅；抽鼻子,"v. 以鼻吸气, 嗅, 闻( sniff的第三人称单数 ); 抽鼻子（尤指哭泣、患感冒等时出声地用鼻子吸气）; 抱怨, …","n. 以鼻吸气, 嗅, 气息 vi. 嗅, 蔑视, 嗤之以鼻 vt. 闻, 用力吸, 发觉"
4100,12600,offended,offend,d,AB,loan,,highfreq-before,keep,被冒犯的；生气的,触怒，冒犯,"a. 不舒服, 生气","v. 犯罪, 冒犯, 违反, 进攻"
4103,8097,fled,flee,pd,AB,mono,mono,highfreq-before,keep,逃跑（flee 过去式）,逃跑；逃离；迅速离开,v. 消逝；逃走（flee的过去分词）,"vt. 逃避, 逃跑, 逃走 vi. 逃, 消失"
4104,4803,beers,beer,s,AB,loan,mono,highfreq-before,keep,啤酒（复数）,啤酒；一杯啤酒,n. 比尔斯（姓氏）,n. 啤酒 [化] 啤酒
4105,4947,boxing,box,i,AB,mono,mono,highfreq-before,keep,拳击；装箱,盒子；箱,n. 拳击 [医] 围模(牙科),"n. 盒子, 箱, 方框, 一巴掌 vt. 装...入盒中, 装箱, 打耳光 vi. 拳击 [计] 方框"
4107,4329,snakes,snake,s,AB,mono,mono,highfreq-before,keep,蛇（复数）,蛇,n. 蛇( snake的名词复数 ); 奸险的人; 卑劣的人; 蛇形浮动汇率制,"n. 蛇, 阴险的人 vi. 曲折行进 vt. 迂回, 拉, 急抽"
4110,6036,convicted,convict,d,AB,loan,loan,highfreq-before,keep,被定罪的,定罪；宣判有罪,v. 宣判有罪( convict的过去式 ),"n. 囚犯, 罪犯 vt. 宣告有罪, 使知罪"
4111,4482,roots,root,s,AB,mono,mono,highfreq-before,keep,根；根源（复数）,根；根源,"n. 乡土感情, 归根之情","n. 根, 根本, 根源, 基础, 底部 vt. 使扎根, 使固定, 根除, 肃清, 搜出, 用鼻拱 vi. 生根, 固…"
4112,6078,shares,share,s,AB,mono,mono,highfreq-before,keep,股份；份额（复数）,股份；份额；一份,n. 股份（share的复数形式）,"n. 部分, 参与, 一份, 参股, 份额 vt. 均分, 分担, 分享, 分配, 共有 vi. 分享 [计] 共享; …"
4118,6656,confusing,confuse,i,AB,loan,loan,highfreq-before,keep,令人困惑的,使困惑；混淆,a. 令人困惑的；混淆的；混乱的,"vt. 使混乱, 使狼狈, 使困惑 [法] 混淆"
4121,689,las,la,s,AB,loan,proper,lemma-proper,keep,激光（laser的旧拼法）,洛杉矶；啦（音）,abbr. 阿拉伯国家联盟（League of Arab States）；大气科学实验室（Laboratory of A…,[医] 镧(57号元素)
4124,5967,seeking,seek,i,AB,mono,mono,highfreq-before,keep,寻找；寻求（seek的现在分词）,寻找；寻求；探索,"[计] 查找, 寻找, 故障检查","vt. 寻求, 寻找, 探索, 追求, 搜索, 请求 vi. 寻找, 搜索 [计] 查找"
4132,12200,contacts,contact,s,AB,loan,,highfreq-before,keep,联系人；人脉；隐形眼镜,接触；联系,n. 联系人；联络方式；触体（contact的复数形式）,"n. 联系, 交际, 熟人, 接触 vi. 接触, 联系 vt. 使接触"
4137,14200,hostages,hostage,s,AB,loan,,highfreq-before,keep,人质（复数）,人质；抵押品,n. 人质( hostage的复数形式 ),"n. 人质, 抵押品 [经] 人质, 抵押品"
4142,6048,debts,debt,s,AB,loan,mono,highfreq-before,keep,债务；欠款（复数）,债务；欠款,"n. 负债类, 债务（debt的复数形式）","n. 债务, 罪过 [经] 借款, 欠款, 债务"
4157,4955,expenses,expense,s,AB,loan,loan,highfreq-before,keep,费用；开支（复数）,费用；开支,"n. 开支, 经费, 费用 [法] 开支, 支出, 经费","n. 费用, 代价, 开支, 损失 [经] 费用, 开支, 将支出转为费用"
4160,4824,meals,meal,s,AB,mono,mono,highfreq-before,keep,餐；饭（复数）,一餐；膳食；粗粉,n. 膳食；谷类（meal的复数）,"n. 一餐, 膳食, 粗粉 vi. 进餐"
4171,6036,dealt,deal,d,AB,mono,mono,highfreq-before,keep,处理；分配（deal的过去式）,交易；协议；待遇,deal的过去式和过去分词,"n. 交易, 协定, 数量, 买卖, 松木板 vi. 处理, 应付, 做生意 vt. 分配, 发牌, 给予 [计] 发牌"
4175,5109,rang,ring,pd,AB,mono,mono,highfreq-before,keep,响铃；打电话（ring的过去式）,戒指；环状物,ring的过去式,"n. 环, 环形物, 拳击场, 戒指, 角逐, 小集团, 铃声, 钟声, 声调 vt. 包围, 套住, 按铃, 敲钟 v…"
4182,6066,owners,owner,s,AB,mono,mono,highfreq-before,keep,所有者；物主（复数）,所有者；物主；业主,n. 所有者；业主（owner的复数）,"n. 拥有者, 物主, 所有人 [经] 所有者, 物主, 业主"
4203,6973,haunted,haunt,d,AB,mono,loan,highfreq-before,keep,闹鬼的；萦绕心头的,萦绕；常去；闹鬼,"a. 常出现鬼的, 闹鬼的","n. 常到的地方, 生息地 vt. 常到, 出没于, 萦绕于 vi. 出没, 作祟"
4204,12800,distracted,distract,d,AB,mono,,highfreq-before,keep,心烦意乱的；分心的,分散注意力；使心烦,a. 心烦意乱的,"vt. 转移, 分心, 使发狂"
4228,6060,owes,owe,3,AB,mono,mono,highfreq-before,keep,欠；归功于,欠；欠债；归功于,v. 感恩；亏欠；负债（owe的单三形式）,"vt. 亏欠, 负...债, 归功于, 怀有, 应给予, 感恩 vi. 欠钱"
4231,6042,prices,price,s,AB,loan,mono,highfreq-before,keep,价格（复数）,价格；价钱；代价,n. 价格（price的复数）,"n. 价格, 代价, 价值 vt. 定...的价格"
4244,6396,cured,cure,d,AB,loan,mono,highfreq-before,keep,治愈（过去式）,治愈；治疗,a. 治愈的；熟化的；熏制的,"n. 治疗, 治愈, 治疗法 vt. 治疗, 治愈, 改正, 腌制, 加工处理, 使硫化 vi. 受治疗, 被加工处理,…"
4257,5772,dove,dive,p,A,mono,mono,src-a-only|highfreq-before,keep,鸽子；斑鸠,跳水；潜水；俯冲,n. 鸽子 dive的过去式,"n. 潜水, 跳水 vi. 跳水, 俯冲, 猛冲 vt. 把...突然伸入"
4258,5833,jewels,jewel,s,AB,loan,loan,highfreq-before,keep,珠宝；宝石（复数）,宝石；珍品,n. 珠宝；宝石（jewel的复数形式）,"n. 珠宝, 贵重物, 镶珠宝的饰物 vt. 饰以珠宝, 镶以宝石"
4263,5960,roars,roar,3,AB,mono,mono,highfreq-before,keep,吼叫；咆哮,吼叫；咆哮,n. 怒吼,"n. 吼, 咆哮, 轰鸣 vi. 吼, 大声说出, 叫喊, 喧闹 vt. 呼喊, 使轰鸣"
4280,12500,survivors,survivor,s,AB,loan,,highfreq-before,keep,幸存者（复数）,幸存者，生还者,"n. 幸存者, 残存者, 生还者( survivor的复数形式 )","n. 生还者, 幸存者 [法] 生还者, 生存者, 辛存者"
4289,5524,slams,slam,3,AB,mono,mono,highfreq-before,keep,猛击；砰地关上,猛击；砰地关上,"砰然声；批评, 猛击","n. 砰然声, 猛然, 猛烈的抨击 vt. 猛然关上, 砰地关上, 猛烈抨击 vi. 砰地关上, 猛攻"
4295,5064,hats,hat,s,AB,mono,mono,highfreq-before,keep,帽子（复数）,帽子；有边帽,abbr. 转换终端应用程序（Host Access Transformation Services）,n. 帽子 vt. 给...戴帽子
4303,5913,follows,follow,3,AB,mono,mono,highfreq-before,keep,跟随；遵循,跟随；沿着；遵循,n. 跟随；遵照（follow的复数）,"vt. 跟随, 沿行, 遵循, 追求 vi. 跟随, 接着 n. 跟随, 追随"
4310,11804,chimes,chime,s,AB,loan,mono,highfreq-before,keep,钟声；风铃（复数）,鸣响；钟声；协调,v. 敲出和谐的乐声( chime的第三人称单数 ); 报（时）; 插嘴; （以…）打断谈话,"n. 钟声, 钟, 和谐 vi. 鸣, 奏出谐和的乐声, 和谐 vt. 敲出和谐的声音, 打钟报时, 重复说"
4312,12500,decades,decade,s,AB,loan,,highfreq-before,keep,十年（复数）,十年,"n. 十年, 十年间( decade的复数形式 )","n. 十年, 十"
4313,4857,bowling,bowl,i,AB,loan,mono,highfreq-before,keep,保龄球运动,碗；钵；投球,n. 保龄球戏,"n. 碗, 木球, 大酒杯 v. 滚木球, 快而稳地行驶"
4314,5172,buttons,button,s,AB,loan,mono,highfreq-before,keep,纽扣；按钮（复数）,纽扣；按钮,n. 纽扣；按钮（button的复数形式）,"n. 钮扣, 按钮 vi. 扣住 vt. 钉钮扣于, 扣紧 [计] 按钮"
4318,1396,ruining,ruin,i,B,loan,loan,src-b-only,?,毁坏；破坏,毁坏；破坏,v. 破坏( ruin的现在分词 ); 毁掉; 使破产; 使沦落,"n. 毁灭, 推翻, 废墟 vi. 毁灭, 衰败, 破坏, 破产, 堕落 vt. 使毁灭, 毁坏, 使破产"
4332,22799,whimpers,whimper,s,AB,mono,mono,highfreq-before|suspect-target,keep,呜咽；抽泣,呜咽；抽泣,"n. 啜泣声, 呜咽声( whimper的名词复数 ); 啜泣者 v. （微弱或惊恐地）啜泣, 呜咽( whimper的…","n. 抽泣, 呜咽, 啜泣, 哭诉 vi. 呜咽, 啜泣, 抽噎地哭 vt. 呜咽着说, 啜泣着说"
4333,6324,sworn,swear,d,AB,mono,mono,highfreq-before,keep,宣誓过的；发过誓的,发誓；咒骂,swear的过去分词,"vt. 发誓, 咒骂, 使宣誓 vi. 发誓, 诅咒 n. 诅咒, 誓言"
4335,663,proven,prove,d,A,loan,loan,src-a-only,?,被证实的；经过验证的,证明；证实,prove的过去分词,"vt. 证明, 查验, 检验, 勘探, 显示 vi. 证明是"
4344,12200,contacted,contact,d,AB,loan,,highfreq-before,keep,联系；接触,接触；联系,"v. 联络（通过电话或信件）( contact的过去式和过去分词 ); 使接触; 与（某人）接触（或交往）, 与…联系;…","n. 联系, 交际, 熟人, 接触 vi. 接触, 联系 vt. 使接触"
4348,12822,elected,elect,d,AB,loan,loan,highfreq-before,keep,选举；推选,选举；选择,"vt. 选举, 推选","n. 当选人, 被选的人 a. 被选的, 选出的 vt. 选举, 选择 vi. 作选择"
4361,5430,dearest,dear,t,AB,mono,mono,highfreq-before,keep,最亲爱的；昂贵的,亲爱的；珍贵的,n. 最亲爱的人,"n. 亲爱的人 a. 亲爱的, 昂贵的, 严重的, 急迫的 interj. 啊 adv. 深爱地, 高价地"
4365,4490,contains,contain,3,AB,loan,loan,highfreq-before,keep,包含；容纳,包含；容纳,v. 包含；容纳；包含某字符串（contain的单三形式）,"vt. 包含, 容纳, 控制 vi. 自制"
4368,6330,bets,bet,s,AB,mono,mono,highfreq-before,keep,赌注；打赌（复数）,打赌；下注,abbr. 北京英语水平考试（Beijing English Testing System）,"n. 打赌, 赌注 v. 打赌"
4369,10197,inhales,inhale,3,AB,loan,loan,highfreq-before,keep,吸入；吸气,吸入；吸气,v. 吸入( inhale的第三人称单数 ),vt. 吸入 vi. 吸气
4376,5386,accomplished,accomplish,d,AB,loan,loan,highfreq-before,keep,有造诣的；完成的,完成；实现,"a. 完成的, 实现的, 有造诣的, 熟练的, 善社交的","vt. 完成, 达到, 实现, 使完美"
4378,5491,politicians,politician,s,AB,loan,loan,highfreq-before,keep,政治家；政客（复数）,政治家；政客,"n. 政治家( politician的复数形式 ); 政客, 玩弄权术者","n. 政客, 政治家, 从事党派政治的人 [法] 政客, 政治家"
4385,5379,bent,bend,p,AB,mono,mono,highfreq-before,keep,弯曲的；决意的,弯曲；使弯曲,"a. 弯曲的, 决心的 n. 爱好 bend的过去式和过去分词","vi. 变弯曲, 屈服 vt. 使弯曲, 使屈服 n. 弯曲"
4400,13959,murmuring,murmur,i,AB,loan,loan,highfreq-before,keep,低声说；喃喃（现在分词）,低语；喃喃,n. 抱怨的声音；喃喃的声音,"n. 低语, 低声的怨言 vi. 低语, 低声而言 vt. 低声说"
4415,6393,healing,heal,i,B,mono,mono,src-b-only|highfreq-before,keep,治愈；康复,愈合；治愈,"a. 治愈的, 恢复健康的 [计] 修复, 恢复","vi. 痊愈 vt. 使复原, 使和解, 治愈"
4431,12600,declared,declare,p,AB,loan,,highfreq-before,keep,宣布；申报（过去式）,宣布，宣告；申报,"a. 公告的, 公然的","v. 宣布, 声明, 申报, 断言"
4438,15584,creaking,creak,i,AB,mono,mono,highfreq-before|suspect-target,keep,嘎吱作响（现在分词）,嘎吱作响,v. （门）嘎吱作响( creak的现在分词 ),"n. 辗轧声, 嘎吱嘎吱声 vi. 作辗轧声, 发出辗轧声"
4451,5045,customs,custom,s,AB,loan,loan,highfreq-before,keep,海关；习俗（复数）,习俗；惯例；海关,"n. 海关, 关卡, 关税 [经] 关税, 海关","n. 习惯, 风俗, 海关, 自定义 a. 定制的 [计] 定制; 自定义"
4453,5934,remembers,remember,3,AB,loan,mono,highfreq-before,keep,记得；想起,记得；想起；记住,"v. 记得, 牢记( remember的第三人称单数 ); 纪念; 记着; 回想起","vt. 记得, 回忆起, 记住, 铭记, 纪念 vi. 记得"
4462,6306,rolled,roll,p,AB,loan,mono,highfreq-before,keep,滚动；卷（过去式）,滚动；翻滚,"a. 辗压的, 辊轧的, 轧制的","n. 卷, 滚动, 名单, 案卷, 压路机 vi. 滚, 滚动, 飘流, 起伏, 卷, 绕 vt. 使滚动, 卷, 绕"
4468,5048,possessed,possess,p,AB,loan,loan,highfreq-before,keep,拥有；着魔的,拥有；具有；支配,"a. 中邪魔的, 被妖魔缠住的","vt. 持有, 占有, 拥有, 克制, 支配, 迷住 [法] 持有, 占有, 具有"
4476,5925,guessed,guess,p,AB,mono,mono,highfreq-before,keep,猜测；猜中,猜测；认为,v. 猜( guess的过去式和过去分词 ); （引出令人惊奇或激动的事）你猜; 猜对; 猜中,"n. 猜测, 臆测 v. 猜测, 臆测"
4502,6369,ribs,rib,s,AB,mono,mono,highfreq-before,keep,肋骨（复数）,肋骨,n. 肋骨；排骨（rib的复数）,"n. 肋骨, 肋状物, 笑话 vt. 装肋状物于, 戏弄"
4504,4748,regards,regard,3,AB,loan,loan,highfreq-before,keep,问候；致意,认为；注视；关于,"n. 问候, 致意","n. 关心, 注意, 尊敬, 关系, 问候 vt. 视为, 注意, 考虑, 和...有关, 看待 vi. 注视, 注意"
4508,12497,snoring,snore,i,AB,mono,mono,highfreq-before,keep,打鼾,打鼾；打呼噜,"v. 打呼噜, 打鼾( snore的现在分词 )","n. 鼾声, 打鼾 vi. 打鼾 vt. 打鼾度过"
4513,5421,caring,care,i,AB,mono,mono,highfreq-before,keep,关心的；体贴的,关心；在乎,a. 有同情心的；表示或感到关怀或关心的,"n. 小心, 照料, 忧虑 vi. 关心, 介意 vt. 在意, 喜欢"
4516,8106,carries,carry,3,AB,loan,mono,highfreq-before,keep,携带；搬运,携带；搬运；承载,v. 传递；携带；运载；怀孕（carry的第三人称单数形式）,"n. 进位, 射程, 运载 vt. 携带, 运送, 支持, 传送, 包含 vi. 被携带, 能达到 [计] 进位; 进位…"
4530,4776,sweets,sweet,s,AB,mono,mono,highfreq-before,keep,糖果；甜食（复数）,甜的；可爱的；糖果,n. 糖果；甜食（sweet的复数）,"n. 甜蜜, 糖果, 情人 a. 甜的, 芳香的, 悦耳的, 漂亮的, 和蔼的, 不咸的, 灵活的, 轻快的"
4531,17402,panties,panty,s,AB,mono,mono,highfreq-before|suspect-target,keep,女式内裤,女式内裤,n. 女式短裤,n. 女裤；童裤（等于panties）
4536,5121,explosives,explosive,s,AB,loan,loan,highfreq-before,keep,炸药（复数）,爆炸性的；易爆的,"n. 爆炸物, 炸药；爆炸品（explosive的复数）","n. 炸药, 爆破音 a. 易爆发的, 爆炸的, 暴躁的"
4541,6258,scores,score,s,AB,mono,mono,highfreq-before,keep,分数；许多（复数）,得分,"n. 大量, 众多; 二十( score的名词复数 ); （游戏或比赛中的）得分; 大量; 百分数","n. 得分, 抓痕, 二十个, 刻痕, 帐目, 乐谱, 起跑线, 终点线, 大量 vt. 刻划, 划线, 获得, 评价,…"
4548,5934,doomed,doom,d,AB,mono,mono,highfreq-before,keep,注定失败的；劫数难逃的,厄运；毁灭,a. 注定的；命定的,"n. 厄运, 不幸, 法律, 宣告, 判决, 死亡 vt. 命中注定, 判决"
4549,8866,qualified,qualify,dp,AB,loan,loan,highfreq-before,keep,合格的；有资格的,取得资格；使合格,"a. 有资格的 [经] 合格的, 有条件的, 有限制的","vi. 取得资格, 有资格 vt. 使有资格, 使合格, 限定, 限制, 准予"
4554,25153,fireworks,firework,s,AB,mono,mono,highfreq-before|suspect-target,keep,烟花；烟火（复数）,烟花；烟火,"n. 烟火, 激烈争论 [化] 焰火","n. 烟火具, 烟火, 烟火信号弹, 焰火, 激情的表现"
4558,5745,rode,ride,p,AB,mono,mono,highfreq-before,keep,骑（ride 的过去式）,骑；乘坐,ride的过去式,"n. 骑马, 乘坐, 乘车, 搭便车 vt. 骑, 乘坐, 压迫, 控制 vi. 骑马, 乘车, 漂游"
4560,4698,cakes,cake,s,AB,mono,mono,highfreq-before,keep,蛋糕（复数）,蛋糕；饼状物,n. 蛋糕（cake的复数）,"n. 蛋糕, 块, 饼 vt. 使结块, 加块状物于 vi. 结块"
4563,8537,occupied,occupy,dp,AB,loan,loan,highfreq-before,keep,被占用的；忙碌的,占据；占领,a. 已占用的；使用中的；无空闲的,"vt. 占领, 占(时间、空间等), 住进, 担任, 使从事, 使全神贯注 [法] 占领, 占据, 占有"
4564,5505,nicer,nice,r,AB,loan,mono,highfreq-before,keep,更好的；更友好的,友好的；令人愉快的,a. 良好的,"a. 美好的, 和蔼的, 正派的, 做得好的, 精密的, 细微的, 挑剔的, 谨慎的"
4579,5937,learnt,learn,dp,A,mono,mono,src-a-only|highfreq-before,keep,学习（learn 的过去式/过去分词）,学习；得知；学会,learn的过去式和过去分词,vt. 学习；认识到；得知
4580,10481,coordinates,coordinate,s,AB,loan,loan,highfreq-before,keep,坐标（复数）,协调；配合,n. 坐标；相配之衣物,"n. 同等的人(或物), 坐标 a. 同等的, 并列的 v. (使)协调"
4583,5049,shirts,shirt,s,AB,mono,mono,highfreq-before,keep,衬衫（复数）,衬衫；上衣,n. 衬衫（shirt的复数形式）,"n. 衬衫, 内衣, 汗衫"
4593,5373,crawling,crawl,i,AB,mono,mono,highfreq-before,keep,爬行（现在分词）,爬行；匍匐前进,[化] 收缩龟裂; 漆膜收缩龟裂; 表面涂布不匀,"n. 爬行, 匍匐而行, 养鱼池 v. 爬行"
4594,8124,stepping,step,i,AB,mono,mono,highfreq-before,keep,迈步；踩（现在分词）,踏；踩；迈步,"[计] 步进式, 改变","n. 步骤, 步, 步幅, 脚步声, 踏级, 步伐, 短距离, 步态, 手段, 等级 vt. 踏, 以步测量, 跨步, …"
4611,5001,watches,watch,3,AB,mono,mono,highfreq-before,keep,观看；注视,手表；监视,n. 手表（watch的复数）,"n. 观察, 手表, 看守, 守护, 监视, 值班人 vt. 看, 注视, 照顾, 看守, 守护, 监视 vi. 观看,…"
4615,6288,sailing,sail,i,AB,mono,mono,highfreq-before,keep,航行；帆船运动,航行；驾帆船,"n. 航行, 航海术, 启航 a. 航行的","n. 帆, 篷, 帆船, 航程, 帆状物 vi. 航行, 启航, 张帆而行 vt. 航行于, 驾船"
4628,7950,rattling,rattle,i,AB,mono,mono,highfreq-before,keep,咔嗒响的；令人不安的,发出咔嗒声；使慌乱,"a. 格格作响的, 轻快的, 很好的 adv. 很, 非常","vt. 使嘎嘎响, 喋喋不休地说 vi. 格格响, 喋喋不休 n. 格格声, 拨浪鼓, 喋喋不休的话"
4630,446,dreamt,dream,pd,A,mono,mono,src-a-only,?,做梦（dream 过去式）,梦；梦想,dream的过去式和过去分词,"n. 梦, 空想, 愿望 v. 做梦, 想象, 梦想"
4644,6399,wakes,wake,3,AB,mono,mono,highfreq-before,keep,醒来；唤醒,醒来；唤醒,v. 醒( wake的第三人称单数 ); 唤醒; 唤起（记忆）; 使再次感觉到,"vt. 叫醒, 激发 vi. 醒来, 醒着, 觉醒, 活跃起来 n. 守侯, 守夜, 尾迹, 痕迹"
4656,6270,resting,rest,i,AB,mono,mono,highfreq-before,keep,休息；静止,休息,a. 静止的；休眠的,"n. 休息, 睡眠, 安息, 稍息, 静止, 支架, 休息处, 其余者, 剩余部分 vi. 休息, 睡, 长眠, 安心,…"
4659,5757,rose,rise,p,AB,mono,mono,highfreq-before|homograph,keep,玫瑰；蔷薇,升起；上升；起身,"n. 玫瑰, 蔷薇, 玫瑰色 a. 玫瑰色的, 玫瑰花的 vt. 使成玫瑰色 rise的过去式","n. 上升, 增加, 上涨, 高地, 升高, 出现 vi. 升起, 起身, 起立, 上升, 上涨, 增长, 高耸, 起义…"
4661,7506,howling,howl,i,AB,mono,mono,highfreq-before,keep,嚎叫；呼啸,嗥叫；嚎叫,"a. 咆哮的, 极大的, 荒凉的 n. 啸声","n. 嗥叫, 吠声, 号叫 vi. 狂吠, 咆哮, 呼啸 vt. 对...吼叫, 狂喊着说"
4668,6027,shops,shop,s,AB,mono,mono,highfreq-before,keep,商店,商店；店铺,n. 商店；商店用包装纸（shop的复数）,"n. 商店, 工厂, 车间 vi. 购物, 到处寻找 vt. 选购"
4672,6178,squealing,squeal,i,AB,mono,mono,highfreq-before,keep,尖叫；告密,尖叫；告密,"n. 振鸣声, 啸声；号叫","n. 尖叫, 抱怨 vi. 发出尖叫声, 高声埋怨 vt. 用尖声说"
4688,5338,choking,choke,i,AB,mono,mono,highfreq-before,keep,噎住；窒息（choke 的现在分词）,窒息；噎住,"a. 窒息的, 气闷的, 透不过气来的 [化] 壅塞; 噎塞","vt. 窒息, 阻塞, 噎, 抑制 vi. 窒息, 阻塞, 噎 n. 窒息, 噎, 阻气门"
4694,4899,locks,lock,s,AB,mono,mono,highfreq-before,keep,锁（复数）；头发,锁；一绺头发,n. 锁；水闸；锁定器（lock的复数）,"n. 锁, 刹车, 水闸, 一缕头发 vt. 锁, 锁上, 拘禁, 隐藏, (用锁等)拴住, 刹住 vi. 锁住, (齿…"
4696,11876,advertising,advertise,i,B,loan,loan,src-b-only|highfreq-before,keep,广告；广告业,做广告；宣传,"n. 广告业, 广告 a. 广告的 [计] 发广告","vt. 做广告, 通知, 公布 vi. 做广告"
4699,10585,devoted,devote,p,AB,loan,loan,highfreq-before,keep,忠诚的；献身的,奉献；致力于,"a. 投入的, 深爱的","vt. 投入于, 献身"
4701,12050,principles,principle,s,AB,loan,,highfreq-before,keep,原则；准则（复数）,原则；原理,"n. 原则, 原理, 道义, 节操","n. 原则, 原理, 主义 [化] 原理"
4707,12300,isolated,isolate,d,AB,loan,,highfreq-before,keep,孤立的；隔离的,隔离；孤立,"a. 孤立的, 孤零零的 [计] 隔离的, 绝缘的","vt. 使隔离, 使孤立, 使绝缘 n. 隔离种群"
4726,1996,dolls,doll,s,AB,mono,proper,lemma-proper,keep,玩偶；洋娃娃（复数）,洋娃娃；玩偶,n. 玩偶（doll的复数）,"n. 洋娃娃, 无头脑的美丽女人"
4730,17652,rupees,rupee,s,AB,loan,loan,highfreq-before|suspect-target,keep,卢比（复数）,卢比（货币）,n. （印度、巴基斯坦、斯里兰卡等国的货币单位）卢比( rupee的复数形式 ),n. 卢比(印、巴等国货币单位)
4734,6060,owed,owe,p,AB,mono,mono,highfreq-before,keep,欠（owe 的过去式）,欠；欠债；归功于,vbl. 感恩；亏欠；负债],"vt. 亏欠, 负...债, 归功于, 怀有, 应给予, 感恩 vi. 欠钱"
4746,12500,miracles,miracle,s,AB,loan,,highfreq-before,keep,奇迹（复数）,奇迹,n. 奇迹( miracle的复数形式 ); 奇事; 令人惊奇的事; 非凡的事,"n. 奇迹, 奇事"
4757,12200,movements,movement,s,AB,loan,,highfreq-before,keep,运动；动作（复数）,运动；移动；趋势,"n. 运动, 运转；运动健身；动作（movement的复数形式）","n. 运动, 动作, 运转, 移动, 倾向, 变化, 活动, 乐章 [医] 运动"
4759,6033,trading,trade,i,AB,mono,mono,highfreq-before,keep,贸易；交易,贸易；交易；行业,[经] 交易,"n. 贸易, 商业, 交易, 生意, 职业, 顾客, 信风 vi. 进行交易, 做买卖, 经商, 对换, 购物 vt. …"
4765,9755,moans,moan,s,AB,mono,mono,highfreq-before,keep,呻吟；抱怨,呻吟；抱怨,n. 呻吟；抱怨声；牢骚；悲叹声（moan的复数形式）,"n. 呻吟, 悲叹 vi. 呻吟, 抱怨, 悲叹 vt. 呻吟着说"
4778,23411,classified,classify,dp,AB,loan,loan,highfreq-before|suspect-target,keep,机密的；分类的,分类；归类,"a. 分类的, 被归入某类的, 被指定为机密的 [建] 分了类的, 分了级的","vt. 分类, 归类, 分等 [建] 分类, 分级, 分粒"
4780,8343,measures,measure,s,AB,loan,mono,highfreq-before,keep,措施；量度,测量；衡量,n. 措施；层组（measure的复数）,"n. 尺寸, 量度器, 量度标准, 测量, 量具, 程度, 范围, 限度, 分寸, 措施, 方法 vt. 测量, 测度,…"
4808,5367,lifted,lift,p,AB,mono,mono,highfreq-before,keep,举起；抬起,举起；抬起,a. 提升的,"n. 举起, 帮助, 昂扬, 电梯 vt. 升高, 提高, 鼓舞, 清偿, 空运, 举起, 剽窃 vi. 升起, 消散,…"
4825,3213,evans,evan,s,AB,proper,proper,lemma-proper,keep,埃文斯（姓氏）,埃文（男子名）,n. 埃文斯（姓氏）,n. 埃文（男子名）
4827,5853,dragging,drag,i,AB,mono,mono,highfreq-before,keep,拖；拉,拖；拉；拽,"[计] 牵引, 慢移动","n. 拖, 拖累 v. 拖累, 拖拉, 沉重缓慢地走, 拖动 [计] 拖动"
4833,4932,knives,knife,s,AB,mono,mono,highfreq-before,keep,刀（复数）,刀；小刀,pl. 刀子,"n. 小刀, 匕首 vt. 切割, 伤害, 切, 戳 vi. 劈开, 穿过"
4841,5575,feathers,feather,s,AB,mono,mono,highfreq-before,keep,羽毛,羽毛,n. 羽状裂缝；翅膀；羽毛（feather的复数）,n. 羽毛 vi. 长羽毛 vt. 用羽毛装饰
4850,6294,swords,sword,s,AB,mono,mono,highfreq-before,keep,剑；刀剑,剑；刀,n. 宝剑（sword的复数）,"n. 刀, 剑, 战争, 武力, 剑状物"
4872,4872,floors,floor,s,AB,mono,mono,rank-tie,?,地板；楼层,地板；楼层,n. 楼地面；地板；楼层；层数（floor的复数）,"n. 地板, 楼层, 底部, 底价 vt. 铺地板, 打倒 n. 地面, 地板, 基底 [计] 基底"
4879,8000,opposed,oppose,d,AB,loan,,highfreq-before,keep,反对的；对立的,反对；对抗,"a. 反对的, 敌对的, 对抗的, 相对的 [机] 反对的, 相反的, 对立的","vt. 反对, 以...对抗, 抗争 vi. 反对"
4881,5330,tourists,tourist,s,AB,loan,loan,highfreq-before,keep,游客；旅游者,游客；旅游者,"n. 旅行者, 观光客( tourist的名词复数 )","n. 观光客, 旅行者 a. 旅游的"
4882,5799,sneaking,sneak,i,AB,mono,mono,highfreq-before,keep,偷偷地走；潜行,偷偷地走；溜；偷带,"a. 偷偷逃走的, 暗中的, 卑微的 [法] 隐密的, 鬼祟的, 卑怯的","vi. 鬼鬼祟祟做事 vt. 偷偷地做 n. 鬼鬼祟祟的人, 偷偷摸摸的行为, 帆布胶底运动鞋 a. 暗中进行的"
4896,5787,races,race,s,AB,loan,mono,highfreq-before,keep,比赛；种族,赛跑；竞速；疾驰,n. 赛马会,"n. 种族, 人种, 赛跑, 比赛, 急流, 人类, 同道, 姜根 vi. 赛跑, 竞赛, 疾走 vt. 与...赛跑,…"
4903,5847,reaches,reach,3,AB,mono,mono,highfreq-before,keep,到达；伸手,到达；伸手；触及,n. 河段；流域；（上、中或下）游; （外）围；（远）处; （组织或机构中的）层级,"n. 伸出, 延伸, 区域, 范围, 流域, 岬 vt. 到达, 达到, 伸出, 延伸, 影响 vi. 达到, 延伸, …"
4917,5700,springs,spring,s,AB,mono,mono,highfreq-before,keep,春天；泉水；弹簧,泉水；春天,n. 斯普林斯（南非东部城市名）,"n. 春天, 弹簧, 跳跃, 弹性, 活力, 泉, 源泉 a. 春天的 vi. 跳, 弹跳, 涌出, 生长, 裂开, 高…"
4920,5358,kicks,kick,s,AB,mono,mono,highfreq-before,keep,踢；踹,踢；踹,n. 踢球；腿法；冲击力（kick的复数）,"n. 踢, 反冲, 后座力, 凹底 vi. 踢, 反抗, 反冲 vt. 踢, 反冲"
4932,4994,neighbours,neighbour,s,AB,mono,mono,highfreq-before,keep,邻居（复数）,邻居,n. 邻居( neighbour的名词复数 ); 邻近的人[物]; 邻国; 世人,"n. 邻居, 邻接的东西, 邻国, 邻座, 邻人, 世人 a. 邻接的, 邻近的 vi.vt. 邻近, 与...结邻, …"
4933,4962,nailed,nail,d,AB,mono,mono,highfreq-before,keep,钉住；搞定（过去式）,钉子；指甲,a. 用钉钉牢的,"n. 钉子, 指甲 vt. 用钉钉牢, 使固定, 截住, 揭露"
4939,6330,betting,bet,i,AB,mono,mono,highfreq-before,keep,打赌（现在分词）,打赌；下注,"n. 打赌 [法] 打赌, 赌博","n. 打赌, 赌注 v. 打赌"
4940,9079,pancakes,pancake,s,AB,mono,mono,highfreq-before,keep,薄煎饼（复数）,薄煎饼；烙饼,n. 烙饼( pancake的复数形式 ); （尤指舞台化装用的）粉饼; 完全平的; 非常平的,"n. 薄烤饼, 薄煎饼, 烙饼"
4949,8325,grades,grade,s,AB,loan,mono,highfreq-before,keep,成绩；等级（复数）,分数；年级,n. 分数；等级（grade的复数形式）,"n. 等级, 年级, 阶段, 成绩, 程度, 坡度, 斜坡 vt. 分等, 分级, 评分 vi. 属于某等级, 逐渐变化"
4966,7952,noodles,noodle,s,AB,loan,loan,highfreq-before,keep,面条（复数）,面条,"n. 面条, 挂面（noodle的复数形式）","n. 面条, 笨蛋"
4970,6885,insects,insect,s,AB,loan,loan,highfreq-before,keep,昆虫（复数）,昆虫,"n. 昆虫；昆虫类, 昆虫纲（insect的复数形式）","n. 昆虫, 卑鄙的人 [医] 昆虫"
4973,6753,charging,charge,i,AB,loan,loan,highfreq-before,keep,充电；收费（现在分词）,冲锋；指控,[计] 计费的 [化] 充电; 装料,"n. 指控, 费用, 冲锋, 电荷, 炸药, 主管, 被托管人, 命令 vt. 控诉, 加罪于, 使充满, 使充电, 使…"
4987,5805,marching,march,i,AB,loan,mono,highfreq-before,keep,行进；游行（现在分词）,行进；游行；迈步走,[计] 步进式的,"n. 三月, 进行, 行军, 步伐, 长途跋涉, 进行曲, 边界 vi. 进军, 前进, 交界 vt. 使行军, 使行进"
4988,5346,touches,touch,s,AB,loan,mono,highfreq-before,keep,触摸；感动（第三人称单数）,触摸；接触,n. 高光；绝技；笔致,"n. 触觉, 碰, 触, 机灵, 轻触, 格调, 少许, 缺点, 弹力 vt. 接触, 触摸, 触及, 使接触, 达到,…"
4990,5442,feared,fear,p,AB,mono,mono,highfreq-before,keep,害怕；担心（过去式）,恐惧；害怕,v. 畏惧( fear的过去式和过去分词 ); 为…忧虑（或担心、焦虑）; 敬畏（神等）; 感到害怕,"n. 恐怖, 害怕, 担心 v. 害怕, 恐惧, 为...担心, 敬畏"
5003,5427,cooler,cool,r,AB,mono,mono,form-more-frequent,keep,冷却器；冷藏箱；牢房,冷静的；冷淡的,n. 冷却器 [化] 冷却器,"n. 凉爽, 凉爽的空气 a. 凉爽的, 冷淡的, 冷静的 vi. 冷却, 平息 vt. 使冷却, 使平静"
5010,15536,metres,metre,s,AB,loan,loan,form-more-frequent|suspect-target,keep,米（复数）；格律,米（长度单位）；韵律,n. 米( metre的复数形式 ); （诗的）格律; 用于竞赛名称 metres,"n. 公尺, 格律, 韵律 [医] 米, 公尺"
5013,5106,bands,band,s,AB,mono,mono,form-more-frequent,keep,乐队；带子（复数）,带；箍；环,n. 法官；乐队,"n. 带子, 队, 乐队 v. 联合, 结合 [计] 频带; 波段; 区"
5014,5634,dried,dry,dp,AB,mono,mono,form-more-frequent,keep,干燥的；干制的,干的；干旱的,a. 弄干了的,"a. 干的, 无酒的, 枯燥无味的, 干燥的 vt. 把...弄干 vi. 变干 n. 干, 干涸"
5021,5052,features,feature,s,AB,loan,loan,form-more-frequent,keep,特征；面貌（复数）,特征；特色；专题,"n. 容貌；产品特点, 特征；嘴脸（feature的复数）","n. 面孔的一部分(如眼、口等), 特征, 容貌, 特色, 特写 vt. 是...的特色, 特写, 放映 vi. 起重要…"
5025,5361,throws,throw,3,AB,mono,mono,form-more-frequent,keep,投掷；抛（第三人称单数）,扔；投掷,n. 曲拐（throw的复数形式）,"vt. 投, 掷, 抛, 发射, 摔下, 匆匆穿上(或脱下), 抛弃, 摆脱 vi. 丢, 掷, 抛 n. 投掷, 掷骰…"
5027,5176,residents,resident,s,AB,loan,loan,form-more-frequent,keep,居民；住户（复数）,居民；住户,n. 居民；房客；住院医生（resident的复数）,"n. 居民, 常驻程序, 居住者, 留鸟 a. 居留的, 定居的"
5034,11517,whining,whine,i,AB,mono,mono,form-more-frequent,keep,抱怨；哀鸣（现在分词）,哀鸣；抱怨,"v. 哀号( whine的现在分词 ); 哀诉, 诉怨","n. 哀叫声, 嘎嘎声, 哀鸣 vi. 哭诉, 嘎嘎响, 发呜呜声 vt. 哀诉"
5040,24236,clothes,clothe,s,B,mono,mono,src-b-only|form-more-frequent|suspect-target,keep,衣服；服装,给…穿衣；供给衣服,n. 衣服,"vt. 给...穿衣, 盖上, 赋予"
5044,12500,rebels,rebel,s,AB,loan,,form-more-frequent,keep,反叛者（复数）,反叛，起义,n. 反叛者（rebel的复数形式）,"n. 叛徒, 反叛者 vi. 造反, 反抗, 抵抗, 反感 a. 造反的, 反抗的"
5054,380,lords,lord,3,B,mono,mono,src-b-only,?,领主；贵族（复数）,领主；上帝；勋爵,n. 上议院；（前面与the连用）上院议员,"n. 统治者, 阁下, 上帝 vi. 称王, 作威作福 vt. 使成贵族"
5055,6312,wrestling,wrestle,i,AB,mono,mono,form-more-frequent,keep,摔跤；搏斗,摔跤；搏斗,n. 摔跤,"n. 摔跤, 角力, 扭斗 vi. 摔跤, 搏斗, 斗争, 斟酌 vt. 与(对手)摔跤"
5068,9944,amusing,amuse,i,B,loan,loan,src-b-only|form-more-frequent,keep,有趣的；逗人笑的,逗乐；使消遣,"a. 有趣的, 引人发笑的","vt. 消遣, 娱乐, 使发笑"
5085,6075,stocking,stock,i,AB,mono,mono,form-more-frequent,keep,长袜；丝袜,股票；存货；储备,n. 长袜 [医] 马足水肿; 长袜,"n. 树干, 祖先, 血统, 原料, 备料, 库存, 牲畜, 股票, 股份, 保留剧目 a. 存货的, 常备的, 平凡的…"
5090,5928,wonders,wonder,s,AB,mono,mono,form-more-frequent,keep,奇迹；奇观,想知道；纳闷,n. 奇观（wonder复数）,"n. 奇迹, 惊奇, 惊愕 vt. 惊奇, 想知道 vi. 惊讶, 怀疑"
5091,9037,clattering,clatter,i,AB,mono,mono,form-more-frequent,keep,咔嗒作响的,咔嗒声；喧闹声,vt.& vi. 发出咔哒声（clatter的现在分词形式）,"n. 咔嗒声, 哗啦声, 嘈杂的谈笑声 vi. 发出哗啦声, 喧闹的谈笑 vt. 使咔嗒咔嗒地响"
5111,12050,individuals,individual,s,AB,loan,,form-more-frequent,keep,个人；个体,个别的；独特的；个人,n. 个人；个体（individual的复数）,"n. 人, 个人, 个体 a. 个别的, 个人的, 独特的"
5135,15500,forensics,forensic,s,AB,loan,,form-more-frequent|suspect-target,keep,法医学；鉴识,法医的；法庭的,"n. 辩论学, 辩论术","a. 辩论的, 法院的, 关于法庭的 n. 辩论练习"
5140,14100,civilians,civilian,s,AB,loan,,form-more-frequent,keep,平民；百姓,平民；文职人员,"n. 平民, 百姓( civilian的复数形式 ); 老百姓","n. 平民, 民法专家 a. 平民的, 百姓的, 民用的"
5153,12500,refuses,refuse,3,AB,loan,,form-more-frequent,keep,拒绝,拒绝,"v. 拒绝, 回绝( refuse的第三人称单数 ); 推却, 回绝; 拒绝给（所需之物）","vt. 拒绝, 谢绝 vi. 拒绝 n. 废物 a. 扔掉的, 无用的"
5157,438,hanged,hang,dp,A,mono,mono,src-a-only,?,绞死；上吊,悬挂；绞死；闲逛,hang的过去式和过去分词,"n. 悬挂, 诀窍, 意义 vt. 悬挂, 附着, 装饰, 垂下, 踌躇, 绞死, 使悬而未决 vi. 悬着, 垂下, …"
5162,8211,profits,profit,s,AB,loan,mono,form-more-frequent,keep,利润；收益,利润；收益；盈利,"n. 收益, 红利；盈利（profit的复数）","n. 利润, 赢利, 利益 vi. 有益, 获利, 赚钱 vt. 有益于"
5169,14400,humiliated,humiliate,d,AB,loan,,form-more-frequent,keep,受羞辱的；感到丢脸的,羞辱，使丢脸,"a. 感到羞愧的 v. 使蒙羞, 羞辱, 使丢脸( humiliate的过去式和过去分词 )","vt. 使丢脸, 使蒙羞, 屈辱"
5170,14476,hissing,hiss,i,AB,mono,mono,form-more-frequent,keep,发出嘶嘶声,发出嘶嘶声,[电] 嘶嘶声,"n. 嘘声, 嘶嘶声 vi. 发出嘘声, 发嘶嘶声 vt. 发嘶嘶声表示"
5175,7017,sniffing,sniff,i,AB,mono,mono,form-more-frequent,keep,嗅；抽鼻子,嗅；抽鼻子,[计] 测错,"n. 以鼻吸气, 嗅, 气息 vi. 嗅, 蔑视, 嗤之以鼻 vt. 闻, 用力吸, 发觉"
5178,11322,obliged,oblige,d,B,loan,loan,src-b-only|form-more-frequent,keep,感激的；有义务的,迫使；施恩于,a. 感激的；有责任的；必须的,"vt. 强制, 施恩惠于, 使感激 vi. 施恩惠, 帮忙"
5183,8328,counted,count,d,AB,loan,mono,form-more-frequent,keep,数；计算；认为,数；计算,v. （按顺序）数( count的过去式和过去分词 ); 有价值; 数出总数; 算得上,"vt. 计算, 视为 vi. 计数 n. 计算, 合计, 计数, 伯爵 [计] 计数"
5184,12200,instruments,instrument,s,AB,loan,,form-more-frequent,keep,乐器；仪器；工具,工具；仪器；手段,n. 乐器；工具；仪器（instrument的复数）,"n. 工具, 手段, 仪器 [化] 仪器"
5189,12000,marines,marine,s,AB,loan,,form-more-frequent,keep,海军陆战队士兵,海洋的；海生的,[人名] 马林斯; [地名] [西班牙] 马里内斯; [地名] [法国] 马里讷; [电影]时空奇兵之海豹突击队,"n. 舰队, 水兵, 海景画 a. 海的, 海产的, 海底的, 船舶的, 海运的"
5199,5343,felt,feel,p,AB,mono,mono,form-more-frequent,keep,毛毡；毡制品,感觉；触摸,"n. 毛毯, 毡 vt. 制毡, 使粘结 vi. 粘结 feel的过去式和过去分词","vt. 感觉, 觉得, 触摸, 以为 vi. 有知觉, 摸索, 同情 n. 感觉, 觉得, 触摸"
5214,11967,stunning,stun,i,B,mono,mono,src-b-only|form-more-frequent,keep,惊艳的；极美的,使震惊；使昏迷,"a. 打昏迷的, 弄得人昏头昏脑的, 令人震惊的","vt. 使昏迷, 使震惊, 打昏 n. 昏迷, 猛击"
5224,9425,honks,honk,s,AB,mono,mono,form-more-frequent,keep,鸣笛；发出雁叫声,按喇叭；鸣笛,"n. 雁叫声( honk的名词复数 ); 汽车的喇叭声 v. （使）发出雁叫似的声音, 鸣（喇叭）, 按（喇叭）( ho…","n. 雁鸣, 汽车的喇叭声 vi. 雁鸣叫, 按汽车喇叭 vt. 揿(喇叭)"
5235,22929,villagers,villager,s,AB,loan,mono,form-more-frequent|suspect-target,keep,村民；乡村居民,村民；乡村居民,n. 村民；乡下人（villager的复数）,n. 村民
5243,2091,romans,roman,s,AB,proper,proper,lemma-proper,keep,罗马人；罗马书,罗马的；罗马人的,n. 《罗马书》（《圣经·新约》中的一卷）,"n. 罗马人 a. 罗马人的, 罗马的"
5246,5777,assets,asset,s,AB,loan,loan,form-more-frequent,keep,资产；优点,资产；优点,"n. 资产 [经] 财产, 资产","n. 资产, 有益的东西"
5256,6436,flirting,flirt,i,AB,mono,mono,form-more-frequent,keep,调情；打情骂俏,调情；打情骂俏,"v. 调情, 打情骂俏( flirt的现在分词 )","n. 卖弄风骚的人, 急动, 急扔 vt. 忽然弹出, 轻快摆动, 挥动 vi. 调情, 玩弄, 摆动, 轻率地对待"
5262,6267,sweating,sweat,i,AB,mono,mono,form-more-frequent,keep,出汗；流汗,汗水,[化] 发汗 [医] 出汗 [经] 汗损,"n. 汗, 汗水, 水珠, 焦急 vi. 出汗, 渗出, 冒出水气, 结水珠, 烦恼, 懊恼 vt. 使出汗, 流出, …"
5266,7456,surrounding,surround,i,AB,loan,loan,form-more-frequent,keep,周围的；环绕的,包围；环绕,n. 环境 a. 周围的,"vt. 包围, 环绕, 围绕 n. 围绕物"
5275,8178,veins,vein,s,AB,loan,loan,form-more-frequent,keep,静脉；纹理,静脉；纹理；风格,n. 纹理；静脉（vein的复数）,"n. 血管, 静脉, 纹理, 气质, 情绪 vt. 使有脉络, 像脉络般分布于"
5278,12300,responsibilities,responsibility,s,AB,loan,,form-more-frequent,keep,责任（复数）,责任；职责,n. 责任；职责（responsibility的复数）,"n. 责任, 职责, 负担, 可靠性 [化] 职责"
5280,6000,missiles,missile,s,AB,loan,,form-more-frequent,keep,导弹（复数）,导弹；投射物,n. 导弹( missile的复数形式 ); 投射物,"n. 发射物, 导弹, 飞弹, 火箭 a. 可发射的"
5283,5546,frightening,frighten,i,AB,mono,mono,form-more-frequent,keep,令人恐惧的,使害怕；吓唬,a. 令人恐惧的；引起突然惊恐的,vt. 使惊吓 vi. 惊恐
5289,6856,promoted,promote,d,AB,loan,loan,form-more-frequent,keep,晋升了；促进了,促进；提升；宣传,a. 晋升的,"vt. 促进, 晋升, 创办, 推销 [经] 促进, 推广, 推销"
5299,11915,expectations,expectation,s,AB,loan,loan,form-more-frequent,keep,期望（复数）,期望；预期；期待,n. 希望( expectation的复数形式 ); 预料; （被）预期; [常作复数] 期望的事情,"n. 期待, 指望, 展望 [化] 期望值"
5310,9874,appointed,appoint,d,AB,loan,loan,form-more-frequent,keep,任命了；指定,任命；指定,"[法] 派任的, 任命的, 指定的","vt. 任命, 指定, 下令 [法] 派, 派任, 任命"
5340,8415,pains,pain,s,AB,loan,mono,form-more-frequent,keep,疼痛；辛劳,疼痛；痛苦,"n. 麻烦, 辛苦","n. 痛苦, 疼痛, 辛苦 vt. 使痛苦, 痛苦 vi. 作痛, 疼"
5349,12800,demanding,demand,i,AB,loan,,form-more-frequent,keep,要求高的；费力的,要求；强烈请求,"a. 要求高的, 费力的","n. 要求, 需求, 需要 v. 要求, 查询"
5355,7680,tasted,taste,p,AB,loan,mono,form-more-frequent,keep,品尝（过去式）,品尝,"v. 尝, 品尝, 尝到( taste的过去式和过去分词 ); 吃; 喝; 浅尝","n. 味道, 品味, 味觉, 感受, 体验, 爱好, 审美, 少量 vt. 尝, 察觉...的味道, 体会 vi. 品尝…"
5367,8115,approached,approach,p,AB,loan,mono,form-more-frequent,keep,接近；靠近（过去式）,接近；靠近；着手处理,接近,"n. 接近, 入门 vt. 接近, 近似, 找...商量 vi. 靠近"
5394,6208,selected,select,d,AB,loan,loan,form-more-frequent,keep,选择（过去式）；挑选的,选择；挑选,"a. 挑选出来的, 精选的 [计] 被选的","a. 挑选出来的, 极好的 v. 选择, 挑选 n. 被挑选者, 精萃 [计] 选定"
5396,8229,dealers,dealer,s,AB,mono,mono,form-more-frequent,keep,经销商（复数）；毒贩,经销商；商人；发牌者,n. 交易商；经销商；商人们（dealer的复数）,"n. 经销商, 商人 [经] 交易员, 贩卖商"
5402,6096,cheaper,cheap,r,AB,mono,mono,form-more-frequent,keep,更便宜的,便宜的；廉价的,"a. 成本更低, 比较便宜的","a. 便宜的, 不值钱的, 可鄙的 adv. 便宜地"
5403,7677,smelled,smell,p,AB,mono,mono,form-more-frequent,keep,闻；嗅（过去式）,嗅；闻,smell的过去式和过去分词,"n. 味道, 气味, 嗅觉, 嗅, 臭味, 气息 vt. 闻, 探出, 察觉, 发出...的气味 vi. 嗅, 散发气味…"
5412,12200,contracts,contract,s,AB,loan,,form-more-frequent,keep,合同（复数）,合同；收缩；感染,n. 契约( contract的名词复数 ); 婚约; [法律]契约法; 行贿,"n. 合约, 婚约, 契约 vt. 使皱缩, 使缩短, 感染, 订约, 缔结 vi. 皱缩, 订约, 收缩"
5413,9977,scattered,scatter,d,AB,mono,mono,form-more-frequent,keep,分散的；散乱的,散开；撒,"a. 分散的, 散乱的 [计] 分散的","n. 消散, 分散, 散播, 散射, 散布, 酒馆 vi. 散布, 散播, 消散 vt. 使消散, 使分散, 撒, 散布…"
5414,5562,trusting,trust,i,AB,mono,mono,form-more-frequent,keep,轻信的；信任的,信任；信赖,"a. 轻信的, 信任他人的, 深信不疑的","n. 信任, 信赖, 相信, 受托, 职责, 信心, 托拉斯 a. 信托的, 托拉斯的 vt. 信赖, 信任, 相信, …"
5417,14000,volunteers,volunteer,s,AB,loan,,form-more-frequent,keep,志愿者（复数）,志愿者；自愿做,"n. 义务工作者( volunteer的名词复数 ); 志愿者; 自告奋勇者; 主动做某事的人 v. 自动提供, 自愿效…",n. 志愿者 a. 志愿的 v. 自愿
5418,5934,remembering,remember,i,AB,loan,mono,form-more-frequent,keep,记得；想起,记得；想起；记住,"n. 回忆, 记住","vt. 记得, 回忆起, 记住, 铭记, 纪念 vi. 记得"
5423,8712,bandits,bandit,s,AB,loan,loan,form-more-frequent,keep,强盗；土匪（复数）,强盗,n. 盗贼；土匪（bandit的复数）,n. 强盗
5429,24613,crackling,crackle,i,AB,mono,mono,form-more-frequent|suspect-target,keep,噼啪声；脆皮,发出爆裂声,"n. 脆皮, 猪油渣","n. 劈啪响, 裂纹 vi. (使)发劈啪声"
5443,10470,regulations,regulation,s,AB,loan,loan,form-more-frequent,keep,规章；条例（复数）,规章；管理,n. 章则；条例；规程（regulation的复数）,"n. 规则, 管理, 调整 [计] 调整; 规章; 规则; 调节"
5461,5745,rides,ride,s,AB,mono,mono,form-more-frequent,keep,骑；乘坐（第三人称单数）,骑；乘坐,n. 座骑（ride的复数）,"n. 骑马, 乘坐, 乘车, 搭便车 vt. 骑, 乘坐, 压迫, 控制 vi. 骑马, 乘车, 漂游"
5465,15141,handcuffs,handcuff,s,AB,mono,mono,form-more-frequent,keep,手铐,铐上手铐,n. 手铐 [法] 手铐,vt. 给...戴上手铐 n. 手铐
5473,6393,healed,heal,d,AB,mono,mono,form-more-frequent,keep,治愈（过去式）,愈合；治愈,v. （使）愈合( heal的过去式和过去分词 ); 治愈; （使）结束; 较容易忍受,"vi. 痊愈 vt. 使复原, 使和解, 治愈"
5481,13000,recommended,recommend,d,AB,loan,,form-more-frequent,keep,推荐；建议,推荐；建议；劝告,a. 被推荐的,"vt. 推荐, 介绍, 劝告, 使受欢迎, 托付 [经] 建议, 推荐"
5488,13000,exploded,explode,p,AB,loan,,form-more-frequent,keep,爆炸；激增,爆炸；激增；破除（迷信等）,"a. 爆炸了的, 分解的, 被破除的, 被戳穿的","vi. 爆炸, 爆发, 激增 vt. 使爆炸"
5493,6589,awaits,await,3,AB,loan,loan,form-more-frequent,keep,等待；期待,等待；期待,v. 等候( await的第三人称单数 ); 等待; 期待; 将发生在,vt. 等候 vi. 等待着
5496,8005,particles,particle,s,AB,loan,loan,form-more-frequent,keep,粒子；微粒,微粒；粒子,"n. 粒子系统；微粒, 粒子；碎木料（particle的复数形式）","n. 颗粒, 粒子, 质点, 极小量 [化] 粒子; 质点"
5498,13208,amazed,amaze,p,B,mono,mono,src-b-only|form-more-frequent,keep,惊奇的；大为惊讶的,使惊奇；使惊叹,"a. 吃惊的, 惊奇的",vt. 使吃惊
5500,15898,lyrics,lyric,s,AB,loan,loan,form-more-frequent,keep,歌词；抒情诗,歌词；抒情诗,n. 歌词,"n. 抒情诗, 歌词 a. 抒情的"
5508,6261,goals,goal,s,AB,mono,mono,form-more-frequent,keep,目标；进球,球门；进球；目标,"n. 目标, 目的；进球, 射中次数","n. 目标, 终点, 得分, 球门, 守门员 vi. 攻门, 射门得分"
5514,5664,grounded,ground,d,AB,mono,mono,form-more-frequent,keep,禁足的；接地的,地面；土地,a. [物]接地的；有基础的,"n. 土地, 战场, 场地, 地面, 范围 a. 土地的, 地面上的 vt. 放在地上, 使搁浅, 打基础, 给...以…"
5525,11836,shattered,shatter,d,AB,mono,mono,form-more-frequent,keep,破碎的；极度震惊的,打碎；粉碎,a. 极度疲劳的；破碎的,"n. 碎片, 粉碎, 落叶, 喷洒 vt. 打碎, 使散开, 粉碎, 破坏 vi. 粉碎, 损坏, 脱落"
5528,5967,sought,seek,d,AB,mono,mono,form-more-frequent,keep,寻找；寻求（seek过去式）,寻找；寻求；探索,seek的过去式和过去分词,"vt. 寻求, 寻找, 探索, 追求, 搜索, 请求 vi. 寻找, 搜索 [计] 查找"
5544,12000,kilometers,kilometer,s,AB,loan,,form-more-frequent,keep,千米；公里,千米，公里,"n. <美>千米, 公里( kilometer的复数形式 )","n. 千米, 公里 [医] 千米, 公里"
5545,5757,rises,rise,s,AB,mono,mono,form-more-frequent,keep,上升；升起,升起；上升；起身,v. 价格上涨；（日、月、星）升起；起身（rise第三人称单数）,"n. 上升, 增加, 上涨, 高地, 升高, 出现 vi. 升起, 起身, 起立, 上升, 上涨, 增长, 高耸, 起义…"
5554,8238,bosses,boss,s,AB,loan,mono,form-more-frequent,keep,老板；上司（复数）,老板；上司；领班,n. 老板( boss的名词复数 ); 经理; 上司; 工头,"n. 老板, 上司, 岩瘤, 浮雕, 母牛 vt. 指挥, 控制, 浮雕"
5556,30789,snarling,snarl,i,AB,mono,mono,form-more-frequent|suspect-target,keep,咆哮；龇牙低吼,咆哮；缠结,"v. （指狗）吠, 嗥叫, （人）咆哮( snarl的现在分词 ); 咆哮着说, 厉声地说","vi. 吼叫, 怒骂, 缠结 vt. 咆哮着说, 搞乱, 使缠结 n. 咆哮, 吼叫, 怒骂, 缠结, 混乱"
5559,3398,tired,tire,p,B,mono,mono,src-b-only,?,疲倦的；厌倦的,使疲倦；疲劳,"a. 疲累的, 疲乏的, 厌倦的","n. 轮胎, 头饰 vt. 使疲倦, 使厌烦, 打扮 vi. 疲劳, 厌倦"
5563,8613,sustained,sustain,d,AB,loan,loan,form-more-frequent,keep,持续的；持久的,维持；支撑；遭受,"a. 持续的, 持久不变的, 持久的, 不懈的 [计] 持续的","vt. 承受, 支持, 供养, 继续, 忍受, 蒙受, 证实, 准许 [电] 持续"
5564,14300,abducted,abduct,d,AB,loan,,form-more-frequent,keep,绑架；劫持（过去式）,绑架，诱拐,[法] 诱拐,"vt. 诱拐, 绑架, 使外展 [医] 外展, 展"
5565,1985,panicked,panic,p,B,loan,loan,src-b-only,?,惊慌；恐慌（过去式）,恐慌；惊慌,vt. 使恐慌（panic的过去式与过去分词形式）,"n. 恐慌, 惊慌 a. 惊慌的, 没有理由的, 恐慌的 vt. 使惊慌, 使狂热 vi. 惊慌"
5567,5772,diving,dive,i,AB,mono,mono,form-more-frequent,keep,潜水；跳水,跳水；潜水；俯冲,"n. 潜水, 跳水","n. 潜水, 跳水 vi. 跳水, 俯冲, 猛冲 vt. 把...突然伸入"
5574,12200,techniques,technique,s,AB,loan,,form-more-frequent,keep,技术；技巧（复数）,技术，技巧，方法,n. 方法；技巧；技术（technique的复数）,"n. 技巧, 技术, 方法 [化] 工艺方法; 技巧"
5580,48,willing,will,i,B,mono,mono,src-b-only,?,愿意的；乐意的,将；会（助动词）,"a. 乐意的, 自愿的, 甘愿的","n. 意志, 决心, 意愿, 意向, 干劲, 遗嘱 vt. 用意志的力量驱使, 决意, 愿意, 立遗嘱 vi. 下决心,…"
5584,6258,scored,score,p,AB,mono,mono,form-more-frequent,keep,得分；刻痕（过去式）,得分,a. 折叠的；刮伤的,"n. 得分, 抓痕, 二十个, 刻痕, 帐目, 乐谱, 起跑线, 终点线, 大量 vt. 刻划, 划线, 获得, 评价,…"
5586,8577,sensors,sensor,s,AB,loan,loan,form-more-frequent,keep,传感器（复数）,传感器,"n. 传感器, 感应器；感测器（sensor的复数）",n. 传感器 [计] 检测器
5604,10041,casualties,casualty,s,AB,loan,loan,form-more-frequent,keep,伤亡人员（复数）,伤亡人员；受害者,n. 伤亡；人员伤亡（casualty的复数）,"n. 意外事故, 伤亡, 受害者 [化] 事故"
5607,6030,marketing,market,i,B,loan,mono,src-b-only|form-more-frequent,keep,营销；市场推广,市场；集市；行情,"n. 行销, 买卖 [经] 推销, 在市场买卖, 销售","n. 市场, 交易, 集市, 推销地区, 行情, 市面, 销路 vt. 在市场上交易, 使上市, 销售 vi. 在市场上…"
5616,13000,compliments,compliment,s,AB,loan,,form-more-frequent,keep,赞美；恭维（复数）,赞美；恭维,"n. 问候, 道贺, 致意","n. 称赞, 恭维, 敬意 vt. 称赞, 褒扬, 恭维"
5628,8633,ingredients,ingredient,s,AB,loan,loan,form-more-frequent,keep,成分；原料（复数）,成分；原料,材料；作料,"n. 成分, 因素 [化] 配合剂; 拼料; 成分; 组分"
5640,14500,corpses,corpse,s,AB,loan,,form-more-frequent,keep,尸体（复数）,尸体，死尸,"n. 死尸, 尸体( corpse的复数形式 )",n. 尸体 [医] 尸体
5644,6730,banned,ban,d,AB,mono,mono,form-more-frequent,keep,被禁止的,禁止；取缔,a. 被禁的,"n. 禁令 vt. 禁止, 取缔"
5657,7620,mills,mill,s,AB,mono,mono,form-more-frequent,keep,磨坊；工厂（复数）,碾磨,n. 米尔斯（人名）,"n. 压榨机, 磨坊, 制造厂 vt. 碾磨, 磨细, 搅拌, 使乱转 vi. 乱转, 被碾磨"
5658,1490,farther,far,r,A,mono,mono,src-a-only,?,更远地,远的（地）,"a. 更远的, 进一步的 adv. 更远的, 此外, far的比较级","a. 远的, 久远的, 遥远的 adv. 甚远地, 很, 到很深的程度, 到很远的距离"
5661,7826,flattered,flatter,d,AB,loan,loan,form-more-frequent,keep,感到荣幸的；受宠若惊的,奉承；使高兴,"a. 高兴的, 感到荣幸的；过分夸赞","vt. 奉承, 阿谀, 使高兴 [机] 平面锤"
5664,7617,ground,grind,d,AB,mono,mono,form-more-frequent,keep,地面；土地,磨碎,"n. 土地, 战场, 场地, 地面, 范围 a. 土地的, 地面上的 vt. 放在地上, 使搁浅, 打基础, 给...以…","n. 磨, 碾, 苦差, 摩擦声, 用功的学生 vt. 磨擦, 磨碎, 磨光, 折磨, 压榨 vi. 磨, 磨碎, 苦干"
5672,8244,hiring,hire,i,AB,mono,mono,form-more-frequent,keep,雇用（现在分词）,雇用；租用；聘请,"[法] 租用, 雇用","n. 租金, 租用, 雇用 vt. 雇请, 出租 vi. 受雇"
5674,8193,fees,fee,s,AB,loan,mono,form-more-frequent,keep,费用；酬金（复数）,费用；酬金；小费,n. 规费；费用（fee的复数）,"n. 费用, 小费, 封地, 所有权 vt. 付费给"
5679,6012,spends,spend,3,AB,mono,mono,form-more-frequent,keep,花费；度过（第三人称单数）,花费；度过；消耗,"v. 用钱, 花钱( spend的第三人称单数 ); 花费; 消耗; 花（时间）","vt. 花费, 浪费, 度过, 消耗, 消磨 vi. 花费, 用尽"
5694,1635,christians,christian,s,AB,proper,proper,lemma-proper,keep,基督徒（复数）,基督徒；adj. 基督教的,n. 基督教徒( Christian的复数形式 ),"n. 基督徒, 正派人 a. 基督的, 基督教的"
5708,14742,followers,follower,s,AB,mono,mono,form-more-frequent,keep,追随者；粉丝（复数）,追随者；粉丝,n. 追随者；仿效者；契约附页；[机械]随动件（follower的复数）,"n. 从者, 属下, 追补者 [电] 随动机"
5726,9095,whoops,whoop,s,AB,mono,mono,form-more-frequent,keep,哎哟；糟糕,大叫；欢呼声,interj. 哎哟,"n. 大叫, 呐喊, 一点点 vi. 叫喊, 鸣叫 vt. 高声说, 唤起"
5740,8403,yelled,yell,p,AB,mono,mono,form-more-frequent,keep,大叫；喊叫,叫喊；吼叫；嚎叫,"v. 叫喊, 号叫, 叫着说( yell的过去式和过去分词 )","vi. 叫喊, 大叫, (齐声)呐喊欢呼 vt. 喊叫着说 n. 叫声, 喊声, 呐喊"
5745,7560,gardens,garden,s,AB,loan,mono,form-more-frequent,keep,花园（复数）,花园；菜园,n. 花园（garden的复数形式）,"n. 花园, 果园, 菜园 vi. 栽培花木 vt. 造园 a. 花园的, 普通的"
5752,8385,dared,dare,p,AB,mono,mono,form-more-frequent,keep,敢于；胆敢,敢；敢于；挑战,v. 敢于（竟敢）,"n. 挑战, 挑动, 大胆 v. 敢, 胆敢"
5781,12400,appreciated,appreciate,d,AB,loan,,form-more-frequent,keep,感激；欣赏,欣赏；感激；增值,v. 感激( appreciate的过去式和过去分词 ); 欣赏; （充分）意识到; 对…作（正确）评价,"vt. 赏识, 鉴别, 为...而感激, 领会, 欣赏 vi. 增值, 涨价"
5782,8622,condemned,condemn,d,AB,loan,loan,form-more-frequent,keep,谴责；判刑,谴责；判刑,"a. 已被定罪的, 定了罪的人用的","vt. 判刑, 责备, 谴责 [法] 定罪, 判刑, 宣告有罪"
5784,26583,muttering,mutter,i,AB,mono,mono,form-more-frequent|suspect-target,keep,咕哝；低声抱怨,咕哝；低声抱怨,[医] 嗫语,"n. 喃喃低语 vi. 喃喃自语, 作低沉声 vt. 出怨言, 抱怨地说"
5793,10595,squeaking,squeak,i,AB,mono,mono,form-more-frequent,keep,吱吱叫；发出尖声,吱吱叫；发出尖声,n. 滑音测试；锐音,"n. 吱吱声, 侥幸 vi. 吱吱叫, 告密, 侥幸成功 vt. 以短促尖声发出"
5804,14400,humiliating,humiliate,i,AB,mono,,form-more-frequent,keep,令人羞辱的,羞辱，使丢脸,"a. 丢脸的, 耻辱的, 羞愧的","vt. 使丢脸, 使蒙羞, 屈辱"
5817,12200,evolved,evolve,d,AB,loan,,form-more-frequent,keep,进化；演变,进化，演变,n. 进化了的,"vi. 进展, 进化, 展开 vt. 使发展, 使推断出, 使进化"
5818,8373,shifts,shift,s,AB,mono,mono,form-more-frequent,keep,转变；轮班,移动；转变；轮班,n. 转换( shift的名词复数 ); 切换键; （汽车等的）变速; 更换 v. 改变( shift的第三人称单数 )…,"n. 变化, 移动, 轮班, 手段, 应急办法, 移位 vt. 替换, 转移, 改变, 推卸, 变速 vi. 转换, 移…"
5823,6778,foreigners,foreigner,s,AB,loan,loan,form-more-frequent,keep,外国人,外国人,"n. 外国人( foreigner的复数形式 ); 外来人, 外地人; 老外; 蕃","n. 外国人, 外地人 [法] 外国人, 进口货, 外国货"
5834,43392,bollocks,bollock,s,AB,mono,mono,form-more-frequent|suspect-target,keep,胡说；睾丸,（俚）睾丸；斥责,胡说,vt. 臭骂
5836,5901,swept,sweep,d,AB,mono,mono,form-more-frequent,keep,扫；席卷,扫；扫过；席卷,sweep的过去式和过去分词,"n. 扫除, 打扫, 肃清, 视野, 范围, 全胜 vt. 扫除, 掸去, 猛拉, 扫荡, 肃清, 冲走, 刮起, 环视…"
5841,6000,misunderstood,misunderstand,d,AB,mono,,form-more-frequent,keep,被误解的,误解，误会,misunderstand的过去式和过去分词,"vt. 误解, 误会"
5855,7678,bathing,bathe,i,B,mono,mono,src-b-only|form-more-frequent,keep,洗澡；沐浴,洗澡；沐浴,"n. 游泳, 洗海水澡","vt. 沐浴, 用水洗 vi. 洗澡"
5860,9789,boundaries,boundary,s,AB,loan,loan,form-more-frequent,keep,边界；界限,边界；界限,n. 分界线( boundary的名词复数 ); 范围; 使球越过边界线的击球（得加分）; 疆界,"n. 边界, 分界线 [计] 边界"
5863,7187,strangled,strangle,d,AB,loan,loan,form-more-frequent,keep,勒死；扼杀,勒死；扼杀,v. 扼死( strangle的过去式和过去分词 ); 使窒息; 抑制; 压制,"vt. 勒死, 扼死, 压制, 使窒息, 抑制 vi. 被扼死, 被绞死, 窒息而死"
5873,12000,reserved,reserve,d,AB,loan,,form-more-frequent,keep,预订的；矜持的,预订；保留,"a. 保留的, 预备的, 预定的, 腼腆的, 不露感情的, 含蓄的, 缄默的, 冷淡的 [法] 用作储备的, 保留的, …","n. 储备品, 贮量, 后备军, 自然保护区, 保留, 拘谨, 节制, 储备金 vt. 保留, 保存, 预订, 延期, …"
5887,8264,mushrooms,mushroom,s,AB,loan,loan,form-more-frequent,keep,蘑菇（复数）,蘑菇；迅速增长,n. 蘑菇；蕈类（mushroom的复数形式）,"n. 蘑菇形物, 蘑菇, 暴发户 vi. 迅速生长, 迅速增加, 采蘑菇 a. 蘑菇形的, 迅速生长的"
5909,6500,overwhelming,overwhelm,i,AB,mono,,form-more-frequent,keep,压倒性的；巨大的,压倒；使不知所措,"a. 压倒性的, 无法抵抗的","vt. 淹没, 受打击, 制服, 压倒, 使不知所措 [法] 打翻, 倾覆, 覆盖"
5911,7068,inherited,inherit,d,AB,loan,loan,form-more-frequent,keep,继承；遗传（过去式）,继承；遗传,a. 遗传的；继承权的；通过继承得到的,"vt. 继承, 遗传 vi. 接受遗产"
5913,9095,whooping,whoop,i,AB,mono,mono,form-more-frequent,keep,呼啸的；大声的,大叫；欢呼声,a. 高喊声的,"n. 大叫, 呐喊, 一点点 vi. 叫喊, 鸣叫 vt. 高声说, 唤起"
5932,25427,depressing,depress,i,B,loan,loan,src-b-only|form-more-frequent|suspect-target,keep,令人沮丧的,使沮丧；压低,"a. 抑压的, 沉闷的, 阴沉的","vt. 使沮丧, 压低, 降低, 使萧条 [化] 推下"
5941,8214,losses,loss,s,AB,mono,mono,form-more-frequent,keep,损失；失败（复数）,损失；亏损；丧失,n. 损失；损耗（loss的复数）,"n. 损失, 遗失, 失败, 输, 错过, 伤亡 [化] 损失; 损耗"
5974,1165,programs,program,s,AB,loan,loan,homograph,?,程序；节目（复数）,节目；程序；计划,"n. 程序, 程序集；所有程式（program的复数）","n. 节目, 节目单, 程序, 纲要, 大纲, 计划 vt. 规划, 拟...计划 vi. 安排节目, 编程序 [计] …"
5974,4341,programs,programme,3,B,loan,loan,src-b-only|homograph,?,程序；节目（复数）,节目；计划（英式）,"n. 程序, 程序集；所有程式（program的复数）","n. 节目, 节目单, 程序, 纲要, 大纲, 计划 vt. 规划, 拟...计划 vi. 安排节目, 编程序"
5988,6402,fainted,faint,p,AB,loan,mono,form-more-frequent,keep,晕倒（过去式）,昏厥；晕倒,"a. ??人事的, 昏厥的","n. 昏厥, 昏倒 a. 模糊的, 微弱的, 无力的 vi. 昏倒, 变得微弱"
6009,20430,mumbling,mumble,i,AB,mono,mono,form-more-frequent|suspect-target,keep,咕哝；含糊地说,含糊地说；咕哝,n. 喃喃；含糊话；晦涩词语,"n. 喃喃而语, 咕哝 v. 喃喃而语, 咕哝"
6023,6357,hips,hip,s,AB,mono,mono,form-more-frequent,keep,臀部（复数）,臀部；髋部,[化] 高抗冲聚苯乙烯,"n. 臀部, 蔷薇果, 忧郁 a. 熟悉内情的 vt. 使忧郁, 给(屋顶)造屋脊 interj. 喝彩声"
6025,12800,expelled,expel,d,AB,loan,,form-more-frequent,keep,开除；驱逐（过去式）,驱逐，开除；排出,v. 驱逐( expel的过去式和过去分词 ); 赶走; 把…除名; 排出,"vt. 驱逐, 逐出, 排出, 开除 [医] 排除, 迫出"
6029,8000,premises,premise,s,AB,loan,,form-more-frequent,keep,房屋；经营场所,前提；假定,"n. 房屋, 上述各点, 上述房屋 [经] 房屋, 店铺, 契约前言","n. 前提, 房屋连地基, 上述各项 vt. 预先提出, 引出, 作为...的前提 vi. 作出前提"
6035,8726,bruises,bruise,s,AB,mono,mono,form-more-frequent,keep,瘀伤（复数）,瘀伤；擦伤,"n. 瘀伤, 伤痕, 擦伤( bruise的名词复数 )","n. 青肿, 挫伤, 擦伤 vi. 受伤, 擦伤 vt. 使受伤, 研碎"
6038,12200,elections,election,s,AB,loan,,form-more-frequent,keep,选举（复数）,选举，推选,"n. 选举, 选举制；投票（election的复数形式）","n. 选举, 当选, 选择权 [法] 选举, 当选"
6039,8275,annoyed,annoy,p,B,loan,loan,src-b-only|form-more-frequent,keep,恼怒的；烦恼的,使恼怒；打扰,a. 恼怒的；烦闷的,"vt. 使恼怒, 骚扰"
6041,7857,earrings,earring,s,AB,mono,mono,form-more-frequent,keep,耳环,耳环,n. 耳环；耳饰（earring的复数）,"n. 耳环, 耳饰"
6045,16000,narrating,narrate,i,AB,loan,,form-more-frequent,keep,叙述；讲述,叙述，讲述,v. 故事( narrate的现在分词 ),"v. 说故事, 说明, 叙述"
6055,12179,fulfilled,fulfil,d,AB,mono,mono,form-more-frequent|homograph,keep,满足的；实现的,履行；实现,"a. 满足的, 个人志向得以实现的 v. 满足( fulfil的过去式和过去分词 ); 执行; 尽到; 应验","vt. 实践, 履行, 实行, 完成, 结束, 满足 [经] 履行(契约), 满期"
6055,4654,fulfilled,fulfill,p,B,mono,mono,src-b-only|homograph,?,满足的；实现的,履行；实现,"a. 满足的, 个人志向得以实现的 v. 满足( fulfil的过去式和过去分词 ); 执行; 尽到; 应验","vt. 实践, 履行, 实行, 完成, 结束, 满足 [法] 履行, 完成, 达到"
6058,6134,dinosaurs,dinosaur,s,AB,loan,loan,form-more-frequent,keep,恐龙,恐龙,"n. <生>恐龙( dinosaur的复数形式 ); 守旧落伍的人, 过时落后的东西",n. 恐龙
6063,13701,acres,acre,s,AB,mono,mono,form-more-frequent,keep,英亩（复数）,英亩,n. 英亩( acre的复数形式 ),n. 英亩
6076,12100,concerning,concern,i,AB,loan,,form-more-frequent,keep,关于；就…而言,涉及；关心；忧虑,prep. 关于 [法] 关于,"n. 关心, 忧虑 vt. 与...有关, 使担心, 使挂念"
6080,8319,noted,note,d,AB,loan,mono,form-more-frequent,keep,著名的；知名的,笔记；便条,"a. 著名的, 显著的, 扬名的","n. 笔记, 记录, 注解, 票据, 符号, 显要, 注重, 便笺, 照会 vt. 记录, 注解, 注意"
6105,6204,deepest,deep,t,AB,mono,mono,form-more-frequent,keep,最深的,深的；深刻的,a. 深的（ deep的最高级 ）; 严重的; 深奥的; 有…深的,"a. 深的 adv. 深入地 n. 深渊, 深处"
6126,8199,banking,bank,i,AB,mono,mono,form-more-frequent,keep,银行业务；银行业,银行；岸；库,"n. 银行业务 [经] 银行业, 银行事务","n. 银行, 堤, 岸 [医] 库"
6133,8208,funding,fund,i,AB,loan,mono,form-more-frequent,keep,资金；拨款,基金；储备；资金,[经] 债务转期,"n. 基金, 资金, 存款, 财源, 贮藏 vt. 提供资金, 积累"
6135,6671,wages,wage,s,AB,mono,loan,form-more-frequent,keep,工资；薪水；报酬,工资；报酬,"n. 工资, 报酬, 薪金, 工钱, 报应, 报答, 年产额 [化] 工资","n. 工资, 报应, 报偿 vt. 开展, 进行 vi. 进行"
6139,14000,cowards,coward,s,AB,loan,,form-more-frequent,keep,胆小鬼；懦夫,胆小鬼，懦夫,"n. 胆小鬼, 懦夫( coward的复数形式 )","n. 懦弱的人, 胆小的人"
6148,34951,clamoring,clamor,i,B,loan,loan,src-b-only|form-more-frequent|suspect-target,keep,大声要求；喧闹,喧闹；强烈要求,"v. 喧哗, 吵闹( clamor的现在分词 ); 大声地要求或抗议","n. 喧闹, 叫嚷, 大声的要求 v. 喧嚷, 大声地要求"
6150,32871,bacteria,bacterium,s,AB,loan,loan,form-more-frequent|suspect-target,keep,细菌,细菌（单数）,"pl. 细菌 [医] 细菌, [无芽胞]杆菌",n. 细菌 [医] [无芽胞]杆菌属
6194,6390,summoned,summon,d,AB,loan,loan,form-more-frequent|homograph,keep,召唤；传唤,召唤；传唤,v. 传唤( summon的过去式和过去分词 ); 召唤; 传讯（出庭）; 鼓起（勇气）,"vt. 召唤, 召集, 号召, 振奋, 唤起, 鼓起 [经] 传唤, 传讯"
6194,10983,summoned,summons,p,B,loan,loan,src-b-only|form-more-frequent|homograph,keep,召唤；传唤,传票；召唤,v. 传唤( summon的过去式和过去分词 ); 召唤; 传讯（出庭）; 鼓起（勇气）,"n. 召唤, 传唤, 召集, 传票 vt. 传唤, 唤出, 传到"
6217,8196,payments,payment,s,AB,loan,mono,form-more-frequent,keep,付款；款项（payment 复数）,支付；付款；报酬,n. 惩罚；薪资；支付；付款（payment的复数形式）,"n. 付款, 支付的款项(或实物), 偿还, 报应, 惩罚 [经] 支付, 缴纳, 支付款额"
6223,6327,stakes,stake,s,AB,mono,mono,form-more-frequent,keep,赌注；利害关系,桩；赌注,n. 利益；赌注；风险（stake的复数）,"n. 桩, 炮烙刑, 木柱, 赌注, 奖金 vt. 打桩, 用桩撑, 下赌注, 资助 vi. 打赌"
6224,8436,kilos,kilo,s,AB,loan,loan,form-more-frequent,keep,千克；公斤（kilo 复数）,千克；公斤,n. 公斤；千克,n. 千 [计] 千
6245,8013,mourning,mourn,i,AB,mono,mono,form-more-frequent,keep,哀悼；服丧,哀悼；悲伤,"n. 哀痛, 居丧, 举哀, 哀悼, 丧服, 戴孝","v. 哀悼, 忧伤, 服丧"
6262,12000,figuring,figure,i,AB,loan,,form-more-frequent,keep,认为；计算（figure 现在分词）,形状，图形；数字；人物,v. 用数字表示；计算；修琢（figure的ing形式）,"n. 数字, 价格, 图形, 形状 vt. 描绘, 表示, 演算, 认为 vi. 计算, 出现, 估计"
6288,12000,attempts,attempt,s,AB,loan,,form-more-frequent,keep,尝试；企图（复数）,尝试；企图,"n. 企图, 试图；尝试（attempt的复数） v. 试图；努力去做（attempt的三单形式）","n. 尝试, 企图 vt. 尝试, 企图"
6305,8401,installed,install,d,AB,loan,loan,form-more-frequent,keep,安装；任命（过去式）,安装；任命,a. 安装的；已装入的,"vt. 安装, 安置, 使就职 [计] 安装, 安装程序; DOS内部命令:安装常驻程序"
6308,31340,devastated,devastate,d,AB,loan,mono,form-more-frequent|suspect-target,keep,极度震惊的；毁坏的,摧毁；使震惊,v. 彻底破坏( devastate的过去式和过去分词); 摧毁; 毁灭; 在感情上（精神上、财务上等）压垮 a. 毁坏…,"vt. 毁坏 [法] 使荒废, 毁灭, 掠夺"
6323,12000,attempting,attempt,i,AB,loan,,form-more-frequent,keep,尝试；企图（现在分词）,尝试；企图,v. 试图( attempt的现在分词 ); 尝试; 试图夺取或攻克（堡垒、要塞等）; 试图征服（高山）,"n. 尝试, 企图 vt. 尝试, 企图"
6324,6804,deceived,deceive,d,AB,loan,loan,form-more-frequent,keep,欺骗（过去式）,欺骗；误导,"v. 欺骗, 蒙骗( deceive的过去式和过去分词 )","v. 欺骗, 行骗"
6327,13000,mirrors,mirror,s,AB,loan,,form-more-frequent,keep,镜子（复数）,反映，映照,n. 反光镜；写实；[罕]模范；镜子（mirror的复数）,"n. 镜子, 写真, 典范 vt. 反映, 映出"
6330,6500,overwhelmed,overwhelm,d,AB,mono,,form-more-frequent,keep,不知所措的；压倒的,压倒；使不知所措,v. 淹没( overwhelm的过去式和过去分词 ); 压倒; 覆盖; 压垮,"vt. 淹没, 受打击, 制服, 压倒, 使不知所措 [法] 打翻, 倾覆, 覆盖"
6336,12000,locations,location,s,AB,loan,,form-more-frequent,keep,地点；位置（复数）,位置，地点；外景拍摄地,n. 位置；定位件；地点（location的复数）,"n. 位置, 场所, 特定区域 [计] 位置"
6338,6500,robbers,robber,s,AB,mono,mono,form-more-frequent,keep,强盗（复数）,强盗；劫匪,n. 盗贼（robber的复数形式）,"n. 强盗, 盗贼"
6341,12402,disabled,disable,d,B,loan,loan,src-b-only|form-more-frequent,keep,残疾的；禁用的,使失去能力；禁用,"a. 残废的, 有缺陷的, 失效的 [计] 失效的","vt. 使失去能力, 使残废, (律)使无资格 [计] 使无效, 禁止, 关闭"
6350,14599,revving,rev,i,AB,mono,loan,form-more-frequent,keep,轰油门；加速（现在分词）,发动机转速；牧师,v. <口>（使）加速( rev的现在分词 ); （数量、活动等）激增; （使发动机）快速旋转; （使）活跃起来,"n. 一次回转 v. 加快转速 [计] 反转, 周, 转数"
6362,15584,creaks,creak,s,AB,mono,mono,form-more-frequent,keep,发出吱嘎声；嘎吱作响,嘎吱作响,v. （门）嘎吱作响( creak的第三人称单数 ),"n. 辗轧声, 嘎吱嘎吱声 vi. 作辗轧声, 发出辗轧声"
6407,10447,tactics,tactic,s,AB,loan,loan,form-more-frequent,keep,战术；策略,策略；战术,"n. 用兵学, 战术, 兵法 [经] 战术, 策略","n. 一项战术, 一条策略 a. 战术的, 顺序的, 排列的"
6411,7545,bushes,bush,s,AB,mono,mono,form-more-frequent,keep,灌木丛（复数）,灌木,n. 灌木（丛）( bush的名词复数 ); [机械学]（金属）衬套; [电学]（绝缘）套管; 类似灌木的东西（尤指浓密…,n. 矮树丛 [化] 管衬
6412,41542,grandparents,grandparent,s,AB,mono,mono,form-more-frequent|suspect-target,keep,祖父母；外祖父母,祖父母；外祖父母,n. 外祖父母；祖父母（grandparent的复数）,n. 祖父母
6423,10134,smuggling,smuggle,i,AB,mono,mono,form-more-frequent,keep,走私；偷运,走私；偷运,n. 走私 [经] 走私,"vt. 偷运, 走私, 私运 vi. 走私"
6426,7488,biscuits,biscuit,s,AB,loan,loan,form-more-frequent,keep,饼干（复数）,饼干；小圆面包,n. <英>饼干( biscuit的复数形式 ); <美>软烤饼; 松饼（食用时常佐以肉汁）; 淡黄褐色,n. 饼干 [化] 素坯; 饼干
6429,8526,acquired,acquire,d,AB,loan,loan,form-more-frequent,keep,获得；购得（过去式）,获得；习得,"a. 获得的, 后天的 [医] 获得的, 后天的","vt. 获得, 学到 [电] 目标锁定"
6435,28939,barracks,barrack,3,AB,loan,loan,form-more-frequent|suspect-target,keep,兵营；营房,起哄；喝倒彩；兵营,"n. 兵营, 营房；简陋的房子；警察所（barrack的复数）","n. 兵舍, 军营 vt. 使驻兵营内"
6438,13000,distorted,distort,d,AB,loan,,form-more-frequent,keep,扭曲的；失真的,扭曲；曲解,a. 歪曲的；受到曲解的,"vt. 扭曲, 歪曲 [法] 歪区, 曲解, 纂改"
6442,8076,forests,forest,s,AB,mono,mono,form-more-frequent,keep,森林（复数）,森林,n. 森林( forest的名词复数 ); 丛林; （森林似的）一丛; 一片,"n. 森林, 林区 vt. 植树于"
6459,8000,exclaims,exclaim,3,AB,loan,,form-more-frequent,keep,呼喊；惊叫,呼喊，惊叫,"v. 呼喊, 惊叫, 大声说( exclaim的第三人称单数 )","v. 大叫, 呼喊, 大声叫"
6461,14000,volunteered,volunteer,p,AB,loan,,form-more-frequent,keep,自愿做；志愿服务,志愿者；自愿做,"v. 自动提供, 自愿效劳( volunteer的过去式和过去分词 ); 主动建议（或告诉）; （未经当事人同意）举荐;…",n. 志愿者 a. 志愿的 v. 自愿
6467,12500,refusing,refuse,i,AB,loan,,form-more-frequent,keep,拒绝,拒绝,"v. 拒绝, 回绝( refuse的现在分词 ); 推却, 回绝; 拒绝给（所需之物）","vt. 拒绝, 谢绝 vi. 拒绝 n. 废物 a. 扔掉的, 无用的"
6505,8118,enters,enter,3,AB,loan,mono,form-more-frequent,keep,进入；输入,进入；参加；输入,v. 进入( enter的第三人称单数 ); 进去; 参加; 登记,"vt. 进入, 参加, 开始, 输入, 回车 vi. 进去, 参加 [计] 输入, 回车"
6506,8310,maps,map,s,AB,loan,mono,form-more-frequent,keep,地图（复数）,地图,abbr. 管理分析与规划系统（Management Analysis and Planning System）,"n. 地图, 天体图, 映像 vt. 映射, 绘制...地图, 计划 [计] 实用程序, 映射, 制造自动化协议"
6510,1060,colored,color,p,B,loan,loan,src-b-only,?,有颜色的；彩色的,颜色,a. 染色的 [建] 有色的,"n. 颜色, 面色, 颜料, 外貌 vt. 把...涂上颜色, 粉饰, 使脸红, 歪曲 vi. 变色"
6517,12200,sessions,session,s,AB,loan,,form-more-frequent,keep,会议；一段时间,会议；一场；学期,n. 会议；会期（session的复数）,"n. 期间, 开庭期, 会议, 学期 [计] 会话, 对话, 会晤, 通用任务程序"
6520,7232,forged,forge,d,AB,loan,loan,form-more-frequent,keep,锻造；伪造,锻造；伪造；努力争取,a. 锻的；锻造的,"n. 熔炉, 铁工厂 vt. 打制, 锻造, 伪造 vi. 锻造, 伪造"
6525,12000,authorized,authorize,d,AB,loan,,form-more-frequent,keep,经授权的；认可的,授权，批准,"a. 经认可的, 经授权的 [法] 委任的, 核准的, 许可的","vt. 授权, 批准, 委托 [经] 授权, 委任, 认可"
6529,7595,employed,employ,d,AB,loan,loan,form-more-frequent,keep,受雇的；被使用的,雇用；使用,vt. 雇佣（employ的过去分词）,"n. 雇用 vt. 雇用, 使用, 使从事于"
6530,12800,decorated,decorate,d,AB,loan,,form-more-frequent,keep,装饰；授予勋章,装饰；装修；授予勋章,"a. 装饰的, 修饰的",v. 装饰
6532,12200,detected,detect,d,AB,loan,,form-more-frequent,keep,察觉；发现,察觉，探测,a. 检测到的,"vt. 发现, 察觉, 探测 [法] 发现, 查明, 探测"
6538,8000,exclaiming,exclaim,i,AB,loan,,form-more-frequent,keep,呼喊；惊叫,呼喊，惊叫,"v. 呼喊, 惊叫, 大声说( exclaim的现在分词 )","v. 大叫, 呼喊, 大声叫"
6561,8361,tougher,tough,r,AB,mono,mono,form-more-frequent,keep,更坚韧的；更艰难的,强硬的；坚韧的；艰难的,较坚强的 较艰苦的（tough的比较级）,"n. 恶棍 a. 强硬的, 艰苦的, 坚固的, 坚韧的, 粗暴的, 咬不动的"
6586,28920,stammering,stammer,i,AB,mono,mono,form-more-frequent|suspect-target,keep,结巴地说；口吃,结巴地说,"a. 口吃的, 患口吃的 n. 口吃","v. 口吃, 结结巴巴地说 n. 口吃, 结巴"
6598,3170,e-mails,e-mail,s,AB,loan,loan,lemma-no-gloss,keep,电子邮件,电子邮件,n. 电子邮件( e-mail的名词复数 ) v. 电子邮件( e-mail的第三人称单数 ),[计] 电子邮件
6602,11164,distinguished,distinguish,d,AB,mono,loan,form-more-frequent,keep,杰出的；卓越的,区分；辨别,"a. 卓著的, 著名的","v. 区别, 辨别"
6608,1165,programmed,program,p,B,mono,loan,src-b-only|homograph,?,编程；设定（过去式）,节目；程序；计划,"a. 程序化的, 程控的","n. 节目, 节目单, 程序, 纲要, 大纲, 计划 vt. 规划, 拟...计划 vi. 安排节目, 编程序 [计] …"
6608,4341,programmed,programme,d,AB,mono,loan,homograph,?,编程；设定（过去式）,节目；计划（英式）,"a. 程序化的, 程控的","n. 节目, 节目单, 程序, 纲要, 大纲, 计划 vt. 规划, 拟...计划 vi. 安排节目, 编程序"
6635,8385,daring,dare,i,AB,mono,mono,form-more-frequent,keep,大胆的；勇敢的,敢；敢于；挑战,a. 大胆的,"n. 挑战, 挑动, 大胆 v. 敢, 胆敢"
6640,17900,condolences,condolence,s,AB,loan,,form-more-frequent,keep,哀悼；慰问（复数）,吊唁；慰问,"n. 同情, 吊唁( condolence的复数形式 )","n. 哀悼, 吊唁"
6672,8037,shines,shine,3,AB,mono,mono,form-more-frequent,keep,发光；照耀（第三人称单数）,发光；照耀；擦亮,v. 发光；使亮（shine的第三人称单数）,"n. 光泽, 阳光 vt. 使发光 vi. 照耀, 发光, 发亮"
6675,7944,inmates,inmate,s,AB,mono,mono,form-more-frequent,keep,囚犯；同住者（复数）,囚犯；被收容者,n. 囚犯( inmate的复数形式 ),"n. 同住者, 被收容者 [法] 内部的, 接近中心的, 内在的"
6682,14161,viewers,viewer,s,AB,mono,loan,form-more-frequent,keep,观众；观看者,观众；观看者,n. 电视观众( viewer的复数形式 ); 观看者; 勘查孔; 看片机（把幻灯片等放大观看的装置）,"n. 观察者, 看电视者, 视察员, 观察器 [化] 指示器"
6710,178,founded,found,d,AB,loan,mono,homograph,?,创立；建立（found 的过去式）,找到（find 的过去式）,"a. 有基础的 v. 创办, 成立(found的过去式和过去分词)","vt. 建立, 创立, 铸造 find的过去式和过去分词"
6746,14500,civilized,civilize,p,B,loan,,src-b-only|form-more-frequent,keep,文明的；有教养的,使开化，教化,"a. 文明的, 有礼的","vt. 使开化, 使文明 vi. 变文明"
6759,7629,melted,melt,p,AB,mono,mono,form-more-frequent,keep,融化；熔化（melt 的过去式）,融化,melt的过去式和过去分词,"n. 熔化, 熔化物, 溶解 v. (使)熔化, (使)溶解, (使)消散, (使)变软"
6765,15200,narcotics,narcotic,s,AB,loan,,form-more-frequent,keep,毒品；麻醉剂,麻醉剂；麻醉的,n. 麻醉毒品；麻醉剂（narcotic的复数）,"n. 麻醉药, 镇静剂 a. 麻醉的, 催眠的"
6770,13792,slippers,slipper,s,AB,mono,mono,form-more-frequent,keep,拖鞋,拖鞋,n. 拖鞋（slipper的复数形式）,"n. 拖鞋, 制轮器 vt. 用拖鞋打"
6774,12107,footprints,footprint,s,AB,mono,mono,form-more-frequent,keep,脚印；足迹,脚印；足迹,n. 足迹；足印；脚印（footprint的复数）,n. 足迹 [计] 印迹
6792,14200,retarded,retard,d,B,loan,,src-b-only|form-more-frequent,keep,迟钝的；智力迟缓的,延迟，妨碍,a. 智力上迟钝的,"n. 阻止, 延迟 vt. 妨碍, 延迟, 使减速 vi. 减速, 延迟"
6834,12000,applauding,applaud,i,AB,loan,,form-more-frequent,keep,鼓掌；称赞（现在分词）,鼓掌；称赞,vt. 赞同；称赞；向…喝采 vi. 喝彩；鼓掌欢迎,"v. 拍手喝彩, 称赞, 赞同"
6867,8717,negotiations,negotiation,s,AB,loan,loan,form-more-frequent,keep,谈判；协商,谈判；协商,n. 磋商；谈判（negotiation的复数）,"n. 谈判, 磋商, 交涉 [经] 谈判, 协商"
6869,16735,overheard,overhear,d,AB,mono,mono,form-more-frequent,keep,无意中听到；偷听,无意中听到；偷听,overhear的过去式和过去分词,"vt. 无意中听到, 偷听"
6874,8832,refugees,refugee,s,AB,loan,loan,form-more-frequent,keep,难民（复数）,难民,"n. 避难者, 难民( refugee的复数形式 )","n. 难民, 流亡者 [法] 避难者, 流亡者, 难民"
6884,4282,disappointing,disappoint,i,B,loan,loan,src-b-only,?,令人失望的,使失望,"a. 使失望的, 期待落空的, 令人沮丧的",vt. 使失望
6903,6944,predators,predator,s,AB,loan,loan,form-more-frequent,keep,捕食者；掠夺者,捕食者；掠夺者,n. 食肉动物( predator的复数形式 ); 奴役他人者（尤指在财务或性关系方面）,"n. 食肉动物, 掠夺者 [医] 捕食者"
6904,8166,accusations,accusation,s,AB,loan,loan,form-more-frequent,keep,指控；指责,指控；控告,n. 指责( accusation的复数形式 ); 指控; 控告; （被告发、控告的）罪名,"n. 控告, 指控, 指责 [法] 控告, 起诉, 告发"
6905,6397,olympics,olympic,s,AB,proper,proper,lemma-proper,keep,奥运会,奥林匹克的,n. 奥林匹克运动会,"a. 奥林匹亚的, 奥林匹斯山的, 强有力的, 巨大的"
6912,8115,approaches,approach,s,AB,loan,mono,form-more-frequent,keep,方法；接近（复数）,接近；靠近；着手处理,处理,"n. 接近, 入门 vt. 接近, 近似, 找...商量 vi. 靠近"
6917,8779,grapes,grape,s,AB,loan,loan,form-more-frequent,keep,葡萄（复数）,葡萄,"[医] 马体葡萄疮, 牛结核","n. 葡萄, 葡萄树 [医] 葡萄"
6923,15659,rustling,rustle,i,AB,mono,mono,form-more-frequent,keep,沙沙声；偷牲畜,沙沙作响,"n. 沙沙声, 瑟瑟声","n. 沙沙声, 瑟瑟声, 飒飒声, 急忙 vi. 发出沙沙声 vt. 使飒飒作响"
6964,7489,thugs,thug,s,AB,loan,loan,form-more-frequent,keep,暴徒（复数）,暴徒；恶棍,"n. 暴徒, 恶棍, 流氓( thug的复数形式 )","n. 恶棍, 刺客, 凶手 [法] 凶手, 刺客, 暴徒"
6965,10339,grams,gram,s,AB,loan,loan,form-more-frequent,keep,克（复数）,克（重量单位）,n. 克（gram的复数形式）,"n. 克, 绿豆, 鹰嘴豆 [医] 克"
6977,7677,smelling,smell,i,AB,mono,mono,form-more-frequent,keep,闻；散发气味,嗅；闻,"v. 嗅, 闻( smell的现在分词 ); 闻到; 嗅出; 觉察出","n. 味道, 气味, 嗅觉, 嗅, 臭味, 气息 vt. 闻, 探出, 察觉, 发出...的气味 vi. 嗅, 散发气味…"
6992,12000,filing,file,i,AB,mono,,form-more-frequent,keep,归档；提交；锉,文件；档案；行列,"n. 锉, 琢磨, 锉屑 [计] 编档; 文件编排","n. 档案, 公文箱, 文件夹, 文件, 卷宗, 锉刀 vi. 列队行进, 用锉刀做 vt. 归档, 申请, 锉, 琢磨…"
6995,12600,admired,admire,p,AB,loan,,form-more-frequent,keep,钦佩（过去式/过去分词）,钦佩，赞赏；欣赏,"v. 羡慕, 赞美；钦佩（admire的过去分词） a. 受人钦佩的；感到羡慕的","vt. 赞美, 钦佩, 爱慕 vi. 称赞, 惊奇"
7007,19589,imprisoned,imprison,d,AB,loan,loan,form-more-frequent,keep,被监禁的；关押的,监禁；关押,"v. 下狱, 监禁( imprison的过去式和过去分词 )","vt. 使下狱, 关闭, 拘禁, 限制 [法] 关押, 监禁, 限制"
7014,32585,equipped,equip,d,AB,loan,loan,form-more-frequent|suspect-target,keep,装备的；具备的,装备；配备,v. 装备；整装；预备（equip的过去分词）,"vt. 装备, 配备 [机] 设备, 装置"
7019,15000,violated,violate,d,AB,loan,,form-more-frequent,keep,违反；侵犯（过去式）,违犯，侵犯，扰乱,v. 亵渎( violate的过去式和过去分词 ); 违反; 侵犯; 强奸,"vt. 违犯, 亵渎, 违反, 侵犯, 妨碍 [经] 违犯, 违反"
7037,12100,commanding,command,i,AB,loan,,form-more-frequent,keep,指挥的；威严的,命令；指挥；掌握,"a. 指挥的, 威风凛凛的, 居高临下的","n. 命令, 指挥, 控制, 部队, 司令部 v. 命令, 指挥, 控制 [计] 命令; 指令; DOS外部命令:启动新…"
7039,9037,clatters,clatter,3,AB,mono,mono,form-more-frequent,keep,发出咔嗒声（第三人称单数）,咔嗒声；喧闹声,n. 盘碟刀叉等相撞击时的声音( clatter的名词复数 ),"n. 咔嗒声, 哗啦声, 嘈杂的谈笑声 vi. 发出哗啦声, 喧闹的谈笑 vt. 使咔嗒咔嗒地响"
7049,7612,pupils,pupil,s,AB,loan,loan,form-more-frequent,keep,学生；瞳孔（复数）,学生；瞳孔,n. 学生( pupil的复数形式 ); 瞳孔; 弟子; 门生,"n. 学生, 门生, 未成年人, 瞳孔 [医] 瞳孔"
7067,9183,tempted,tempt,d,AB,loan,loan,form-more-frequent,keep,被诱惑的；心动的,诱惑；引诱,v. 怂恿（某人）干不正当的事; 冒...的险（tempt的过去分词）,"vt. 诱惑, 引诱, 引起...的兴趣, 吸引, 冒...风险"
7081,13000,overlapping,overlap,i,AB,loan,,form-more-frequent,keep,重叠的；部分相同的,部分重叠；交叠,"[计] 重叠, 覆盖 [医] 重迭","n. 重叠, 重复, 部分的同时发生 vt. 重叠, 重复, 与...同时发生 vi. 迭盖, 部分的同时发生 [计] …"
7082,8379,flipped,flip,p,AB,mono,mono,form-more-frequent,keep,翻转；轻弹（flip的过去式）,轻掷；翻转；翻动,v. 轻弹( flip的过去式和过去分词 ); 按（开关）; 快速翻转; 急挥,"vt. 掷, 弹, 轻击, 空翻 vi. 用指轻弹, 抽打, 蹦跳 n. 抛, 弹, 筋斗 a. 无礼的 [计] 翻转"
7109,20013,reinforcements,reinforcement,s,AB,loan,loan,form-more-frequent,keep,增援；加固物,强化；增援,"n. 增援部队, 援军, 加固物","n. 加强, 增援, 补充, 援军, 加固物 [化] 补强; 加强件"
7122,10735,investors,investor,s,AB,loan,loan,form-more-frequent,keep,投资者（investor的复数）,投资者；投资人,"n. 投资者, 出资者( investor的复数形式 )",n. 投资者 [经] 投资者
7130,7629,melting,melt,i,AB,mono,mono,form-more-frequent,keep,融化；熔化（melt的现在分词）,融化,"a. 熔化的, 温柔的, 令人感动的, 甜美的 [化] 熔化","n. 熔化, 熔化物, 溶解 v. (使)熔化, (使)溶解, (使)消散, (使)变软"
7152,12100,commands,command,s,AB,loan,,form-more-frequent,keep,命令；指令（command的复数）,命令；指挥；掌握,"n. 命令, 指令（command复数形式）","n. 命令, 指挥, 控制, 部队, 司令部 v. 命令, 指挥, 控制 [计] 命令; 指令; DOS外部命令:启动新…"
7153,12800,demanded,demand,p,AB,loan,,form-more-frequent,keep,要求；需要（demand的过去式）,要求；强烈请求,v. 要求( demand的过去式和过去分词 ); 需要; 想要知道; 查问,"n. 要求, 需求, 需要 v. 要求, 查询"
7164,29412,fascinated,fascinate,d,AB,loan,loan,form-more-frequent|suspect-target,keep,着迷的；极感兴趣的,使着迷；吸引,a. 着迷的；被深深吸引的,"vt. 令人入神, 使着迷 vi. 入迷"
7174,12500,imitates,imitate,3,AB,loan,,form-more-frequent,keep,模仿；仿效,模仿，仿效,v. 模仿( imitate的第三人称单数 ); 把…作为例子; 模仿（某人的讲话、举止）; 作滑稽模仿,"vt. 模仿, 效法, 冒充, 仿造"
7195,2608,greeks,greek,s,AB,proper,proper,lemma-proper,keep,希腊人（复数）,希腊的；希腊人,n. 希腊人（Greek的复数）,"n. 希腊人, 希腊语 a. 希腊的, 希腊人的 [计] 希腊"
7199,28920,stammers,stammer,3,AB,mono,mono,form-more-frequent|suspect-target,keep,结巴地说,结巴地说,"n. 口吃, 结巴( stammer的名词复数 ) v. 结巴地说出( stammer的第三人称单数 )","v. 口吃, 结结巴巴地说 n. 口吃, 结巴"
7207,20114,sanders,sander,s,AB,proper,mono,lemma-no-gloss|form-more-frequent,keep,桑德斯（姓氏）,打磨机；桑德（人名）,"[医] 檀香, 檀木",[电] 散沙
7216,8589,soaked,soak,d,AB,mono,mono,form-more-frequent,keep,湿透的,浸泡；湿透,a. 湿透的,"n. 浸, 湿透, 大雨 vt. 使上下湿透, 浸, 吸入, 吸收, 浸洗掉 vi. 浸泡, 渗透"
7223,7596,logs,log,s,AB,mono,mono,form-more-frequent,keep,原木；日志（复数）,原木；圆木,n. 日志；原木（log的复数）,"n. 记录, 圆木, 日志, 计程仪 vt. 伐木, 切, 航行 vi. 伐木 [计] 日志"
7237,12500,insists,insist,3,AB,loan,,form-more-frequent,keep,坚持；坚决要求,坚持；坚决主张,"v. 坚决宣称, 坚持认为( insist的第三人称单数 ); 坚决要求","v. 坚持, 坚决主张, 强调"
7257,13000,gangsters,gangster,s,AB,mono,,form-more-frequent,keep,歹徒；黑帮（复数）,歹徒，匪徒,"n. 匪徒, 歹徒( gangster的复数形式 )","n. 流氓, 歹徒 [法] 暴徒, 恶棍, 打手"
7265,17886,shrieks,shriek,s,AB,mono,mono,form-more-frequent,keep,尖叫；尖声喊,尖叫；尖声喊,n. 尖叫声( shriek的名词复数 ) v. 尖叫( shriek的第三人称单数 ),"n. 尖锐的响声 vi. 尖叫, 发尖声 vt. 尖声发出"
7274,7554,crops,crop,s,AB,mono,mono,form-more-frequent,keep,农作物；庄稼（复数）,作物；收成,[医] 分批出现(疹),"n. 农作物, 产量, 平头 vt. 收割, 修剪, 种植 vi. 收获 [计] 裁剪"
7283,12600,cultures,culture,s,AB,loan,,form-more-frequent,keep,文化（复数）,文化；培养（物）,"n. 文明, 文化（culture复数）","n. 文化, 修养, 耕种 vt. 耕种, 培养"
7289,14569,calculations,calculation,s,AB,loan,loan,form-more-frequent,keep,计算；估算（复数）,计算；算计,"n. 计算器；计算, 运算（calculation的复数形式）","n. 计算, 考虑, 计算的结果 [经] 计算"
7301,31340,devastating,devastate,i,B,loan,mono,src-b-only|form-more-frequent|suspect-target,keep,毁灭性的；令人震惊的,摧毁；使震惊,"a. 毁灭性的, (非正式)很好的, 引人注目的","vt. 毁坏 [法] 使荒废, 毁灭, 掠夺"
7304,7801,dripping,drip,i,AB,mono,mono,form-more-frequent,keep,滴下；滴水,滴下；滴水,"n. 滴, 滴下物, 水滴",n. 水滴 v. (使)滴下
7305,7483,ops,op,s,AB,loan,loan,lemma-no-gloss|form-more-frequent,keep,操作；行动（复数）,手术；军事行动,abbr. （美国）物价管制局（Office of Price Stabilization）；管道安全处（Office …,"观测所 [计] 操作, 运算, 算符"
7308,7770,suited,suit,d,AB,loan,mono,form-more-frequent,keep,适合的；相配的,套装；西服,a. 适合的,"n. 套装, 诉讼, 请求, 起诉, 套, 组 vt. 适合, 使适应 vi. 合适, 相称"
7313,1562,italians,italian,s,AB,proper,proper,lemma-proper,keep,意大利人（复数）,意大利的；意大利人,"n. 意大利人, 意大利国民, 意大利语( Italian的复数形式 )","n. 意大利人, 意大利语 a. 意大利的, 意大利语的"
7323,7696,diapers,diaper,s,AB,mono,mono,form-more-frequent,keep,尿布（复数）,尿布,n. 有菱形花格的麻或棉织物( diaper的复数形式 ); 尿布,"n. 尿布 [医] 尿布, 兜布"
7327,8183,cubs,cub,s,AB,mono,mono,form-more-frequent,keep,幼兽（复数）,幼兽；幼崽,n. 幼童军,"n. 幼兽, 年轻人"
7337,10087,starters,starter,s,AB,mono,mono,form-more-frequent,keep,开胃菜；首发（复数）,开胃菜；启动器,n. 开胃菜（starter的复数形式）,"n. 开端者, 在起跑线上的人, 参加赛跑的人, 调度员, 起动机, 酵母 [计] 启动程序, 启动器"
7339,33747,acquainted,acquaint,d,AB,loan,loan,form-more-frequent|suspect-target,keep,熟悉的；相识的,使熟悉；使了解,a. 知晓的；有知识的；熟识的,"vt. 使认识, 介绍"
7344,8385,dares,dare,3,AB,mono,mono,form-more-frequent,keep,敢；胆敢（三单）,敢；敢于；挑战,v. 敢( dare的第三人称单数 ); 敢做; 激（某人做某事）; 问（某人）有没有胆量（做某事）,"n. 挑战, 挑动, 大胆 v. 敢, 胆敢"
7381,8693,rumours,rumour,s,AB,loan,loan,form-more-frequent,keep,谣言（复数）,谣言；传闻,n. 传闻( rumour的名词复数 ); 风闻; 谣言; 谣传,"n. 谣言, 传闻 vt. 谣传"
7388,12100,invaded,invade,p,AB,loan,,form-more-frequent,keep,入侵；侵略（过去式）,侵入，侵略,"v. 侵入, 侵略( invade的过去式和过去分词 ); 涌入; 侵袭; 侵犯","vt. 侵入, 拥入, 侵略, 侵袭 [法] 强入, 侵犯, 侵略"
7398,17056,chores,chore,s,AB,mono,mono,form-more-frequent,keep,家务；杂务（复数）,家务活，杂务,n. chore的复数; 零星工作（尤指家常杂务）( chore的复数形式 ); 零活儿,"n. 零工, 家务 [经] 零工"
7409,976,dicks,dick,s,AB,mono,proper,lemma-proper,keep,家伙（俚）；迪克（人名）,阴茎（粗俗）；家伙,n. 迪克斯（男子名）,"n. 家伙, 词典, 誓言(书) [医] 二氯乙胂(毒气)"
7410,25434,paralyzed,paralyze,d,AB,loan,loan,form-more-frequent|suspect-target,keep,瘫痪的；麻痹的,使瘫痪；使麻痹,a. 瘫痪的；麻痹的,"vt. 使瘫痪, 使麻痹 [医] 使麻痹, 使瘫痪"
7411,8074,headlines,headline,s,AB,mono,mono,form-more-frequent,keep,头条新闻（复数）,标题；头条新闻,n. 大字标题( headline的名词复数 ); 新闻提要,"n. 大标题, 新闻摘要 vt. 为...做标题, 写标题"
7412,16857,stripes,stripe,s,AB,mono,mono,form-more-frequent,keep,条纹（复数）,条纹；条带,n. 条子布；条纹布（stripe复数形式）,"n. 斑纹, 条纹 [医] 纹, 条纹"
7420,12100,protects,protect,3,AB,loan,,form-more-frequent,keep,保护；防护,保护,v. 保护( protect的第三人称单数 ); 防护; 投保; 关税保护,"vt. 防卫, 保护, 警戒 [法] 庇护, 保护, 警戒"
7424,7992,weeping,weep,i,AB,mono,mono,form-more-frequent,keep,哭泣；流泪,哭泣；流泪,"n. 哭泣, 流泪 a. 哭泣的, 滴水的, 泪汪汪的, 下雨的, 多雨的, 垂枝的","n. 哭, 哭泣 vi. 哭泣, 流泪, 哀悼, 滴落 vt. 哭着使..., 悲叹, 滴下"
7425,12900,fragments,fragment,s,AB,loan,,form-more-frequent,keep,碎片（复数）,碎片；片段,n. 碎片( fragment的名词复数 ); 片段; （将文件内容）分段; （文艺作品等）未完成的部分,"n. 碎片, 破片, 片段 [计] 段落; 片段; 分段"
7428,7752,pins,pin,s,AB,mono,mono,form-more-frequent,keep,别针（复数）；钉住,别针；大头针,"n. 插脚, 针；精确的综合导航系统","n. 大头针, 针, 别针, 栓, 销子, 图钉, 插头, 管脚, 品(液量单位) vt. 将...用针别住, 钉住, …"
7437,23770,lars,lar,s,AB,proper,loan,form-more-frequent|suspect-target,keep,拉尔斯（人名）,家神；拉尔（罗马守护神）,n. 拉尔斯（男子名）,n. 家庭守护神
7462,34240,astonishing,astonish,i,B,loan,loan,src-b-only|form-more-frequent|suspect-target,keep,令人惊讶的,使惊讶；使吃惊,a. 令人惊讶的,vt. 使惊讶
7478,12500,siblings,sibling,s,AB,mono,,form-more-frequent,keep,兄弟姐妹（复数）,兄弟姐妹,"n. 兄弟, 姐妹( sibling的复数形式 )","n. 兄弟, 同胞 [医] 同胞(兄弟姐妹)"
7497,7838,dolphins,dolphin,s,AB,loan,loan,form-more-frequent,keep,海豚,海豚,n. 海豚；系缆柱（dolphin的复数）,n. 海豚
7498,7860,kidneys,kidney,s,AB,mono,mono,form-more-frequent,keep,肾脏；腰子,肾脏；肾,n. 肾脏；转炉的附着物；肾形矿脉（kidney的复数）,"n. 肾, 个性 [医] 肾"
7522,7671,weighs,weigh,3,AB,mono,mono,form-more-frequent,keep,称重；重量为,称重,"v. 称…的重量( weigh的第三人称单数 ); 重达; 权衡, 考虑; 有…重","vt. 称...重量, 衡量, 把...压弯, 考虑, 权衡, 起锚 vi. 称分量, 有意义, 重压, 起锚 n. 过…"
7524,17467,vibrating,vibrate,i,AB,loan,loan,form-more-frequent,keep,振动；颤动,振动；颤动,[电] 振动; 振动的,"vi. 振动, 颤动, 激动, 摇摆, 踌躇 vt. 使颤动, 使振动, 使摆动"
7533,12254,hormones,hormone,s,AB,loan,loan,form-more-frequent,keep,激素；荷尔蒙,激素；荷尔蒙,n. 荷尔蒙；激素；性激素；荷尔蒙制剂（hormone的复数）,n. 荷尔蒙 [化] 激素(旧称荷尔蒙)
7574,7725,handles,handle,s,AB,mono,mono,form-more-frequent,keep,处理；把手（复数/三单）,把手；柄,n. 把；柄；控键（handle的复数形式）,"n. 柄, 把手, 把柄, 柄状物, 手感 vt. 触摸, 运用, 买卖, 处理, 操作 vi. 搬运, 易于操纵 n.…"
7586,12800,consumed,consume,d,AB,loan,,form-more-frequent,keep,消耗；消费（过去式）,消耗，消费；吃喝,a. 充满的；对…著迷的,"vt. 消耗, 消费, 消灭 vi. 耗尽, 毁灭"
7600,13000,apologizing,apologize,i,AB,loan,,form-more-frequent,keep,道歉（现在分词）,道歉，谢罪,v. 道歉（apologize的ing形式）；谢罪,"vi. 道歉, 辩解"
7609,12100,suspicions,suspicion,s,AB,loan,,form-more-frequent,keep,怀疑；猜疑（复数）,怀疑，猜疑,n. 怀疑( suspicion的复数形式 ); 疑心; 感觉; 一点儿,"n. 怀疑, 觉察, 嫌疑 [法] 怀疑, 疑心, 嫌疑"
7610,22373,restricted,restrict,d,AB,mono,mono,form-more-frequent,keep,受限制的；有限的,限制；约束,"a. 受限制的, 有限的","vt. 限制, 限定, 约束 [医] 限制"
7624,12600,diagnosed,diagnose,d,AB,loan,,form-more-frequent,keep,诊断（过去式）,诊断；判断,v. 诊断( diagnose的过去式和过去分词 ),v. 诊断
7670,8682,crackers,cracker,s,AB,mono,mono,form-more-frequent,keep,薄脆饼干；疯狂,薄脆饼干；爆竹,"a. 精神错乱的, 癫狂的, 狂热的","n. 饼干, 爆竹 [计] 破袭者"
7679,12500,persuaded,persuade,d,AB,loan,,form-more-frequent,keep,说服；劝服,说服；劝服,v. 说服( persuade的过去式和过去分词 ); 劝告; 使信服; 使相信,"vt. 劝, 使相信, 恳求, 敦促, 说服 vi. 劝服, 被说服"
7685,12385,lakhs,lakh,s,AB,loan,loan,form-more-frequent,keep,十万（印度计数单位）,十万（印度英语）,n. （印）十万；十万卢比；多数 a. 十万的,"n. 十万, 十万卢比, 多数 [化] 紫胶; 虫胶"
7703,306,partying,party,i,B,loan,loan,src-b-only,?,参加聚会；狂欢,聚会；政党,v. 为…举行社交聚会（party的现在分词形式）,"n. 宴会, 党, 政党, 团体, 当事人, 聚会 v. 举办聚会"
7708,14870,complications,complication,s,AB,loan,loan,form-more-frequent,keep,并发症；复杂情况,并发症；复杂化,n. 并病；并发症（complication的复数）,"n. 复杂化, 复杂情况 [医] 并发症, 并发病"
7722,16419,motivated,motivate,d,AB,loan,loan,form-more-frequent,keep,有积极性的；有动机的,激励；激发,"a. 有动机的, 目的明确的","vt. 给与动机, 刺激, 提高...的学习欲望, 促动 [经] 促动, 激发, 激励"
7726,12000,expanding,expand,i,AB,loan,,form-more-frequent,keep,扩大；膨胀,扩张；展开,[机] 扩张工作,"vt. 使膨胀, 详述, 扩张 vi. 张开, 发展 vt. 展开 vi. 展开 [计] 展开; DOS外部命令:将原始…"
7730,8154,stumbled,stumble,p,AB,mono,mono,form-more-frequent,keep,绊倒；踉跄,绊倒；蹒跚；结巴,v. （不顺畅地）说( stumble的过去式和过去分词 ); 跌跌撞撞地走; 绊脚; （说话、演奏等）出错,"n. 绊倒, 蹒跚而行, 失足 vt. 使绊倒, 使困惑 vi. 绊倒, 失足, 失策, 犯错, 蹒跚, 踌躇"
7732,13000,confronted,confront,d,AB,loan,,form-more-frequent,keep,面对；对抗,面对，对抗,v. 面对( confront的过去式和过去分词 ); 使面对; 使对质; 处理,"vt. 使面对, 对抗, 遭遇, 使对质, 比较 [法] 对证, 使对质, 比较"
7741,13000,exploding,explode,i,AB,loan,,form-more-frequent,keep,爆炸；激增,爆炸；激增；破除（迷信等）,"v. （使）爆炸( explode的现在分词 ); 突然（发出巨响, 活跃起来, 迸发感情）; 推翻; 驳倒","vi. 爆炸, 爆发, 激增 vt. 使爆炸"
7745,14612,severed,sever,d,AB,loan,loan,form-more-frequent,keep,切断；割断,切断；割断,a. 隔断的；切断的,"vt. 切断, 脱离, 分开, 使分离, 断绝, 中断 vi. 断, 裂开"
7750,11657,miners,miner,s,AB,loan,loan,form-more-frequent,keep,矿工（复数）,矿工,n. 矿工( miner的复数形式 ),"n. 矿工, 开矿机, 坑道工兵 [经] 矿工"
7759,14431,eyebrows,eyebrow,s,AB,mono,mono,form-more-frequent,keep,眉毛（复数）,眉毛,n. 眉毛（eyebrow的复数）,n. 眉毛 [医] 眉
7762,9664,nipples,nipple,s,AB,mono,mono,form-more-frequent,keep,乳头（复数）,乳头；奶嘴,n. 乳头( nipple的复数形式 ); <美>（奶品的）橡皮奶头; （机器上的）乳头状注油口; 加油嘴,"n. 乳头, 奶头, 奶嘴 [化] 螺纹接口; 螺纹接套"
7766,11551,refreshing,refresh,i,B,loan,loan,src-b-only|form-more-frequent,keep,清爽的；令人耳目一新的,使恢复精神；刷新,"a. 使清爽的, 有精神的, 爽快的","vt. 使清新, 使恢复, 使生气蓬勃 vi. 提起精神, 恢复精神, 吃点心, 喝饮料 vt. 刷新, 重新整理 vi…"
7771,13500,confined,confine,d,AB,loan,,form-more-frequent,keep,受限的；狭窄的,限制；禁闭,"a. 被限制的, 狭窄的, 在分娩中的, 坐月子的 [法] 有限的, 狭窄的","vt. 限制, 使不外出, 禁闭 vi. 邻接, 交界 n. 边缘, 范围, 区域"
7779,1470,shorts,short,3,B,mono,mono,src-b-only,?,短裤,短的；不足的,"n. 短裤, (美)男人的短衬裤 [经] 空头户, 空头, 短期债券","a. 短的, 近的, 矮的, 短期的, 简短的, 少量的 adv. 简短地, 突然 n. 扼要, 短片, 缺乏 vt. …"
7782,12658,pants,pant,3,B,mono,loan,src-b-only|form-more-frequent,keep,裤子；短裤,喘气；气喘,"n. 裤子, 长裤, 短衬裤, 女式运动短裤","n. 喘息, 悸动 vi. 喘息, 渴望 vt. 气喘吁吁地说"
7786,26089,blares,blare,3,AB,mono,mono,form-more-frequent|suspect-target,keep,发出刺耳响声,发出刺耳响声,"n. 嘟嘟声, 响而刺耳的声音( blare的名词复数 ); （颜色等的）光泽 v. （喇叭或其他高音器具）刺耳地大声鸣…","n. 巨响, 吼叫声, 光泽 vi. 高声鸣叫, 大叫 vt. 大声喊出"
7799,9919,editing,edit,i,AB,loan,loan,form-more-frequent,keep,编辑；剪辑,编辑；剪辑,a. 编辑的,"vt. 编辑, 编校, 修订, 剪辑 [计] 编辑; DOS外部命令:该命令是一个用于编辑文本文件的全屏幕编辑程序"
7807,530,manning,man,i,B,proper,mono,src-b-only,?,曼宁（姓氏）,男人；人,n. 人员配备,"n. 男人, 人类, 人 vt. 为...配备人手, 操纵, 使振奋 [计] 城域网, 手册"
7811,10874,organised,organise,d,AB,mono,loan,form-more-frequent,keep,有组织的；有条理的,组织；安排,"a. 有组织的, 组织起来的","vt. 组织, 有机化, 给予生机"
7812,13128,clanging,clang,i,AB,mono,mono,form-more-frequent,keep,发出叮当声,叮当声；铿锵声,v. （使）叮当地响( clang的现在分词 ),"n. 当当声, 铿锵声 vi. 发出当当声, 发铿锵声 vt. 使发铿锵声"
7817,1558,trafficking,traffic,i,B,loan,loan,src-b-only,?,非法交易；贩运,交通；运输,n. 非法交易,"n. 交通, 通行, 运输, 交通量, 贸易, 交易, 交往, 通信量 vi. 交易, 做买卖 vt. 用...作交换 …"
7824,8601,whooshing,whoosh,i,AB,mono,mono,form-more-frequent,keep,嗖嗖作响,嗖（快速移动声）,v. （使）飞快移动( whoosh的现在分词 ),n. 飞快移动 v. (使)嗖嗖地飞快移动
7831,11836,shatters,shatter,3,AB,mono,mono,form-more-frequent,keep,打碎；粉碎,打碎；粉碎,v. 砸碎( shatter的第三人称单数 ); 大大扰乱; 毁坏; 使极为惊愕难过,"n. 碎片, 粉碎, 落叶, 喷洒 vt. 打碎, 使散开, 粉碎, 破坏 vi. 粉碎, 损坏, 脱落"
7836,8133,drifting,drift,i,AB,mono,mono,form-more-frequent,keep,漂流；漂移,漂流；漂移；漂泊,"[计] 漂移的 [医] 倾斜, 漂移","n. 漂流物, 漂流, 动向 v. (使)漂流"
7841,10764,tyres,tyre,s,AB,mono,loan,form-more-frequent,keep,轮胎（复数）,轮胎,n. 轮胎( tyre的复数形式 ),n. 轮胎 vt. 装轮胎于
7867,8343,measured,measure,d,AB,loan,mono,form-more-frequent,keep,慎重的；有分寸的,测量；衡量,"a. 整齐的, 慎重的, 基于标准的","n. 尺寸, 量度器, 量度标准, 测量, 量具, 程度, 范围, 限度, 分寸, 措施, 方法 vt. 测量, 测度,…"
7876,8361,toughest,tough,t,AB,mono,mono,form-more-frequent,keep,最艰难的；最强硬的,强硬的；坚韧的；艰难的,a. 最坚强的；最坚韧的；最粗暴的；最苛刻的（tough的最高级）,"n. 恶棍 a. 强硬的, 艰苦的, 坚固的, 坚韧的, 粗暴的, 咬不动的"
7878,12044,implying,imply,i,AB,loan,loan,form-more-frequent,keep,暗示；意味着,暗示；意味着,"v. 暗示, 暗指( imply的现在分词 ); 必然包含; 说明, 表明","vt. 暗示, 意味 [计] 隐含"
7881,12000,kilometres,kilometre,s,AB,loan,,form-more-frequent,keep,千米，公里,千米，公里,"n. 千米, 公里( kilometre的复数形式 )","n. 公里, 千米"
7888,9313,classmates,classmate,s,AB,loan,mono,form-more-frequent,keep,同班同学,同班同学,n. （同班）同学( classmate的名词复数 ); 砚兄砚弟,n. 同班同学
7896,12000,reveals,reveal,3,AB,loan,,form-more-frequent,keep,揭示；透露,揭示；透露,v. 显示( reveal的第三人称单数 ); 揭示; 泄露; [神学]启示,"vt. 露出, 显示, 透露, 揭露, 泄露, (神)启示 n. 窗侧, 门侧"
7903,17886,shrieking,shriek,i,AB,mono,mono,form-more-frequent,keep,尖叫；发出刺耳声,尖叫；尖声喊,v. 尖叫( shriek的现在分词 ),"n. 尖锐的响声 vi. 尖叫, 发尖声 vt. 尖声发出"
7904,16493,squawking,squawk,i,AB,mono,mono,form-more-frequent,keep,（鸟）呱呱叫；大声抱怨,发出刺耳叫声,"v. 发出粗厉的叫声, 咯咯地叫( squawk的现在分词 )","n. 响而粗的叫声, 夜鹭 vi. 发出响而粗的叫声, 发牢骚, 诉苦"
7907,12250,statues,statue,s,AB,loan,,form-more-frequent,keep,雕像；塑像,雕像，塑像,"n. 雕像, 塑像( statue的复数形式 )",vt. 以雕像装饰 n. 雕像
7908,1034,practiced,practice,p,B,loan,loan,src-b-only,?,熟练的；有经验的,练习；实践,"a. 有经验的, 熟练的, 精通的","n. 实践, 练习, 实行, 惯例, 习惯, 开业 v. 实践, 实行, 练习, 实习, 业务"
7916,18000,trespassing,trespass,i,AB,loan,,form-more-frequent,keep,非法侵入；擅自进入,非法侵入；擅自进入,n. [法]非法入侵,"n. 擅自进入, 非法侵入, 侵害 vi. 侵害, 侵入, 打扰, 冒犯"
7924,8121,exits,exit,s,AB,loan,mono,form-more-frequent,keep,出口；退场,退出；离开；出去,"n. 出口( exit的名词复数 ); 通道; 退出; 退场 v. 离开, 退场( exit的第三人称单数 )","n. 出口, 退场, 离去, 去世 vi. 退出, 脱离, 去世 [计] 退出; DOS内部命令:本命令用于退出当前的命…"
7934,14734,snorts,snort,s,AB,mono,mono,form-more-frequent,keep,哼鼻；喷鼻息,哼鼻；喷鼻息,"n. 喷鼻息, 鼻息声( snort的名词复数 ); （潜水艇的）通气管 v. 喷鼻息（以表示不耐烦, 轻蔑等）( sn…","vi. 喷着气弄响鼻子, 轻蔑地哼, 嘶嘶响着排气 vt. 哼着鼻子说, 喷出, 吸入(毒品) n. 喷鼻息, (潜艇的…"
7953,9000,antibiotics,antibiotic,s,AB,loan,,form-more-frequent,keep,抗生素,抗生素；抗菌的,n. 抗生学；抗生素,n. 抗生素 a. 抗生的
7956,14599,revs,rev,s,AB,loan,loan,form-more-frequent,keep,（发动机）转速,发动机转速；牧师,"abbr. revolutions （复数）旋转, 回转, 转数 n. <口>发动机的旋转( rev的名词复数 ) v.…","n. 一次回转 v. 加快转速 [计] 反转, 周, 转数"
7984,12400,references,reference,s,AB,loan,,form-more-frequent,keep,参考；推荐人（复数）,提及；参考；推荐信,n. 参考文献；参照；推荐信（reference的复数）,"n. 参考, 索引, 参照 vt. 给...加上参考资料 vt. 引用 vi. 引用 [计] 引用"
7992,18985,plumbing,plumb,i,B,loan,loan,src-b-only|form-more-frequent,keep,管道系统；水管工作,探测；测深,"n. 测深, 管子工行业, 管道设备","n. 铅锤, 垂直 a. 垂直的 vt. 使垂直, 探测 vi. 成垂直"
8000,17140,fingernails,fingernail,s,AB,mono,mono,form-more-frequent,keep,手指甲（复数）,手指甲,n. 指甲( fingernail的复数形式 ),n. 手指甲
8000,17577,misleading,mislead,i,B,,mono,src-b-only|form-more-frequent,keep,误导的，骗人的,误导；使误解,"a. 引入歧途的, 使人误解的, 骗人的 [法] 误写姓名的, 误称的, 令人误解的",vt. 误导
8007,35479,torres,torre,s,AB,proper,proper,lemma-proper|form-more-frequent|suspect-target,keep,托雷斯（姓氏）,托雷（姓氏/地名）,n. 托雷斯（西班牙球星）,n. (Torre)人名；(英、法)托尔；(德、西、意、葡、塞)托雷 托尔 托雷
8017,11702,stranded,strand,d,AB,mono,mono,form-more-frequent,keep,滞留的；搁浅的,股；缕；海滨,"a. 处于困境的, 进退两难的","n. (绳索的)股, 绳, 串, 海滨, 河岸 vi. 搁浅 vt. 使搁浅, 使落后, 使陷于困境, 弄断, 搓"
8028,8141,tenants,tenant,s,AB,loan,loan,form-more-frequent,keep,房客（复数）,房客；租户,n. 房客( tenant的名词复数 ); 佃户; <律>占用者; 占有者,"n. 承租人, 房客, 居住者 vt. 租借 [计] 占据者"
8029,12000,revealing,reveal,i,AB,loan,,form-more-frequent,keep,揭示性的；暴露的,揭示；透露,"a. 暴露的, 显露的, 揭露的","vt. 露出, 显示, 透露, 揭露, 泄露, (神)启示 n. 窗侧, 门侧"
8033,14900,paramedics,paramedic,s,AB,loan,,form-more-frequent,keep,急救人员（复数）,急救员；辅助医务人员,"n. <美>护理人员, 医务辅助人员( paramedic的名词复数 )","n. 伞兵军医, 伞降急救人员"
8040,8406,bled,bleed,dp,AB,mono,mono,form-more-frequent,keep,流血（过去式）,流血；出血,"bleed的过去式和过去分词 [机] 削弱的, 减轻的, 减薄的","vi. 流血, 悲痛, 渗出 vt. 使出血, 榨取"
8047,12900,studios,studio,s,AB,loan,,form-more-frequent,keep,工作室；制片厂（复数）,工作室；演播室；画室,n. 工作室（studio的复数）,"n. 工作室, 画室, 演播室, 电影制片厂"
8060,8070,clearer,clear,r,AB,loan,mono,form-more-frequent,keep,更清楚的；更明亮的,晴朗的；清晰的；透明的,"[医] 澄清剂, 透明剂; 洗剂(牙) [经] (票据)交换员","a. 清楚的, 明确的, 澄清的 adv. 清晰地 vt. 澄清, 清除障碍 vi. 放晴, 变清澈 n. 空隙 [计]…"
8069,17186,allegations,allegation,s,AB,loan,loan,form-more-frequent,keep,指控；断言（复数）,指控；断言,n. 陈述( allegation的复数形式 ); 宣称; 陈词; 指控,"n. 断言, 主张, 申辩 [法] 声明, 事实陈述, 断言"
8085,13000,apologized,apologize,p,AB,loan,,form-more-frequent,keep,道歉（过去式）,道歉，谢罪,v. 道歉（apologize的过去分词）,"vi. 道歉, 辩解"
8121,9864,neglected,neglect,d,AB,loan,loan,form-more-frequent,keep,被忽视的；疏于照顾的,忽视；疏忽,"a. 被忽视的, 未被好好照管的 [法] 未被好好照管的, 被忽视的","n. 疏忽, 忽略, 漏做 vt. 疏忽, 忽视, 不顾"
8138,19285,babbling,babble,i,AB,mono,mono,form-more-frequent,keep,咿呀学语；胡言乱语,含糊不清地说；咿呀学语,n. 胡说；婴儿发出的咿哑声,"vi. 牙牙学语, 喋喋不休 vt. 唠叨, 吐露 n. 儿语, 胡言乱语, 嘈杂声 [计] 串音"
8150,10469,ratings,rating,s,AB,loan,mono,form-more-frequent,keep,评级；收视率,评级；评分,n. 评级；等级（rating的复数形式）,"n. 等级, 额定功率, 责骂 [经] 等级评定"
8176,12400,notified,notify,dp,AB,loan,,form-more-frequent,keep,通知；告知,通知，告知,"v. 通知, 告知, 报告( notify的过去式和过去分词 )","vt. 通知, 通告, 报告 [计] 通知"
8179,10595,squeaks,squeak,s,AB,mono,mono,form-more-frequent,keep,吱吱叫；发出尖声,吱吱叫；发出尖声,"n. 短促的尖叫声, 吱吱声( squeak的名词复数 ) v. 短促地尖叫( squeak的第三人称单数 ); 吱吱叫…","n. 吱吱声, 侥幸 vi. 吱吱叫, 告密, 侥幸成功 vt. 以短促尖声发出"
8203,9456,grieving,grieve,i,AB,mono,loan,form-more-frequent,keep,悲伤；哀悼,悲伤；哀悼,"v. 感到悲痛, 伤心( grieve的现在分词 ); 使…伤心","vt. 使悲伤 vi. 悲痛, 伤心"
8216,8558,critics,critic,s,AB,loan,loan,form-more-frequent,keep,批评家；评论家,批评家；评论家,n. 评论家；批评者；吹毛求疵的人（critic的复数）,"n. 批评家, 鉴定家"
8218,11967,stunned,stun,d,B,mono,mono,src-b-only|form-more-frequent,keep,震惊的；目瞪口呆的,使震惊；使昏迷,a. 受惊的,"vt. 使昏迷, 使震惊, 打昏 n. 昏迷, 猛击"
8229,12000,athletes,athlete,s,AB,loan,,form-more-frequent,keep,运动员,运动员,n. 运动员( athlete的复数形式 ); 体育家; 擅长运动的人; 健儿,"n. 运动员, 运动选手 [医] 运动员"
8234,12500,inclined,incline,p,B,loan,,src-b-only|form-more-frequent,keep,倾向于；倾斜的,倾向；倾斜,"a. 倾向于...的, 想要...的, 可能的, 趋向于...的","n. 倾斜, 斜坡, 斜面 vt. 使倾向于, 使倾斜 vi. 倾向, 倾斜, 爱好, 易于"
8252,12100,aspects,aspect,s,AB,loan,,form-more-frequent,keep,方面；外观,方面，层面,n. 方面( aspect的复数形式 ); 面貌; 方位; 样子,"n. 外观, 方面, 面貌, 方向 [医] 方面, 局面; 外观"
8253,11179,rumbles,rumble,s,AB,mono,mono,form-more-frequent,keep,发出隆隆声；打斗,发出隆隆声,"n. 隆隆声, 辘辘声( rumble的名词复数 ) v. 发出隆隆声, 发出辘辘声( rumble的第三人称单数 );…","n. 隆隆声, 辘辘声 vi. 发隆隆声, 辘辘响 vt. 使隆隆响, 低沉地说"
8267,12500,possessions,possession,s,AB,loan,,form-more-frequent,keep,财产；所有物,拥有；占有；财产,n. 所有物（possession的复数形式）；财产,"n. 拥有, 占有, 所有, 财产, 领土, 领地, 自制, 着迷 [经] 占有, 持有"
8276,12000,commercials,commercial,s,AB,loan,,form-more-frequent,keep,商业广告,商业的；营利的,n. （电台或电视播放的）广告 ( commercial的名词复数 ); 以大众欣赏为目的谱写的乐曲,"a. 商业的, 商用的, 商品化的 n. 商业广告节目"
8295,26583,mutters,mutter,3,AB,mono,mono,form-more-frequent|suspect-target,keep,低声抱怨；咕哝,咕哝；低声抱怨,"v. 轻声低语, 咕哝地抱怨( mutter的第三人称单数 )","n. 喃喃低语 vi. 喃喃自语, 作低沉声 vt. 出怨言, 抱怨地说"
8300,12800,donated,donate,d,AB,loan,,form-more-frequent,keep,捐赠（过去式）,捐赠，捐献,v. （尤指向慈善机构）捐赠( donate的过去式和过去分词 ); 献（血）; 捐（血）; 捐献（器官）,v. 捐赠
8332,12400,privileges,privilege,s,AB,loan,,form-more-frequent,keep,特权（复数）,特权；优待,n. 特权( privilege的名词复数 ); （因财富和社会地位而仅有部分人享有的）权益; 免责特权; 特殊荣幸,"n. 特权, 特别恩典, 基本权利, 特免 vt. 给与...特权, 特免"
8337,1720,saw,see,p,AB,mono,mono,homograph,?,锯子,看见；理解,"n. 锯子, 谚语 vt. 锯, 锯开, 来回移动 vi. 拉锯, 移动 see的过去式","vt. 看见, 查看, 参观, 游览, 理解, 知道, 同意 vi. 看, 观看, 注意, 知道, 考虑 n. 主教的职…"
8344,9683,uncovered,uncover,d,AB,mono,mono,form-more-frequent,keep,揭开（过去式）,揭开；发现,"a. 无遮盖的, 未戴帽子的, 未保险的 [经] 无担保的, 未补进的(空头), 未保险的","vt. 揭露, 揭开, 暴露, 脱帽致敬 vi. 脱帽致敬, 揭去盖子"
8352,45315,sled,sle,p,AB,mono,mono,form-more-frequent|suspect-target,keep,雪橇；长橇；乘雪橇,系统性红斑狼疮（缩写）,n. 雪撬 vt. 用雪撬搬运 vi. 乘雪撬 [计] 单一大型贵重磁盘,"abbr. systemic lupus erythematosus 系统性红斑狼疮, 全身性红疹狼斑"
8363,11836,shattering,shatter,i,AB,mono,mono,form-more-frequent,keep,令人震惊的；粉碎的,打碎；粉碎,a. 令人震惊的；令人极度疲劳的；破碎的,"n. 碎片, 粉碎, 落叶, 喷洒 vt. 打碎, 使散开, 粉碎, 破坏 vi. 粉碎, 损坏, 脱落"
8377,10115,exhausting,exhaust,i,AB,loan,loan,form-more-frequent,keep,令人疲惫的,使精疲力尽；耗尽,"a. 使耗尽的, 使人筋疲力尽的 [计] 经验, 技巧, 穷举, 耗尽, 排气","n. 排气, 排气装置, 废气 vt. 抽完, 用尽, 耗尽, 使精疲力尽 vi. 排气"
8412,10235,goons,goon,s,AB,mono,mono,form-more-frequent,keep,暴徒；打手,暴徒；打手,"n. 受雇暴徒, 呆子, 愚笨者( goon的复数形式 )","n. 受雇暴徒, 愚笨者, 呆子"
8422,6752,turks,turk,s,AB,proper,proper,lemma-proper,keep,土耳其人,土耳其人,n. 土耳其人；突厥人（Turk的复数形式）,"n. 土耳其人, 土耳其马"
8437,10673,immigrants,immigrant,s,AB,loan,loan,form-more-frequent,keep,移民；移居者,移民；移居者,n. 移民（immigrant的复数）,"n. 移民 a. 移入的, 移民的"
8447,10979,scrambled,scramble,p,AB,mono,mono,form-more-frequent,keep,炒的；混乱的,争抢；攀爬,n. 密码形式；扰频,"n. 攀缘, 爬行, 抢夺, 混乱, 紧急起飞 vi. 攀缘, 杂乱蔓延, 争夺, 拼凑, 匆忙 vt. 攀登, 扰乱,…"
8459,19002,voters,voter,s,AB,mono,mono,form-more-frequent,keep,选民（复数）,投票人；选民,"n. 投票者列表；选民, 投票人（voter的复数）","n. 选民, 投票人 [法] 选民, 选举人, 投票人"
8476,19034,expired,expire,p,AB,loan,loan,form-more-frequent,keep,过期的；到期的,到期；期满；去世,a. 失效的；过期的,"vi. 期满, 呼气, 断气 vt. 呼出"
8488,13500,morals,moral,s,AB,loan,,form-more-frequent,keep,道德；品行,道德的；有道德的,"n. 道德, 士气, 品德, 品行, 伦理","n. 道德, 品行, 寓意 a. 道德的, 品性端正的, 精神上的"
8497,11729,conceived,conceive,d,AB,loan,loan,form-more-frequent,keep,构想；怀孕（过去式）,构想；怀孕；设想,v. 想出( conceive的过去式和过去分词 ); 构想; 设想; 怀孕,"vt. 构思, 认为 vi. 怀孕"
8522,14227,intriguing,intrigue,i,AB,mono,loan,form-more-frequent,keep,引人入胜的；有趣的,激起兴趣；密谋,"a. 吸引人的, 有趣的","n. 阴谋, 复杂的事 vi. 密谋, 私通 vt. 激起...的兴趣, 用诡计取得"
8529,16645,gents,gent,s,AB,loan,loan,form-more-frequent,keep,男士；男厕所,绅士；男士,n. 公共男厕,n. 绅士
8539,13000,emerged,emerge,p,AB,mono,,form-more-frequent,keep,出现；浮现（过去式）,浮现，显露,"vt. 出现（emerge的过去分词）；浮现, 暴露","vi. 浮现, 形成, 出现, (事实)显露"
8541,11383,restraining,restrain,i,AB,loan,loan,form-more-frequent,keep,抑制；约束（进行时）,抑制；约束,a. 抑制的；遏制的；控制的,"vt. 抑制, 阻止, 束缚 [法] 抑制, 遏制, 制止"
8544,8721,calculated,calculate,d,AB,loan,loan,form-more-frequent,keep,精心策划的；计算的,计算；估计,"a. 有计划的, 适当的, 适合的, 计算出的 [机] 算清了的","v. 计算, 预测, 计划, 打算"
8550,31182,pesos,peso,s,AB,loan,loan,form-more-frequent|suspect-target,keep,比索（货币，复数）,比索（货币）,n. 比索（一种外国货币单位）( peso的复数形式 ),n. 比索 [经] 比索
8554,13000,manipulated,manipulate,d,AB,loan,,form-more-frequent,keep,操纵；摆布（过去式）,操纵，操作；篡改,"v. 熟练控制[操作]( manipulate的过去式和过去分词 ); （暗中）控制, 操纵, 影响; 正骨; 治疗脱臼","vt. 操纵, 利用, 操作, 巧妙地处理, 假造"
8589,6741,bivouacked,bivouac,p,B,loan,loan,src-b-only,?,露宿；露营,露营,bivouac的过去式和过去分词,"n. 野营, 露营, 露营地 vi. 露宿"
8590,9357,contestants,contestant,s,AB,loan,loan,form-more-frequent,keep,参赛者（复数）,参赛者；竞争者,"n. 竞争者, 参赛者( contestant的复数形式 )","n. 竞争者 [法] 争辩者, 竞争者"
8650,13266,banished,banish,d,AB,loan,loan,form-more-frequent,keep,放逐；驱逐（过去式）,放逐；驱逐,"v. 驱逐, 流放（banish的过去分词形式）","vt. 驱逐, 消除 [法] 驱逐, 流放"
8668,10219,competitors,competitor,s,AB,loan,loan,form-more-frequent,keep,竞争者；对手（复数）,竞争者；对手,n. 竞争者( competitor的复数形式 ); 对手; 参赛者; 竞赛者,"n. 竞争者 [经] 竞争者, 竞争对手"
8670,18094,overreacting,overreact,i,AB,mono,mono,form-more-frequent,keep,反应过度（现在分词）,反应过度,v. 反应过火( overreact的现在分词 ),"vi. 反应过度, 反作用过强"
8689,12900,scans,scan,s,AB,mono,,form-more-frequent,keep,扫描；浏览（第三人称单数）,扫描；浏览,abbr. 网络系统自动程序控制（scheduling control automation by network sy…,"n. 审视, 浏览, 扫描, 细查 vt. 细看, 浏览, 扫描, 详细调查, 标出格律 vi. 押韵, 扫描 [计] …"
8703,24546,steroids,steroid,s,AB,loan,loan,form-more-frequent,keep,类固醇；激素,类固醇；甾体,n. 类固醇( steroid的名词复数 ),n. 类固醇 [化] 甾族化合物
8707,10887,archives,archive,s,AB,loan,loan,form-more-frequent,keep,档案；档案馆,档案；档案馆,"n. 档案, 档案室 [法] 公文档案, 案卷, 档案保管处","vt. 把...存档 n. 档案馆, 档案文件 [计] 挡案库, 存档"
8743,12300,directing,direct,i,AB,loan,,form-more-frequent,keep,导演；指挥,指导，导演；指路,[经] 指示,"a. 直接的, 坦白的 vt. 指示, 指挥, 命令, 导演 vi. 指导, 指挥 adv. 直接地"
8762,15403,knuckles,knuckle,s,AB,mono,mono,form-more-frequent,keep,指关节；指节,指关节,"n. （指人）指关节( knuckle的名词复数 ); （指动物）膝关节, 踝 v. （指人）指关节( knuckle的…","n. 指节, 蹄爪, 膝关节 v. 以指节打, 以手指射"
8764,11159,disconnected,disconnect,d,AB,mono,loan,form-more-frequent,keep,断开的；不连贯的,断开；切断联系,"a. 分离的, 不连贯的","vt. 使分离, 使不相连, 拆开 vi. 断开 [计] 断开"
8778,1165,programming,program,i,AB,loan,loan,homograph,?,编程；节目编排,节目；程序；计划,"n. 节目的计划, 编制程序 [计] 程序设计; 程序编制","n. 节目, 节目单, 程序, 纲要, 大纲, 计划 vt. 规划, 拟...计划 vi. 安排节目, 编程序 [计] …"
8778,4341,programming,programme,i,B,loan,loan,src-b-only|homograph,?,编程；节目编排,节目；计划（英式）,"n. 节目的计划, 编制程序 [计] 程序设计; 程序编制","n. 节目, 节目单, 程序, 纲要, 大纲, 计划 vt. 规划, 拟...计划 vi. 安排节目, 编程序"
8790,21537,contaminated,contaminate,d,AB,loan,loan,form-more-frequent,keep,受污染的,污染；弄脏,a. 受污染的；弄脏的,"vt. 弄污, 弄脏, 污染, 毒害 [化] 污染"
8795,7617,grinding,grind,i,AB,mono,mono,homograph,?,磨的；刺耳的,磨碎,"a. 刺耳的, 沉重的, 剧烈的 [化] 研磨; 磨碎","n. 磨, 碾, 苦差, 摩擦声, 用功的学生 vt. 磨擦, 磨碎, 磨光, 折磨, 压榨 vi. 磨, 磨碎, 苦干"
8795,5664,grinding,ground,i,B,mono,mono,src-b-only|homograph,?,磨的；刺耳的,地面；土地,"a. 刺耳的, 沉重的, 剧烈的 [化] 研磨; 磨碎","n. 土地, 战场, 场地, 地面, 范围 a. 土地的, 地面上的 vt. 放在地上, 使搁浅, 打基础, 给...以…"
8797,18926,adjourned,adjourn,d,AB,loan,loan,form-more-frequent,keep,休会；延期,休会；延期,休会,"vi. 休会, 换地方 vt. 使中止, 推迟"
8801,9190,concluded,conclude,p,AB,loan,loan,form-more-frequent,keep,结束；得出结论,得出结论；结束,v. 结束( conclude的过去式和过去分词 ); 得出结论; 断定; 推断出,"vt. 结束, 作结论, 推断 vi. 结束, 推断"
8810,11804,chiming,chime,i,AB,mono,mono,form-more-frequent,keep,鸣响；敲钟,鸣响；钟声；协调,v. 敲出和谐的乐声( chime的现在分词 ); 报（时）; 插嘴; （以…）打断谈话,"n. 钟声, 钟, 和谐 vi. 鸣, 奏出谐和的乐声, 和谐 vt. 敲出和谐的声音, 打钟报时, 重复说"
8816,14898,startled,startle,p,AB,mono,mono,form-more-frequent,keep,受惊的；吃惊的,使惊吓；使吃惊,v. 震惊（startle的过去分词）,"n. 惊愕, 惊恐 vt. 吃惊, 使惊愕 vi. 惊起"
8826,13900,detained,detain,d,AB,loan,,form-more-frequent,keep,拘留；耽搁,拘留；耽误,v. 留住( detain的过去式和过去分词 ); 耽搁; 拘留; 扣留,"vt. 扣留, 扣押, 耽搁 [法] 拘留, 扣押, 留住"
8830,14000,youngsters,youngster,s,AB,mono,,form-more-frequent,keep,年轻人；孩子,年轻人，少年,n. 孩子( youngster的复数形式 ); 少年; 青年; 年轻人,"n. 小孩, 年轻人, 少年 [法] 儿童, 少年, 青年"
8835,12700,inhabitants,inhabitant,s,AB,loan,,form-more-frequent,keep,居民；栖居动物,居民，居住者,"n. 居民, 住户, （栖息在某地区的）动物( inhabitant的复数形式 )","n. 居民, 居住者 [医] 居民"
8838,11801,harassing,harass,i,AB,loan,loan,form-more-frequent,keep,骚扰；纠缠,骚扰；不断侵扰,"v. 侵扰, 骚扰( harass的现在分词 ); 不断攻击（敌人）","vt. 使困扰, 使烦恼, 折磨"
8874,20430,mumbles,mumble,3,AB,proper,mono,form-more-frequent,keep,芒布尔斯（地名）,含糊地说；咕哝,"n. 含糊的话或声音, 咕哝( mumble的名词复数 ) v. 含糊地说某事, 叽咕, 咕哝( mumble的第三人称…","n. 喃喃而语, 咕哝 v. 喃喃而语, 咕哝"
8879,9426,doughnuts,doughnut,s,AB,mono,mono,form-more-frequent,keep,甜甜圈（复数）,甜甜圈；炸面圈,n. 炸面圈( doughnut的复数形式 ),"n. 油炸圈饼, 环状物 [计] 圆环图"
8886,10518,proceedings,proceeding,s,AB,loan,loan,form-more-frequent,keep,诉讼；会议记录,诉讼；程序；进行,"n. 诉讼, 事项, 行径, 事件, 活动, 项目, 会议录, 记录汇编, 活动记录","n. 进行, 程序, 行动, 诉讼程序, 事项 [化] 会议论文集"
8887,21509,amends,amend,3,AB,loan,loan,form-more-frequent,keep,赔偿；补偿,修改；修正,n. 赔偿 [经] 赔偿,"vt. 修改, 改善, 改良 vi. 改过自新"
8891,4556,armored,armor,p,B,loan,loan,src-b-only,?,装甲的；武装的,盔甲；装甲,a. 装甲的,"n. 盔甲, 潜水服, 装甲 vt. 为...装甲"
8892,13000,colonies,colony,s,AB,loan,,form-more-frequent,keep,殖民地（复数）,殖民地；（生物）群落,"n. 殖民地( colony的名词复数 ); （侨民等）聚居区; （动植物的）群体; （来自同一地方, 职业或兴趣相同的…","n. 殖民地, 移民队 [医] 菌(集)落, 菌丛; 移民区"
8905,14200,confiscated,confiscate,d,AB,loan,,form-more-frequent,keep,没收；充公,没收，充公,"v. 没收, 充公( confiscate的过去式和过去分词 )","vt. 没收, 把...充公, 查抄 a. 被没收的"
8913,9383,nagging,nag,i,AB,mono,mono,form-more-frequent,keep,唠叨的；纠缠不休的,唠叨；不断抱怨,"a. 唠叨的, 责备挑剔的","n. 老马, 驽马, 劣等竞赛马, 唠叨 v. 不断地唠叨, 恼人"
8925,15033,compelled,compel,d,AB,loan,loan,form-more-frequent,keep,强迫；迫使,强迫；迫使,v. 强迫；迫使（compel的过去式及过去分词形式）,"vt. 强迫, 迫使"
8930,9625,babysitting,babysit,i,AB,mono,mono,form-more-frequent,keep,照看婴儿；临时保姆工作,照看婴儿；当保姆,n. 当临时保姆,vi. (代人临时)照看婴孩
8949,13400,designated,designate,d,AB,loan,,form-more-frequent,keep,指定的；选定的,指定；命名；表明,a. 特指的；指定的,"vt. 指定, 指明, 称呼 a. 已选出而未上任的"
8961,12500,corporations,corporation,s,AB,loan,,form-more-frequent,keep,公司；法人（复数）,公司；社团；法人实体,"n. 公司, 企业（corporation的复数形式）","n. 公司, 合作, 法人团体 [法] 法人团体, 社团, 法人"
8963,16285,irritating,irritate,i,AB,loan,loan,form-more-frequent,keep,恼人的；刺激的,激怒；刺激,"a. 刺激的, 使愤怒的, 气人的","vt. 激怒, 使发怒, 使兴奋, 使发炎 vi. 引起不快"
8974,9725,snooping,snoop,i,AB,mono,mono,form-more-frequent,keep,窥探；打探,窥探；打探,"v. 探听, 窥探, 管闲事( snoop的现在分词 )","vi. 调查, 窥探 n. 窥视行为, 爱管闲事的人, 私家侦探"
8988,25418,prohibited,prohibit,d,AB,loan,loan,form-more-frequent,keep,被禁止的,禁止；阻止,"v. 禁止, 被禁止的（prohibite的过去分词形式）","vt. 禁止, 阻止 [经] 禁止"
9000,12100,surgeons,surgeon,s,AB,loan,,form-more-frequent,keep,外科医生（复数）,外科医生,n. 外科医生; 外科医生( surgeon的复数形式 ),"n. 外科医生, 军医, 船医 [医] 外科医师"
9010,28311,amos,amo,s,AB,proper,loan,form-more-frequent|suspect-target,keep,阿莫斯（人名）,（西语）我爱,n. 阿摩司(<<圣经>>人物),abbr. 美国眼力健公司（Advanced Medical Optics）；编程对象模型（Analysis Manag…
9012,10716,polls,poll,s,AB,mono,mono,form-more-frequent,keep,民意调查；投票站,民意调查；投票,n. 投票；民意调查；投票模块（poll的复数形式）,"n. 投票, 民意测验, 选举投票, 投票数, 一组人中的一个, 头颈和后脑部, 鹦鹉 vt. 对...进行民意测验, …"
9028,5332,thrilling,thrill,i,B,mono,mono,src-b-only,?,令人兴奋的；惊险的,兴奋；激动,"a. 毛骨悚然的, 令人兴奋的, 令人发抖的","n. 震颤, 激动, 刺激性, 一阵激动 vi. 震颤, 颤抖, 激动 vt. 使激动, 使颤动"
9029,20278,stokes,stoke,3,AB,mono,mono,form-more-frequent,keep,煽动；添燃料,拨旺（火）；煽动,n. 斯托克斯（姓氏）,"v. 司炉, (使)大吃"
9030,26338,sneakers,sneaker,s,AB,mono,mono,form-more-frequent,keep,运动鞋；胶底鞋,运动鞋；胶底鞋,n. 胶底运动鞋（sneaker的复数形式）,"n. 鬼鬼祟祟做事的人, 卑鄙者, 帆布胶底运动鞋"
9031,1133,conditioning,condition,i,B,loan,loan,src-b-only,?,训练；条件反射；护发素,条件；状况；疾病,"n. 调节, 条件作用, 整修 [计] 调节; 调整","n. 情况, 条件 vt. 使健康, 以...为条件, 决定, 使适应 [计] 条件"
9032,13500,supporters,supporter,s,AB,loan,,form-more-frequent,keep,支持者；拥护者,支持者，拥护者；支撑物,"n. 支持者, 支持单位；支持单元","n. 支持者, 后盾, 迫随者, 护身织物 [法] 支持者, 赡养者, 抚养者"
9049,10033,davies,davy,s,AB,proper,proper,lemma-proper|form-more-frequent,keep,戴维斯（姓氏）,戴维（男子名）,n. 戴维斯（男子名）,n. 宣誓书
9052,18568,yelps,yelp,s,AB,mono,mono,form-more-frequent,keep,（狗）吠叫；尖叫,尖叫；吠叫,n. （因痛苦、气愤、兴奋等的）短而尖的叫声( yelp的名词复数 ) v. 发出短而尖的叫声( yelp的第三人称单数…,"n. 尖声急叫, 狺吠, 叫喊声 vi. 尖声急叫, 叫吠, 叫喊 vt. 叫喊着说"
9081,626,peters,peter,3,AB,mono,proper,lemma-proper,keep,逐渐减弱；消失,彼得（人名）,"n. 彼得斯（姓氏, 男子名）","vi. 逐渐消失, 逐渐减少"
9082,11000,deported,deport,d,AB,loan,,form-more-frequent,keep,驱逐出境；遣返,驱逐出境；遣送,v. 将…驱逐出境( deport的过去式和过去分词 ); 举止,"vt. 举止, 驱逐出境 [法] 放逐, 驱逐, 递解"
9085,9336,remarks,remark,s,AB,loan,loan,form-more-frequent,keep,评论；言辞,评论；言辞,n. 摘要；附注；评论（remark的复数）,"n. 评论, 注意 vt. 评论, 注意 vi. 评论, 谈论 [计] 注释"
9106,12300,convictions,conviction,s,AB,loan,,form-more-frequent,keep,定罪；坚定信念,定罪；坚定信念,n. 确信( conviction的复数形式 ); 判罪; 定罪; 证明有罪,"n. 定罪, 信服, 坚信 [法] 定罪, 证明有罪, 判罪"
9110,12300,suburbs,suburb,s,AB,loan,,form-more-frequent,keep,郊区；近郊,郊区；近郊,n. 郊外（suburb的复数）,"n. 市郊住宅区, 郊区, 边缘"
9124,27599,refined,refine,d,AB,loan,loan,form-more-frequent|suspect-target,keep,精炼的；优雅的,提炼；改进,"a. 精炼的, 优雅的, 精细的 [医] 精制过的, 精练过的","vt. 精炼, 净化, 使优雅, 使精炼 vi. 被精炼, 被净化"
9125,949,lays,lay,3,AB,mono,mono,homograph,?,放置；产卵,放置；躺（过去式）,v. 打赌( lay的第三人称单数 ); 提出; 放置; 铺,"vt. 放置, 产, 铺设, 布置, 提出, 平息 vi. 下蛋, 打赌 n. 位置, 层, 隐藏处 a. 世俗的, 外…"
9134,13800,fractured,fracture,p,AB,loan,,form-more-frequent,keep,断裂的；骨折的,骨折；裂缝,a. 断裂的；挫伤的；折裂的,"n. 破碎, 骨折 v. (使)破碎, (使)破裂"
9159,13000,explodes,explode,3,AB,loan,,form-more-frequent,keep,爆炸；爆发,爆炸；激增；破除（迷信等）,"v. （使）爆炸( explode的第三人称单数 ); 突然（发出巨响, 活跃起来, 迸发感情）; 推翻; 驳倒","vi. 爆炸, 爆发, 激增 vt. 使爆炸"
9172,5268,gypsies,gypsy,s,AB,loan,proper,lemma-proper,keep,吉普赛人（复数）,吉普赛人；流浪者,n. 吉普赛人( gypsy的名词复数 ); 吉普赛人的生活方式[状况],"n. 吉卜赛人, 吉卜赛语 a. 象吉卜赛人的 vi. 流浪"
9174,12000,titles,title,s,AB,loan,,form-more-frequent,keep,标题；头衔（复数）,标题；头衔,n. 标题；字幕；主题（title复数形式）,"n. 头衔, 名称, 标题, 书名, 扉页, 权利, 资格, 冠军, 字幕 vt. 授予头衔, 加标题于 [计] 标题"
9196,12400,merchants,merchant,s,AB,loan,,form-more-frequent,keep,商人（复数）,商人；批发商,"n. 商人( merchant的复数形式 ); （某活动的）爱好者, 热中于…的人","n. 商人, 店主 a. 商业的, 商人的"
9240,12622,hallucinations,hallucination,s,AB,loan,loan,form-more-frequent,keep,幻觉（复数）,幻觉；错觉,n. 幻觉（因患病或吸毒而产生）( hallucination的复数形式 ),"n. 幻觉, 幻想 [医] 幻觉"
9247,12276,entrusted,entrust,d,AB,mono,loan,form-more-frequent,keep,委托；托付（过去式）,委托；托付,"v. 委托, 托付( entrust的过去式和过去分词 )","vt. 信托, 交托, 委托 [经] 委托"
9283,3840,niggas,nigga,s,AB,mono,mono,lemma-no-gloss,keep,（俚语，冒犯）黑人,（俚语）黑人,（美国俚语）黑人,（美国俚语）黑人
9292,13500,intimidated,intimidate,d,AB,loan,,form-more-frequent,keep,被吓住的；胆怯的,恐吓，威胁,v. 恐吓; 威胁 a. 害怕的; 受到威胁的,"vt. 威胁, 恐吓 [法] 恐吓, 威胁, 使恐惧"
9294,16104,parsons,parson,s,AB,proper,loan,form-more-frequent,keep,帕森斯（姓氏）,教区牧师,n. 帕森斯（姓氏）,n. 教区牧师
9300,29894,whinnies,whinny,s3,AB,mono,mono,form-more-frequent|suspect-target,keep,（马）嘶鸣（三单）,（马）嘶鸣,n. （轻微的）嘶声( whinny的名词复数 ) v. 发出轻微的嘶声( whinny的第三人称单数 ),n. 马嘶声 vi. 嘶 vt. 带着嘶声说
9316,1677,laden,load,d,A,mono,mono,src-a-only,?,装满的；负载的,负载；货物,"a. 装满的, 负载的, 苦恼的 lade的过去分词","n. 负荷, 担子, 重担, 装载量, 负载, 工作量, 加载 vt. 装载, 装填, 使担负 vi. 装货, 上客, …"
9335,12200,robberies,robbery,s,AB,loan,,form-more-frequent,keep,抢劫（复数）,抢劫（案）,n. 抢劫案( robbery的名词复数 ); 明抢; 敲竹杠; 明目张胆地索取高价,"n. 抢掠, 抢夺 [法] 强盗, 抢劫, 劫掠"
9350,11800,basics,basic,s,AB,loan,,form-more-frequent,keep,基础；基本知识,基本的；基础的,"n. 最简单但最重要的部分, 基本, 基础训练","n. 基本原理, 要素, 基本规律 a. 基本的, 碱性的 (计算机)BASIC语言"
9351,12633,leftovers,leftover,s,AB,mono,mono,form-more-frequent,keep,剩饭；剩余物,剩饭；剩余物,n. 吃剩的食物,"n. 剩货, 残留物, 剩饭 a. 残余的"
9361,13168,wails,wail,s,AB,mono,mono,form-more-frequent,keep,哀号；悲叹,哀号；恸哭,"n. 痛哭, 哭声( wail的名词复数 ) v. 哭叫, 哀号( wail的第三人称单数 )","n. 恸哭, 哀号, 嚎啕, 呼啸(声) vi. 恸哭, 呼啸, 悲叹, 哀号, 嚎啕"
9368,12500,captioning,caption,i,AB,loan,,form-more-frequent,keep,字幕；加字幕,标题，说明文字,v. 给（图片、照片等）加说明文字( caption的现在分词 ),"n. 说明, 字幕, 标题 vt. 加上标题, 加上说明 [计] 标题"
9380,15632,hicks,hick,s,AB,proper,proper,lemma-proper|form-more-frequent,keep,乡下人（贬义）,乡下人；土包子,n. 希克斯（姓氏）,"n. 乡下人, 土头土脑的人, 反应迟钝的人"
9382,14000,circuits,circuit,s,AB,loan,,form-more-frequent,keep,电路；巡回（复数）,电路；环行,n. 环路；巡回；电路（circuit的复数）,"n. 电路, 环(行)道, 巡回 [计] 线路; 电路"
9406,9848,sparkling,sparkle,i,AB,mono,mono,form-more-frequent,keep,闪闪发光的；起泡的,闪耀；闪光,"a. 闪闪发光的, 闪烁的, 闪烁着才华的","n. 闪耀, 火花, 活力, 发泡 vi. 闪耀, 冒火花 vt. 使闪耀"
9410,16788,germs,germ,s,AB,mono,loan,form-more-frequent,keep,细菌；病菌,细菌；病菌；萌芽,n. 致病菌；细菌；病菌（germ的复数形式）,"n. 细菌, 种子, 生殖细胞, 根源 [医] 芽胞, 胚, 胚芽, 病菌"
9414,10043,thumping,thump,i,AB,mono,mono,form-more-frequent,keep,巨大的；沉重的,重击；砰地敲,"a. 发出重击声的, 巨大的, 极大的","n. 重打, 重击声 v. 重打, 撞击, 痛打"
9421,33042,enchanted,enchant,d,B,loan,loan,src-b-only|form-more-frequent|suspect-target,keep,被施魔法的；着迷的,使着迷；施魔法,"a. 中魔法的; 着了魔的; 狂喜的; 极乐的 v. 使欣喜, 使心醉（ enchant的过去式和过去分词 ）; 用魔法…","vt. 施魔法, 使入迷"
9440,15216,clanking,clank,i,AB,mono,mono,form-more-frequent,keep,叮当作响的,叮当声,n. 发出丁当声,"n. 叮当声 vi. 发叮当声, 发铿锵声 vt. 使铿然作响"
9450,15500,liberated,liberate,d,AB,loan,,form-more-frequent,keep,解放的；自由的,解放，释放,"a. 解放的, 自由的","vt. 解放, 释放, 使自由 [机] 释出, 放出"
9458,12605,gallons,gallon,s,AB,loan,loan,form-more-frequent,keep,加仑（容量单位）,加仑（容量单位）,n. 加仑；一加仑的容器；大量（gallon的复数）,n. 加仑 [医] 加仑
9463,15000,disciples,disciple,s,AB,loan,,form-more-frequent,keep,门徒；追随者,门徒，弟子,n. 信徒( disciple的复数形式 ); 门徒; 耶稣的信徒; （尤指）耶稣十二门徒之一,"n. 弟子, 门徒"
9486,35188,cackling,cackle,i,AB,mono,mono,form-more-frequent|suspect-target,keep,咯咯大笑；咯咯叫,咯咯叫；尖声笑,"v. 发出咯咯声( cackle的现在分词 ); 饶舌, 叽叽呱呱地讲; 格格笑着表示","n. 咯咯声, 高笑声, 饶舌, 闲谈 vi. 咯咯地叫, 咯咯地笑, 喋喋不休"
9493,10940,donuts,donut,s,AB,mono,mono,lemma-no-gloss|form-more-frequent,keep,甜甜圈,甜甜圈,"n. 油炸圈饼, 圆环图( donut的复数形式 )","[医] 电子回旋加速器环状真空室, 同步加速器环状真空室"
9512,13000,sizes,size,s,AB,loan,,form-more-frequent,keep,尺寸；大小,大小；尺寸；规模,"n. 象素显示尺寸, 尺寸（size复数形式）","n. 大小, 尺寸, 规模, 尺码, 能力, 浆料 vt. 上浆, 依大小排列 vi. 可比拟 a. 一定大小的, 一定…"
9515,14476,hisses,hiss,3,AB,mono,mono,form-more-frequent,keep,发出嘶嘶声,发出嘶嘶声,n. 嘶嘶声( hiss的名词复数 ) v. 发嘶嘶声( hiss的第三人称单数 ); 发嘘声表示反对,"n. 嘘声, 嘶嘶声 vi. 发出嘘声, 发嘶嘶声 vt. 发嘶嘶声表示"
9526,15752,nominated,nominate,d,AB,loan,loan,form-more-frequent,keep,提名；任命,提名；任命,a. 被任命的；被提名的,"vt. 提名, 任命, 命名 [法] 提名...为候选人, 指定, 推荐"
9541,15556,modified,modify,dp,AB,loan,loan,form-more-frequent,keep,修改；调整,修改；调整,"a. 改良的；改进的, 修改的","vt. 修正, 变更, 修饰, 缓和, 减轻 vi. 被修改 [计] 修改"
9550,12900,scanning,scan,i,AB,loan,,form-more-frequent,keep,扫描；浏览,扫描；浏览,"[计] 扫描 [医] 断续言语, 扫描","n. 审视, 浏览, 扫描, 细查 vt. 细看, 浏览, 扫描, 详细调查, 标出格律 vi. 押韵, 扫描 [计] …"
9555,13340,endangered,endanger,d,AB,loan,loan,form-more-frequent,keep,濒危的；受威胁的,危及；使遭危险,a. 有生命危险的；濒临灭绝的,"vt. 危及 [法] 使危险, 危及"
9592,12800,descended,descend,d,AB,loan,,form-more-frequent,keep,下降；下来（过去式）,下降；下倾,"a. 下来, 下斜, 下倾, 落下, 下降, 传下, 遗传, 袭击, 屈尊, 由远而近, 由大而小","vi. 下降, 世代相传, 屈尊, 袭击 vt. 下降"
9624,8625,wedded,wed,dp,A,mono,mono,src-a-only,?,已婚的；结合的,结婚；娶；嫁,"a. 已结婚的, 结婚的, 结合的, 热爱...的, 执著的 wed的过去式和过去分词","vt. 与...结婚, 使结合 vi. 结婚"
9632,12000,reserves,reserve,s,AB,loan,,form-more-frequent,keep,储备；保护区,预订；保留,"n. 储量, 后备队 [经] 准备金","n. 储备品, 贮量, 后备军, 自然保护区, 保留, 拘谨, 节制, 储备金 vt. 保留, 保存, 预订, 延期, …"
9640,11717,handicapped,handicap,d,AB,mono,loan,form-more-frequent,keep,残疾的；有障碍的,障碍；不利条件；让分,"a. 残疾的 [法] 有生理缺陷的, 残废的","n. 障碍, 困难, 不利条件 vt. 加障碍于, 妨碍"
9644,14000,molecules,molecule,s,AB,loan,,form-more-frequent,keep,分子,分子,"n. 分子, 微粒；摩尔（molecule的复数）","n. 分子, 些微 [化] 分子"
9661,5786,egyptians,egyptian,s,AB,proper,proper,lemma-proper,keep,埃及人,埃及的；埃及人,n. 埃及人,"n. 埃及人 a. 埃及的, 埃及人的"
9668,10359,mashed,mash,d,AB,mono,mono,form-more-frequent,keep,捣碎的；糊状的,捣碎；压碎,a. 捣烂的；被捣成糊状的；捣碎的,"n. 碎麦芽, 饲料, 糊状物 vt. 调情, 捣碎"
9672,10935,tiles,tile,s,AB,loan,loan,form-more-frequent,keep,瓷砖；瓦片,瓷砖；瓦片,n. 瓷砖（tile的复数形式）,"n. 砖瓦, 瓷砖, 瓦片 vt. 铺以瓦, 铺以瓷砖 [计] 平铺"
9677,17222,catering,cater,i,AB,loan,mono,form-more-frequent,keep,餐饮服务；承办酒席,提供饮食；迎合,n. 给养；承办酒席；[医]提供饮食及服务,"v. 提供饮食及服务, 投合, 迎合"
9679,24171,lurking,lurk,i,AB,mono,mono,form-more-frequent,keep,潜伏；埋伏,潜伏；潜藏,"n. （新用户的）“潜伏”（在USENET上作为旁观者, 不参加讨论）","n. 潜伏, 潜行 vi. 暗藏, 潜伏, 埋伏 [计] 隐匿阅读"
9687,21441,clacking,clack,i,AB,mono,mono,form-more-frequent,keep,发出咔嗒声,发出咔嗒声,v. 噼啪响( clack的现在分词 ),v. 噼啪响 n. 噼啪响
9690,11127,rubens,ruben,s,AB,proper,proper,lemma-proper|form-more-frequent,keep,鲁本斯；佛兰德斯画家,鲁本（男子名）,"鲁宾斯(①姓氏 ②Peter Paul, 1577-1640, 荷兰画家)","n. 鲁本（男子名, 等于Reuben）"
9717,12863,waffles,waffle,s,AB,loan,loan,form-more-frequent,keep,华夫饼,华夫饼；含糊其辞,"n. 蛋奶烘饼( waffle的名词复数 ); 华夫饼; 无聊话; 含糊的话 v. 讲或写冗长而无意义的话, 唠叨( w…","vi. 胡扯, 闲聊 n. 华夫饼干, 胡扯 [计] Waffle程序"
9727,5985,spelled,spell,dp,A,mono,mono,src-a-only,?,拼写（过去式）,拼写；意味着；招致,spell的过去式和过去分词,"n. 符咒, 魅力, 轮值, 轮班, 工作时间, 一次发作 vt. 拼写, 拼成, 琢磨, 理解, 招致, 轮换, 迷住…"
9732,10134,smuggled,smuggle,d,AB,mono,mono,form-more-frequent,keep,走私（过去式）,走私；偷运,v. 偷运( smuggle的过去式和过去分词 ); 私运; 走私; 不按规章地偷带（人或物）,"vt. 偷运, 走私, 私运 vi. 走私"
9741,12100,seniors,senior,s,AB,loan,,form-more-frequent,keep,老年人；高年级学生,年长的；资深的,"n. 年长者, 老年人；资历较深的人（senior的复数形式）","n. 年长者, 资深者, 毕业班学生 a. 年长的, 高级的, 资深的"
9746,33602,agitated,agitate,d,AB,loan,loan,form-more-frequent|suspect-target,keep,焦躁的；激动的,搅动；煽动；使不安,"a. (表现出)不安/焦虑的, (被)激烈辩论的, (被)热烈讨论的, 颤抖的 [医] 激越的","vt. 使摇动, 搅动, 使激动, 使不安 vi. 鼓动, 煽动"
9752,12980,firearms,firearm,s,AB,mono,mono,form-more-frequent,keep,火器；枪械,火器；枪械,"n. 火器, 枪炮；轻武器（firearm的复数）","n. 火器, 枪炮"
9767,2084,bounds,bound,s,AB,mono,mono,homograph,?,界限；范围,必定的；受约束的,"n. 边界, 范围, 限度, 界限","n. 跃, 回跳, 范围, 边界 a. 受约束的, 装有封面的, 有义务的, 关联的, 被束缚的, 准备去...的, 便…"
9786,11787,eyeballs,eyeball,s,AB,mono,mono,form-more-frequent,keep,眼球（复数）,眼球,n. 眼球( eyeball的名词复数 ); 眼珠子; （与某人）面对面; 对峙 v. 眼球( eyeball的第三人称…,n. 眼球 [医] 眼球
9812,26235,limitations,limitation,s,AB,loan,loan,form-more-frequent,keep,限制；局限性,限制；局限,n. 局限性；（限制）因素；边界（limitation的复数形式）,"n. 限制, 缺陷, 限额 [医] 限界, 限制, 限度"
9813,4893,shelves,shelf,s,AB,mono,mono,homograph,?,架子（复数）；搁板,架子；搁板,pl. 架子,"n. 架子, 搁板 [化] 架子"
9813,47466,shelves,shelve,3,B,mono,mono,src-b-only|form-more-frequent|homograph|suspect-target,fix-target:shelf,架子（复数）；搁板,搁置；把…放架上,pl. 架子,"vt. 放置架子上, 搁置 vi. 渐渐倾斜"
9840,13400,initiated,initiate,d,AB,loan,,form-more-frequent,keep,发起；开始；使入门,开始，发起；使入门,v. 开始( initiate的过去式和过去分词 ); 传授; 发起; 接纳新成员,"n. 入会, 开始 a. 新加入的 vt. 开始, 传授基本知识给"
9851,12050,donations,donation,s,AB,loan,,form-more-frequent,keep,捐赠；捐款（复数）,捐赠；捐款,n. 捐款；捐赠（donation的复数）,"n. 捐赠物, 捐款, 捐赠 [经] 赠品, 捐款, 捐赠"
9857,13000,artifacts,artifact,s,AB,loan,,form-more-frequent,keep,人工制品；文物（复数）,人工制品；文物,n. 史前古器物；人工产品,"n. 人工制品 [医] 人为现象, 人工产物"
9862,13800,fractures,fracture,s,AB,loan,,form-more-frequent,keep,骨折；裂缝（复数）,骨折；裂缝,"n. （指状态）骨折( fracture的名词复数 ); 断裂; （指事实）骨折 v. （使）折断, 破碎( fract…","n. 破碎, 骨折 v. (使)破碎, (使)破裂"
9865,12200,adapted,adapt,d,AB,loan,,form-more-frequent,keep,适应；改编,适应；改编,a. 适合的,"vt. 使适应, 改编 vi. 适应"
9870,13500,protocols,protocol,s,AB,loan,,form-more-frequent,keep,协议；礼仪（复数）,协议；礼仪；规程,n. 协议；礼仪礼节；条款（protocol的复数）,"n. 草案, 礼仪, 协议 v. 拟定 [计] 协议, 协议列表实用程序"
9872,45180,headphones,headphone,s,AB,mono,mono,form-more-frequent|suspect-target,keep,耳机,耳机,n. 听筒；耳机；头戴式受话器（headphone的复数形式）,"n. 戴在头上的收话器, 耳机 [电] 头载数话器"
9902,12345,researchers,researcher,s,AB,loan,loan,form-more-frequent,keep,研究人员（复数）,研究员；调查者,"n. 研究员, 调查者( researcher的复数形式 )",n. 研究人员
9909,12700,disgusted,disgust,d,AB,loan,,form-more-frequent,keep,厌恶的；恶心的,厌恶，反感,a. 厌恶的；厌烦的,"n. 厌恶, 嫌恶 vi. 令人厌恶 vt. 使作呕"
9921,10413,allergies,allergy,s,AB,loan,loan,form-more-frequent,keep,过敏（复数）,过敏；过敏症,"n. [医]过敏症; [口]厌恶, 反感; （对食物、花粉、虫咬等的）过敏症( allergy的复数形式 ); 变态反应…","n. 变应性, 反感, 厌恶 [化] 变态反应; 变应性"
9926,3333,mexicans,mexican,s,AB,proper,proper,lemma-proper,keep,墨西哥人（复数）,墨西哥的；墨西哥人,n. 墨西哥人（Mexican的复数）,"n. 墨西哥人, 墨西哥语 a. 墨西哥的"
9957,12100,commanded,command,p,AB,loan,,form-more-frequent,keep,命令；指挥（过去式）,命令；指挥；掌握,"v. 指挥, 控制, 命令( command的过去式和过去分词 ); 掌握; 俯瞰; 应得","n. 命令, 指挥, 控制, 部队, 司令部 v. 命令, 指挥, 控制 [计] 命令; 指令; DOS外部命令:启动新…"
9982,18756,testicles,testicle,s,AB,loan,loan,form-more-frequent,keep,睾丸（复数）,睾丸,n. 睾丸（testicle的复数）,n. 睾丸 [医] 睾丸
9994,14752,titties,titty,s,AB,mono,mono,form-more-frequent,keep,乳房（俚语，复数）,乳头（俚语）,"n. 乳房, 乳头（等于teat）","n. 乳房, 乳头（等于teat）"
9999,7535,downloaded,download,d,AB,mono,mono,lemma-no-gloss,keep,下载（过去式）,下载,"v. 将（程序, 资料等）从大计算机系统输入小计算机系统, 下载( download的过去式和过去分词 )","[计] 卸载, 下栽"
10001,40848,sniffling,sniffle,i,AB,mono,mono,form-more-frequent|suspect-target,keep,抽鼻子（现在分词）,抽鼻子；吸鼻子,v. 抽鼻子( sniffle的现在分词 ); 抽噎,"vi. 吸着鼻子说话, 抽鼻涕 n. 抽鼻子"
10019,14227,intrigued,intrigue,d,AB,loan,loan,form-more-frequent,keep,被迷住的；好奇的,激起兴趣；密谋,"a. 好奇的, 被迷住了的 v. 搞阴谋诡计(intrigue的过去式); 激起…的兴趣或好奇心; “intrigue”…","n. 阴谋, 复杂的事 vi. 密谋, 私通 vt. 激起...的兴趣, 用诡计取得"
10026,12800,distracting,distract,i,AB,loan,,form-more-frequent,keep,令人分心的,分散注意力；使心烦,"v. 使（人）分心, 分散（注意力）( distract的现在分词 ); 打扰","vt. 转移, 分心, 使发狂"
10036,15768,dumplings,dumpling,s,AB,mono,mono,form-more-frequent,keep,饺子；汤团（复数）,饺子；汤团,n. 汤团( dumpling的名词复数 ); 饺子; 水果布丁; 矮胖的人,"n. 面团布丁, 团子"
10039,425,jacks,jack,s,AB,mono,proper,lemma-proper,keep,抓子游戏；千斤顶（复数）,杰克（人名）；千斤顶,n. 抓子游戏；家伙；小伙子（jack的复数）,"n. 插座, 千斤顶, 男人 vt. 抬起, 提醒, 扛举, 增加, 提高, 放弃 a. 雄的 [计] 插座"
10057,16409,measurements,measurement,s,AB,loan,loan,form-more-frequent,keep,测量；尺寸,测量；尺寸,"n. 测量值, 尺寸（measurement的复数）","n. 尺寸, 度量, 度量单位 [计] 度量, 度量单位"
10060,12500,insisting,insist,i,AB,loan,,form-more-frequent,keep,坚持；坚决要求,坚持；坚决主张,"v. 坚决宣称, 坚持认为( insist的现在分词 ); 坚决要求","v. 坚持, 坚决主张, 强调"
10080,12100,elevated,elevate,d,AB,loan,,form-more-frequent,keep,升高的；高尚的,提升，抬高；提高,a. 提高的,"vt. 举起, 提拔, 鼓舞"
10096,10755,components,component,s,AB,loan,loan,form-more-frequent,keep,组成部分；零件,组成部分；零件,n. 部件；组件；成份（component复数）,"n. 元件, 组件, 成分 a. 组成的, 构成的 [计] 组件"
10097,17467,vibrates,vibrate,3,AB,loan,loan,form-more-frequent,keep,振动；颤动,振动；颤动,v. （使）振动[颤动]( vibrate的第三人称单数 ),"vi. 振动, 颤动, 激动, 摇摆, 踌躇 vt. 使颤动, 使振动, 使摆动"
10109,18241,provisions,provision,s,AB,loan,loan,form-more-frequent,keep,供应品；给养,供应；条款；给养,"n. 存粮, 给养, 口粮, 食物, 粮食 [经] 食品, 粮食","n. (政府提供的)钱和设备, 准备, 供应品, 规定, 条款 vt. 供给...食物及必需品"
10122,15000,evacuated,evacuate,d,AB,loan,,form-more-frequent,keep,疏散；撤离,撤离；排空,"a. 疏散；排空的, 撤退者的","v. 疏散, 撤出, 排泄"
10130,14182,enlisted,enlist,p,AB,mono,loan,form-more-frequent,keep,入伍；征募；争取,入伍；征募；争取,a. 应募入伍的,"vt. 征募, 参与, 谋取 vi. 从军, 应募, 赞助"
10136,36092,wheezing,wheeze,i,AB,mono,mono,form-more-frequent|suspect-target,keep,喘息；呼哧作响,喘息；喘鸣,[医] 喘鸣,"vi. 喘气 vt. 喘息着说 n. 喘气声, 喘息"
10142,11297,craving,crave,i,AB,mono,mono,form-more-frequent,keep,渴望；强烈欲望,渴望；恳求,"n. 渴望, 热望 [医] 瘾, 癖, 嗜欲","v. 渴望, 热望, 恳求"
10160,2593,tattooed,tattoo,p,B,loan,loan,src-b-only,?,有纹身的,纹身；刺青,"v. 刺青, 文身( tattoo的过去式和过去分词 ); 连续有节奏地敲击; 作连续有节奏的敲击","n. 归营号, 连续有节奏的敲击, 文身, 矮种马 vt. 连续有节奏地敲, 刺花纹于 vi. 作连续有节奏的敲击"
10172,12200,emptied,empty,dp,AB,mono,,form-more-frequent,keep,倒空；清空,倒空，清空,a. 耗尽的；已清除的,"a. 空的, 空虚的, 空腹的, 空洞的 n. 空的东西, 空车 vt. 倒空, 使变空, 使排出 vi. 流空 [计]…"
10173,10800,sponsored,sponsor,d,AB,loan,,form-more-frequent,keep,赞助；资助,发起人，赞助者,"v. 赞助( sponsor的过去式和过去分词); 资助（某人的培训或教育）; 为慈善活动捐资; 发起, 倡议 a. 赞…","n. 保证人, 赞助者, 发起者, 倡议者, 教父 vt. 发起, 赞助, 倡议"
10182,46930,goggles,goggle,s,AB,mono,mono,form-more-frequent|suspect-target,keep,护目镜；风镜,瞪大眼睛看,"n. 护目镜, 风镜 [化] 防护镜; 防护眼镜; 护目镜; 眼罩","n. 眼睛瞪视, 护目镜 a. 突出的, 瞪眼的 vi. 瞪眼看, 眼珠转动 vt. 使瞪眼, 使眼珠转动"
10200,14936,shillings,shilling,s,AB,mono,mono,form-more-frequent,keep,先令（旧英国货币）,先令（旧英币）,"n. 先令（英国1971年以前的货币单位, 为一镑的二十分之一）( shilling的复数形式 )",n. 先令 [经] 先令
10204,14734,snorting,snort,i,AB,mono,mono,form-more-frequent,keep,喷鼻息；哼着说,哼鼻；喷鼻息,"v. 喷鼻息（以表示不耐烦, 轻蔑等）( snort的现在分词 ); （俚） 用鼻子吸（毒品）","vi. 喷着气弄响鼻子, 轻蔑地哼, 嘶嘶响着排气 vt. 哼着鼻子说, 喷出, 吸入(毒品) n. 喷鼻息, (潜艇的…"
10208,12594,meatballs,meatball,s,AB,mono,mono,form-more-frequent,keep,肉丸（复数）,肉丸,n. 肉丸( meatball的复数形式 ),"n. 肉团, 愚蠢, 飞机降落目标"
10214,14500,intercepted,intercept,d,AB,loan,,form-more-frequent,keep,拦截；截获,拦截，截取,v. 拦截( intercept的过去式和过去分词 ); 截住; 截击; 拦阻,"n. 截取, 妨碍, 截距 vt. 拦截, 阻止, 截取"
10222,22258,sizzling,sizzle,i,AB,mono,mono,form-more-frequent,keep,滋滋作响的；极热的,发出咝咝声；煎得吱吱响,"v. 发咝咝声( sizzle的现在分词 ); 表现良好, 进行顺利; 把…烧得哧哧响, 烧焦; 恶言相骂",vi. 发出嘶嘶声 vt. 烧灼 n. 咝咝声
10254,13635,characteristics,characteristic,s,AB,loan,loan,form-more-frequent,keep,特征；特性（复数）,典型的；特有的,"n. 特性, 特征；特质；特色（characteristic的复数）","n. 特性, 特征, 特色 a. 特性的, 特有的, 有特色的 [计] 阶; 指数"
10295,10965,rites,rite,s,AB,loan,loan,form-more-frequent,keep,仪式；典礼,仪式；典礼,n. 仪式（rite的复数）,"n. 仪式, 典礼, 惯例, 礼拜式"
10304,15000,raping,rape,i,AB,loan,,form-more-frequent,keep,强奸（rape 的现在分词）,掠夺，强夺；油菜,"v. 以暴力夺取, 强夺( rape的现在分词 ); 强奸","n. 抢夺, 掠夺, 强奸, 葡萄渣, 芸苔 vt. 掠夺, 抢夺, 强奸"
10331,12000,defenses,defense,s,AB,loan,,form-more-frequent,keep,防御；辩护（defense 的复数）,防御，辩护,vt. [军] 防御；辩护（defense的第三人称单数） n. [军] 防御（defense的复数）,"n. 防卫, 防卫物 [医] 防御"
10338,7560,gardening,garden,i,B,mono,mono,src-b-only,?,园艺；从事园艺,花园；菜园,n. 园艺(学),"n. 花园, 果园, 菜园 vi. 栽培花木 vt. 造园 a. 花园的, 普通的"
10344,18299,tangled,tangle,p,AB,mono,mono,form-more-frequent,keep,纠缠的；混乱的,缠结；纠缠,"a. 纠缠的, 紊乱的 [法] 复杂的, 缠结的, 繁乱的","n. 缠结, 纠结的一团, 困惑, 纠纷, 混乱 vt. 使缠结, 缠住 vi. 缠结, 乱作一团"
10373,10791,vultures,vulture,s,AB,loan,loan,form-more-frequent,keep,秃鹫（复数）；贪婪者,秃鹫；贪婪的人,"n. 秃鹫( vulture的复数形式 ); 压榨别人的人, 贪心汉","n. 秃鹫, 贪婪的人 [法] 贪婪而残酷者, 劫掠成性者"
10377,11184,manufacturing,manufacture,i,B,loan,loan,src-b-only|form-more-frequent,keep,制造业；制造,制造；生产,n. 制造业 a. 制造业的,"n. 产品, 制造 vt. 制造, 假造 vi. 制造"
10380,24613,crackles,crackle,s,AB,mono,mono,form-more-frequent,keep,发出噼啪声（第三人称单数）,发出爆裂声,"v. 发出轻微的爆裂声, 发出噼啪声( crackle的第三人称单数 )","n. 劈啪响, 裂纹 vi. (使)发劈啪声"
10395,13800,descendants,descendant,s,AB,loan,,form-more-frequent,keep,后代；子孙（复数）,后裔；子孙,"n. 后代, 晚辈（descendant的复数）；子节点；衍生物","n. 后裔, 子孙 a. 传下的, 下降的"
10431,12954,democrats,democrat,s,AB,loan,loan,form-more-frequent,keep,民主党人（复数）,民主党人；民主主义者,n. 民主主义者；民主党员（democrat的复数）,"n. 民主人士, 民主主义者, 民主党党员 [经] 民主党"
10433,14500,terminated,terminate,d,AB,loan,,form-more-frequent,keep,终止；解雇（过去式）,终止，结束,vt.& vi. terminate的过去式 v. 结束( terminate的过去式和过去分词 ); 使终结; 解雇;…,"a. 有结尾的, (可)结束的 vi. 结束, 终止, 满期 vt. 使停止, 使结束, 使终止 [计] 终止"
10441,14738,mammals,mammal,s,AB,loan,loan,form-more-frequent,keep,哺乳动物,哺乳动物,n. 哺乳类；哺乳纲；哺乳类动物（mammal的复数）,n. 哺乳动物 [化] 哺乳动物
10471,11046,raving,rave,i,AB,mono,loan,form-more-frequent,keep,胡言乱语的；狂热的,狂热赞扬；胡言乱语,"a. 胡说的, 疯狂的, 狂暴的 n. 胡说","n. 狂吼, 狂暴 v. 愤怒地说, 叫嚷, 咆哮"
10479,11225,rations,ration,s,AB,loan,loan,form-more-frequent,keep,配给量；口粮,定量；配给量,n. 配给量；比例；给养（ration的复数）,"n. 定额, 定量, 配给 vt. 配给, 定量供应"
10494,15719,reunited,reunite,d,AB,loan,loan,form-more-frequent,keep,重聚；团聚,重聚；使再联合,v. 重聚；使再结合（reunite的过去式和过去分词）,v. (使)再联合
10496,17200,overruled,overrule,d,AB,mono,,form-more-frequent,keep,驳回；否决,否决；驳回；宣布无效,"v. 批驳, 推翻, 拒绝( overrule的过去式和过去分词 )","vt. 统治, 威压, 打败, 驳回 [法] 否决, 驳回, 批驳"
10519,12500,presidents,president,s,AB,loan,,form-more-frequent,keep,总统；校长（复数）,主席，总统；主任,n. 总统; （大学）校长( president的复数形式 ); 会长; [P-]总统; 银行行长,"n. 总统, 总裁, 董事长, (学院)院长, (大学)校长, 主管人, 主持人 [经] 总经理, 董事长, 总裁"
10541,13433,requirements,requirement,s,AB,loan,loan,form-more-frequent,keep,要求；必要条件,要求；必要条件,"n. 调整需要量, 必需品；要求（requirement的复数）","n. 需求, 必要条件, 要求 [化] 要求; 合同要求"
10550,13700,titans,titan,s,AB,loan,,form-more-frequent,keep,巨人；泰坦（titan 的复数）,巨人，泰坦；巨擘,n. [希神]泰坦巨神；（美）大力神Ⅱ型洲际导弹（Titan的复数）,"n. 提坦, 太阳神, 巨人"
10551,13500,intimidating,intimidate,i,AB,loan,,form-more-frequent,keep,令人畏惧的；吓人的,恐吓，威胁,"vt. 恐吓, 威胁( intimidate的现在分词)","vt. 威胁, 恐吓 [法] 恐吓, 威胁, 使恐惧"
10577,22958,outnumbered,outnumber,d,AB,mono,mono,form-more-frequent,keep,数量上超过（outnumber 过去式）,数量上超过,"v. 数量多于, 比…多( outnumber的过去式和过去分词 )","vt. 数目超过, 比...多"
10582,16221,chirps,chirp,3,AB,mono,mono,form-more-frequent,keep,鸟叫；唧唧叫（chirp 第三人称单数）,鸟叫；唧唧叫,n. 啾啾,"n. 喳喳声, 唧唧声 v. 吱喳而鸣"
10592,43391,fumes,fume,s,AB,loan,loan,form-more-frequent|suspect-target,keep,烟雾；废气（fume 的复数）,烟；气体；发怒,"n. 烟, 汽, 气 [机] 烟","n. 臭气, 烟, 激怒 vt. 熏 vi. 冒烟"
10593,20605,cawing,caw,i,AB,mono,mono,form-more-frequent,keep,乌鸦叫（caw 的现在分词）,鸦叫声,v. Carbon-Arc Welding 碳弧焊( caw的现在分词 ),n. 乌鸦的叫声 vi. 发出鸦叫声 [计] 通道地址字
10610,37759,snickers,snicker,s,AB,proper,mono,form-more-frequent|suspect-target,keep,士力架（品牌）；窃笑,窃笑；暗笑,n. =sni^^er( snicker的名词复数 ) v. =sni^^er( snicker的第三人称单数 ),n. 窃笑 vi. 窃笑 vt. 窃笑着说
10623,11122,peers,peer,s,AB,loan,loan,form-more-frequent,keep,同龄人；同辈（复数）,同龄人；同辈；贵族,"n. 平辈, 同事（peer的复数）","n. 同等的人, 匹敌, 贵族 vi. 凝视, 窥视, 费力地看, 隐现 vt. 与...同等, 封为贵族"
10624,12800,horrors,horror,s,AB,loan,,form-more-frequent,keep,恐怖；可怕的事（复数）,恐怖，恐惧,n. 恐怖( horror的复数形式 ); 憎恶; 令人感到恐怖的事; 讨厌鬼,"n. 惊骇, 恐怖, 惨状 [医] 恐怖, 恐惧"
10635,12000,errors,error,s,AB,loan,,form-more-frequent,keep,错误（复数）,错误，差错,n. 误差；错误；差错（error的复数）,"n. 错误, 过失, 失误, 误差 [计] 错误"
10641,19806,tainted,taint,d,AB,loan,loan,form-more-frequent,keep,受污染的；腐坏的,污染；玷污,"a. 腐坏的, 污染的, 沾污的, 感染的 [法] 有污点的, 污染的","n. 污点, 耻辱, 感染 vt. 污染, 使腐败, 沾染, 腐蚀"
10649,18322,insured,insure,d,AB,loan,loan,form-more-frequent,keep,已投保的,给…投保；确保,n. 被保险人,"vt. 保险, 确保 vi. 投保"
10663,42372,hallowed,hallow,p,AB,mono,mono,form-more-frequent|suspect-target,keep,神圣的；受尊崇的,使神圣；尊崇,"a. 神圣化的, 神圣的","vt. 使...神圣, 视为神圣 n. 圣徒"
10670,9234,watts,watt,s,AB,proper,proper,lemma-proper,keep,瓦特（功率单位）,瓦特，英国发明家工程师,n. 瓦特（功率单位）,n. 瓦(特) [化] 瓦; 瓦特
10678,12400,postponed,postpone,d,AB,loan,,form-more-frequent,keep,推迟；延期,推迟，延期,"vt.& vi. 延期, 缓办, （使）延迟 vt. 把…放在次要地位; [语]把…放在后面（或句尾） vi. （疟疾等…","vt. 延迟, 使延期, 缓办, 搁延 vi. 延缓, 延缓发作"
10680,15867,stuttering,stutter,i,AB,mono,mono,form-more-frequent,keep,口吃；结巴,口吃；结巴,"n. 口吃, 结巴 [医] 口吃, 讷吃","n. 口吃, 结结巴巴 v. 结结巴巴地说"
10713,12250,divisions,division,s,AB,loan,,form-more-frequent,keep,部门；分歧；除法,division划分；部门；分歧,n. 分开( division的复数形式 ); 分界线; 分歧; 分离,"n. 分, 分开, 除法, 部门(如部、处、系等), 师 [计] 部分"
10728,11517,whines,whine,s,AB,mono,mono,form-more-frequent,keep,哀鸣；抱怨,哀鸣；抱怨,"n. 悲嗥声( whine的名词复数 ); 哀鸣者 v. 哀号( whine的第三人称单数 ); 哀诉, 诉怨","n. 哀叫声, 嘎嘎声, 哀鸣 vi. 哭诉, 嘎嘎响, 发呜呜声 vt. 哀诉"
10736,178,founding,found,i,AB,loan,mono,homograph,?,创立；创建,找到（find 的过去式）,[计] 铸造,"vt. 建立, 创立, 铸造 find的过去式和过去分词"
10795,12000,pictured,picture,d,AB,loan,,form-more-frequent,keep,描绘；想象,图画，照片,v. 绘画( picture的过去式和过去分词 ); 描绘; 想像; 设想,"n. 图画, 照片, 景色, 美丽如画的人(或物), 化身, 生动的描述, 想像, 形象思维 vt. 画, 拍摄, 用图…"
10802,11366,delusions,delusion,s,AB,loan,loan,form-more-frequent,keep,妄想；错觉,错觉；妄想,n. 欺骗( delusion的复数形式 ); 谬见; 错觉; 妄想,"n. 迷惑, 欺瞒, 错觉 [医] 妄想"
10823,12500,attracts,attract,3,AB,loan,,form-more-frequent,keep,吸引；招引,吸引；引起,v. 吸引( attract的第三人称单数 ); 使喜爱; 引起…的好感（或爱慕）; 具有吸引力,"vt. 吸引, 诱惑 vi. 有吸引力"
10825,14700,invaders,invader,s,AB,loan,,form-more-frequent,keep,侵略者；入侵者,侵略者，侵入者,n. 侵入种；侵略者（invader的复数）,n. 侵略者 [化] 侵入物
10829,43630,gras,gra,s,AB,loan,proper,lemma-proper|form-more-frequent|suspect-target,keep,油脂；肥肝,格雷（人名/缩写）,abbr. 一般认为安全（Generally Recognized as Safe）,abbr. （美）政府科学研究机构联合会（Governmental Research Association）
10831,12286,suffocating,suffocate,i,AB,loan,loan,form-more-frequent,keep,令人窒息的,窒息；使窒息,[医] 窒息性的,"vt. 使窒息, 噎住, 闷熄 vi. 闷死, 窒息, 受阻"
10864,12600,admiring,admire,i,AB,loan,,form-more-frequent,keep,赞赏的；钦佩的,钦佩，赞赏；欣赏,"a. 赞赏的, 钦佩的, 羡慕的","vt. 赞美, 钦佩, 爱慕 vi. 称赞, 惊奇"
10870,15893,avengers,avenger,s,AB,loan,loan,form-more-frequent,keep,复仇者,复仇者,复仇者(avenger的复数),n. 复仇者
10901,255,casing,case,i,B,loan,loan,src-b-only,?,外壳；套管,情况；案件；箱子,"n. 箱, 盒, 包装, 框, 套管 [化] 汽车外胎","n. 情形, 情况, 箱, 容器, 事实, 病例, 案例, 框子 vt. 装箱, 包盖"
10902,16626,cooing,coo,i,AB,mono,mono,form-more-frequent,keep,咕咕叫；柔声说,（鸽子）咕咕叫；柔声说,n. 喔啊声；轻柔低语；鸽子咕咕叫,"vi. 咕咕地叫 vi.vt. 谈情话, 轻轻地说, 温柔可爱地说, 温柔爱恋地说 n. 鸽子的叫声, 鸽子叫似的轻声"
10919,15000,violating,violate,i,AB,loan,,form-more-frequent,keep,违反；侵犯,违犯，侵犯，扰乱,v. 亵渎( violate的现在分词 ); 违反; 侵犯; 强奸,"vt. 违犯, 亵渎, 违反, 侵犯, 妨碍 [经] 违犯, 违反"
10921,12199,hooting,hoot,i,AB,mono,mono,form-more-frequent,keep,发出汽笛声；嘲笑,鸣叫；哄笑,v. 喊叫；鸣响；摄制（hoot的ing形式）,"n. 叫嚣, 嘲骂声, 鸣响 vi. 大声叫嚣, 鸣响, 猫头鹰叫 vt. 呵斥, 轰赶"
10931,13800,parasites,parasite,s,AB,loan,,form-more-frequent,keep,寄生虫；寄生生物,寄生物；寄生虫；依赖他人者,n. 寄生虫；寄生生物（parasite的复数）,"n. 寄生生物, 寄生虫, 食客 [医] 寄生物; 寄生胎"
10938,29647,neighing,neigh,i,AB,mono,mono,form-more-frequent,keep,（马）嘶鸣,（马）嘶鸣,v. （马）嘶( neigh的现在分词 ),n. 马嘶声 vi. 马嘶
10941,3436,spoilt,spoil,dp,A,loan,loan,src-a-only,?,被宠坏的；损坏的,破坏；宠坏,spoil的过去式和过去分词,"n. 战利品, 赃物, 奖品, 变质, 次品 vt. 损坏, 破坏, 溺爱 vi. 腐坏, 掠夺"
10948,14544,blueprints,blueprint,s,AB,mono,mono,form-more-frequent,keep,蓝图；设计图,蓝图；计划,n. 蓝图；模板（blueprint的复数）,"n. 蓝图, 设计图, (周详的)计划 vt. 制成蓝图, 计划"
10961,3308,cons,con,s,AB,loan,loan,homograph,?,缺点；反对理由,骗局；反对,[计] 面向连接的网络服务,"vt. 精读, 仔细研究, 默记 adv. 反面地, 从反面 a. 欺诈的 n. 反对者, 反对票, 肺结核 [计] 控…"
10961,23488,cons,conn,3,B,loan,mono,src-b-only|form-more-frequent|homograph,keep,缺点；反对理由,指挥操舵；驾船,[计] 面向连接的网络服务,vt. 指挥操舵 n. 指挥操舵
10963,11882,barbarians,barbarian,s,AB,loan,loan,form-more-frequent,keep,野蛮人；未开化者,野蛮人；未开化的人,n. 野蛮人；蛮夷（barbarian的复数形式）,n. 野蛮人 a. 野蛮的
10970,11180,pilgrims,pilgrim,s,AB,loan,loan,form-more-frequent,keep,朝圣者；清教徒,朝圣者；香客,"n. 香客, 朝圣者( pilgrim的复数形式 )","n. 旅行者, 朝圣者, 香客 vi. 朝圣"
10972,26935,parameters,parameter,s,AB,loan,loan,form-more-frequent,keep,参数；界限,参数；界限,n. 参数；参量（parameter的复数）,"n. 参变数, 参变量, 参数, 参量 [计] 参量; 参数"
10995,45445,automated,automate,d,B,loan,loan,src-b-only|form-more-frequent|suspect-target,keep,自动化的,使自动化,a. 自动化的；机械化的,vt.vi. (使)自动化 [计] 自动化
11000,9944,amused,amuse,p,B,loan,loan,src-b-only,?,被逗乐的；愉快的,逗乐；使消遣,"a. 愉快的, 被逗乐的","vt. 消遣, 娱乐, 使发笑"
11005,12400,appreciates,appreciate,3,AB,loan,,form-more-frequent,keep,欣赏；感激；增值,欣赏；感激；增值,v. 感激( appreciate的第三人称单数 ); 欣赏; （充分）意识到; 对…作（正确）评价,"vt. 赏识, 鉴别, 为...而感激, 领会, 欣赏 vi. 增值, 涨价"
11007,11588,reassuring,reassure,i,AB,mono,loan,form-more-frequent,keep,令人安心的；宽慰的,使安心；安慰,"a. 安心的, 可靠的, 鼓励的","vt. 使...安心, 向...再保证 [法] 重新保证, 再保险, 使清除疑虑"
11045,24309,painkillers,painkiller,s,AB,mono,mono,form-more-frequent,keep,止痛药（复数）,止痛药,n. 止痛药( painkiller的复数形式 ),"n. 解痛药, 止痛片, 止痛药"
11052,36304,misplaced,misplace,d,B,loan,loan,src-b-only|form-more-frequent|suspect-target,keep,放错地方的；不合时宜的,放错地方；丢失,a. 错位的; 寄托错的 v. 错放(misplace的过去式),vt. 放错地方
11060,13888,japs,jap,s,AB,mono,mono,form-more-frequent,keep,日本人（贬义，勿用）,日本人（贬称）,"n. 小日本, 日本鬼子（等于Japanese, 是对日本人的蔑称）","abbr. 日本, 日本人（Japan, Japanese）"
11076,2087,guiding,guide,i,B,loan,loan,src-b-only,?,指导的；引导的,指南；导游,[计] 引导的,"n. 引导者, 导游, 指南, 路标 vt. 指导, 支配, 管理, 带领, 操纵 vi. 任向导 [计] 辅助线"
11105,15011,wrinkles,wrinkle,s,AB,mono,mono,form-more-frequent,keep,皱纹；褶皱,皱纹；褶皱,n. 皱纹；皱褶（wrinkle的复数形式）,"n. 皱纹, 妙计, 方法, 技巧 vi. 起皱 vt. 使起皱纹"
11107,13000,subtitling,subtitle,i,AB,loan,,form-more-frequent,keep,字幕制作；加字幕,副标题；字幕,n. 字幕,n. 副标题
11117,32160,bygones,bygone,s,AB,mono,mono,form-more-frequent,keep,往事；过去的事,过去的；往昔的,n. 过去的（不愉快的）事( bygone的复数形式 ),"n. 过去的事, 往事 a. 过去的"
11124,12000,religions,religion,s,AB,loan,,form-more-frequent,keep,宗教,宗教,"n. 宗教, 宗教信仰（religion的复数）","n. 宗教, 信仰 [法] 宗教, 宗教信仰, 信仰"
11156,15643,teammates,teammate,s,AB,mono,mono,form-more-frequent,keep,队友,队友,"n. 队友, 同队队员",n. 队友
11169,27865,reeves,reeve,s,AB,proper,mono,form-more-frequent,keep,里夫斯（姓氏/人名）,地方官；雌流苏鹬,n. 里夫斯（姓氏）,"n. 地方长官 v. 穿(绳索), 穿过"
11213,12200,prospects,prospect,s,AB,loan,,form-more-frequent,keep,前景；可能性,前景，可能性,n. 预期；前景；潜在顾客；远景展望,"n. 景色, 展望 vt. 勘探, 勘察 vi. 勘探, 有前途"
11230,12200,recycling,recycle,i,B,mono,,src-b-only|form-more-frequent,keep,回收利用；再循环,回收利用；再循环,[电] 再循环,"vt. 使再循环, 重新利用, 再制 n. 再循环"
11232,30789,snarls,snarl,s,AB,mono,mono,form-more-frequent,keep,咆哮；缠结,咆哮；缠结,"n. （动物的）龇牙低吼( snarl的名词复数 ); 愤怒叫嚷（声）; 咆哮（声）; 疼痛叫声 v. （指狗）吠, 嗥…","vi. 吼叫, 怒骂, 缠结 vt. 咆哮着说, 搞乱, 使缠结 n. 咆哮, 吼叫, 怒骂, 缠结, 混乱"
11240,15200,morales,morale,s,AB,proper,,form-more-frequent,keep,莫拉莱斯（姓氏/人名）,士气；斗志,[人名] 莫拉莱斯; [地名] [厄瓜多尔、哥伦比亚、美国、墨西哥、西班牙] 莫拉莱斯,"n. 士气, 道德"
11249,13092,esteemed,esteem,d,AB,mono,loan,form-more-frequent,keep,受尊敬的,尊重；敬重,a. 受人尊敬的,"n. 尊敬, 尊重 vt. 尊敬, 尊重, 认为"
11257,12000,testifying,testify,i,AB,loan,,form-more-frequent,keep,作证；证明,作证；证明,"v. 作证, 证明( testify的现在分词 ); 证明, 证实","v. 证明, 作证, 声明, 表明"
11279,16000,continents,continent,s,AB,loan,,form-more-frequent,keep,大洲（复数）,自制的，节欲的,"n. 洲, 大陆( continent的复数形式 ); 欧洲大陆（不包括英国和爱尔兰）","n. 大陆, 洲 a. 自制的"
11290,26153,trans,tran,s,AB,loan,proper,lemma-proper|form-more-frequent,keep,跨性别的；反式的,（人名）陈/特兰,[电] transimitter的简写,n. (Tran)人名；(柬)德兰
11305,12179,fulfilling,fulfil,i,AB,mono,mono,form-more-frequent|homograph,keep,令人满足的；实现的,履行；实现,a. 能实现个人抱负的；令人高兴的；令人满意的,"vt. 实践, 履行, 实行, 完成, 结束, 满足 [经] 履行(契约), 满期"
11305,4654,fulfilling,fulfill,i,B,mono,mono,src-b-only|homograph,?,令人满足的；实现的,履行；实现,a. 能实现个人抱负的；令人高兴的；令人满意的,"vt. 实践, 履行, 实行, 完成, 结束, 满足 [法] 履行, 完成, 达到"
11324,14539,daleks,dalek,s,AB,proper,proper,lemma-proper|form-more-frequent,keep,戴立克（科幻剧外星生物）,戴立克（科幻角色）,(Dalek 的复数) n.& adj.(英国广播公司科学幻想电视节目中机器人)戴立克(的),n. & adj.(英国广播公司科学幻想电视节目中机器人)戴立克(的)
11325,15373,aroused,arouse,d,AB,mono,mono,form-more-frequent,keep,唤起；激起；唤醒,唤起；激起；唤醒,唤醒,"vt. 唤醒, 鼓励, 引起 vi. 醒来"
11329,13500,emergencies,emergency,s,AB,loan,,form-more-frequent,keep,紧急情况（复数）,紧急情况；突发事件,n. 紧急需要；紧急事件,"n. 紧急状况, 紧急事件, 紧急需要 [化] 紧急情况"
11345,29647,neighs,neigh,s,AB,mono,mono,form-more-frequent,keep,（马）嘶鸣,（马）嘶鸣,n. 马嘶声( neigh的名词复数 ),n. 马嘶声 vi. 马嘶
11355,14879,seagulls,seagull,s,AB,mono,mono,form-more-frequent,keep,海鸥（复数）,海鸥,n. 海鸥( seagull的复数形式 ),n. 鸥
11367,12300,foundations,foundation,s,AB,loan,,form-more-frequent,keep,地基；基础（复数）,基础；地基；基金会,n. 地基,"n. 基础, 根据, 建立 [化] 地基"
11404,11678,assassinated,assassinate,d,AB,loan,loan,form-more-frequent,keep,暗杀（assassinate的过去式）,暗杀；行刺,vt. 暗杀；行刺,"vt. 暗杀, 行刺 [法] 暗杀, 行刺, 中伤"
11424,14000,volunteering,volunteer,i,AB,loan,,form-more-frequent,keep,自愿做；志愿服务,志愿者；自愿做,"v. 自动提供, 自愿效劳( volunteer的现在分词 ); 主动建议（或告诉）; （未经当事人同意）举荐; 自愿参…",n. 志愿者 a. 志愿的 v. 自愿
11426,12427,spooked,spook,d,AB,loan,loan,form-more-frequent,keep,吓唬；受惊（过去式）,鬼；幽灵；使惊恐,"v. 吓, 吓唬( spook的过去式和过去分词 )","n. 幽灵, 鬼 vt. 惊吓, 鬼怪般地出没 vi. 惊吓而逃窜, 受惊"
11429,13420,weakened,weaken,d,AB,mono,mono,form-more-frequent,keep,削弱（weaken的过去式）,削弱；变弱,"a. 虚弱的 v. （使）削弱, （使）变弱( weaken的过去式和过去分词 )","vt. 削弱, 减弱, 使虚弱 vi. 变弱, 变软弱"
11454,12100,conflicts,conflict,s,AB,loan,,form-more-frequent,keep,冲突；矛盾（复数）,冲突；抵触,n. 冲突( conflict的名词复数 ); 战斗; 相互干扰; 矛盾,"n. 战斗, 冲突, 矛盾, 争执 vi. 争执, 战斗, 冲突, 抵触 [计] 冲突"
11460,13000,interrogated,interrogate,d,AB,loan,,form-more-frequent,keep,审问；盘问（过去式）,审问，盘问,v. 询问( interrogate的过去式和过去分词 ); 审问; （在计算机或其他机器上）查询,"vt. 质问, 讯问, 审问 vi. 质问, 讯问"
11468,425,jacked,jack,p,AB,mono,proper,lemma-proper,keep,肌肉发达的；被劫持的,杰克（人名）；千斤顶,v. 抬高（价格等）；用千斤顶顶起（jack的过去分词）,"n. 插座, 千斤顶, 男人 vt. 抬起, 提醒, 扛举, 增加, 提高, 放弃 a. 雄的 [计] 插座"
11506,15100,overrated,overrate,d,B,mono,,src-b-only|form-more-frequent,keep,评价过高的,高估，评价过高,v. 对（质量、能力等）估价过高( overrate的过去式和过去分词 ),"vt. 评价过高, 高估, 估价过高 [经] 对...估价过高, 高估"
11527,13000,manipulating,manipulate,i,AB,loan,,form-more-frequent,keep,操纵；控制,操纵，操作；篡改,[计] 手动,"vt. 操纵, 利用, 操作, 巧妙地处理, 假造"
11542,20631,in-laws,in-law,s,AB,mono,mono,form-more-frequent,keep,姻亲,姻亲,n. 姻亲,n. 姻亲
11549,13800,catholics,catholic,s,AB,loan,,form-more-frequent,keep,天主教徒,普遍的，广泛的；天主教的,n. 天主教徒（Catholic的复数形式）,"n. 天主教徒 a. 天主教的, 普遍的, 广泛的, 宽宏大量的"
11558,23013,sandals,sandal,s,AB,loan,loan,form-more-frequent,keep,凉鞋,凉鞋；拖鞋,n. 凉鞋；便鞋；拖鞋（sandal的复数）,"n. 凉鞋, 拖鞋, 檀香木 vt. 穿以便鞋"
11586,14048,dodgers,dodger,s,AB,proper,mono,form-more-frequent,keep,道奇队；躲避者,躲避者；躲闪者,"n. 躲闪者, 欺瞒者( dodger的复数形式 )","n. 躲闪者, 用诡计逃脱者, 蒙骗者, 推托者 [法] 推托者, 规避者, 用诡计蒙骗者"
11590,11765,meddling,meddle,i,AB,loan,loan,form-more-frequent,keep,干涉；管闲事,干涉；管闲事,n. 干预；瞎管,"vi. 干涉, 干预, 擅自摸弄 [法] 干预, 插手, 弄乱"
11609,16216,perks,perk,s,AB,mono,mono,form-more-frequent,keep,额外待遇；福利,额外待遇；好处,n. 特权；额外津贴（perk的复数）；特别待遇 n. (Perks)人名；(英)珀克斯；(法)佩尔克 v. 打扮；使振…,"vi. 昂首, 振作, 举止高傲, 神气活现, 滤煮 vt. 竖起, 打扮, 使振作, 滤煮 n. 小费"
11628,12570,toots,toot,s,AB,mono,mono,form-more-frequent,keep,嘟嘟声；短促响声,（喇叭）嘟嘟响,n. 亲密的人,"n. 嘟嘟声, 作乐 vi. 吹喇叭 vt. 吹奏出"
11644,16111,aches,ach,s,AB,mono,loan,lemma-no-gloss|form-more-frequent|homograph,keep,疼痛（复数）,啊（表示懊恼）,n. 疼痛( ache的名词复数 ) v. 渴望( ache的第三人称单数 ),[计] 自动化票证交换所 [医] 肾上腺皮质激素
11644,6336,aches,ache,3,B,mono,mono,src-b-only|homograph,?,疼痛（复数）,疼痛,n. 疼痛( ache的名词复数 ) v. 渴望( ache的第三人称单数 ),"n. 疼痛 vi. 痛, 哀怜, 渴望"
11653,12100,invading,invade,i,AB,loan,,form-more-frequent,keep,入侵；侵犯,侵入，侵略,"v. 侵入, 侵略( invade的现在分词 ); 涌入; 侵袭; 侵犯","vt. 侵入, 拥入, 侵略, 侵袭 [法] 强入, 侵犯, 侵略"
11674,21786,consists,consist,3,AB,loan,loan,form-more-frequent,keep,由……组成,由…组成；在于,v. 由…组成( consist的第三人称单数 ); 包括; 存在于; 表现为（常与 in 连用）,"vi. 组成, 存在于, 一致"
11681,25030,staggering,stagger,i,AB,mono,mono,form-more-frequent,keep,惊人的；令人震惊的,蹒跚；摇晃；使震惊,"a. 蹒跚的, 巨大的, 惊人的 [电] 参差","n. 蹒跚, 踌躇 vi. 蹒跚, 犹豫 vt. 使摇摆, 使踌躇, 交错, 错开 a. 交错的, 错开的"
11683,13959,murmurs,murmur,s,AB,loan,loan,form-more-frequent,keep,低语；喃喃声（复数）,低语；喃喃,n. 低沉、连续而不清的声音( murmur的名词复数 ); 低语声; 怨言; 嘀咕,"n. 低语, 低声的怨言 vi. 低语, 低声而言 vt. 低声说"
11708,1360,wronged,wrong,p,B,mono,mono,src-b-only,?,冤枉；不公正对待,错误的；不合适的,"a. 被委屈, 被伤害, 被错怪 v. 不公正（或不诚实）对待, 冤枉( wrong的过去式和过去分词 )","a. 错误的, 不正当的, 失常的 adv. 错误地"
11711,23854,cremated,cremate,d,AB,loan,loan,form-more-frequent,keep,火化（过去式）,火化；焚化,"v. 火葬, 火化（尸体）( cremate的过去式和过去分词 )","vt. 烧成灰, 火葬"
11720,12200,inventions,invention,s,AB,loan,,form-more-frequent,keep,发明；发明物（复数）,发明，创造,n. 发明( invention的复数形式 ); 捏造; 创造力; 发明物,"n. 发明, 创作能力, 虚构的故事 [经] 发明"
11724,12100,kingdoms,kingdom,s,AB,mono,,form-more-frequent,keep,王国（复数）,王国；领域,n. 王国( kingdom的复数形式 ); 界; 领域,"n. 王国, 领域 [医] 界(动物,植物,矿物)"
11736,17290,baptized,baptize,d,AB,loan,loan,form-more-frequent,keep,给…施洗礼,给…施洗礼,a. 受洗礼的 v. 施洗礼；使经受考验；给…名称（baptize的过去分词）,"vt. 施洗礼, 使经受考验, 命名"
11737,14552,hooves,hoof,s,AB,mono,mono,form-more-frequent,keep,蹄（复数）,蹄,n. 蹄脚；蹄（hoof的复数）,"n. 蹄, (人的)脚 vt. 以蹄踢, 行走, 步行 vi. 走, 踢, 踏"
11748,11782,markings,marking,s,AB,mono,mono,form-more-frequent,keep,标记；斑纹（复数）,标记；斑纹,n. 成交量和价格记录,"n. 印记, 印, 分 [计] 标志"
11752,32730,dibs,dib,s,AB,mono,mono,form-more-frequent,keep,优先权；认领,（口语）抢先；占,"n. 筹码, (非正式)钱, (非正式)要求, 保留权, 权利",vi. 将饵在水面轻轻地上下拉动 [计] 数据输入总线
11763,25757,acquitted,acquit,d,AB,loan,loan,form-more-frequent,keep,宣判无罪；开释,宣判无罪；表现,v. 释放（acquit的过去分词） a. 无罪；无罪开释,"vt. 无罪释放, 表现, 使履行 [法] 开释, 释放, 免"
11773,28271,frigging,frig,i,B,mono,mono,src-b-only|form-more-frequent,keep,该死的（委婉脏话）,（粗）胡搞；性交,"a. 受诅咒的, 可恨的, 要命的",n. 冰箱 v. 与(女子)发生性行为
11814,19442,scots,scot,s,AB,proper,proper,lemma-proper|form-more-frequent,keep,苏格兰的；苏格兰人,苏格兰人,"a. 苏格兰的, 苏格兰式的","n. 摊派的款项, 税赋 [化] 涂载体空心柱"
11844,12200,phenomena,phenomenon,s,AB,loan,,form-more-frequent,keep,现象（复数）,现象,pl. 现象,"n. 现象, 迹象, 表现, 奇迹, 奇才 [化] 现象"
11848,12000,contributed,contribute,d,AB,loan,,form-more-frequent,keep,贡献；捐助（过去式）,贡献；捐赠；投稿,"a. 已缴入的；贡献的, 分配的","vt. 有助于, 捐助, 投稿 vi. 出力, 捐献, 投稿"
11860,3836,dialed,dial,dp,A,mono,loan,src-a-only,?,拨号（过去式）,表盘；拨号,"v. 打电话, 拨电话号码( dial的过去式和过去分词 )","n. 刻度盘, 钟面, 转盘 v. 拨"
11863,27858,hallucinating,hallucinate,i,AB,loan,loan,form-more-frequent,keep,产生幻觉,产生幻觉,v. 使产生幻觉( hallucinate的现在分词 ),vt. 使产生幻觉
11870,24198,digits,digit,s,AB,loan,loan,form-more-frequent,keep,数字；手指/脚趾,数字；手指,n. 数字；手指；足趾（digit的复数）,"n. 数字, 位数, 指头 [计] 数位; 位"
11871,43363,myers,myer,s,AB,proper,proper,lemma-proper|form-more-frequent|suspect-target,keep,迈尔斯（人名）,迈尔（人名/品牌）,n. 迈尔斯（姓氏）,n. 玛雅（澳大利亚一百货公司名）；迈尔（姓氏）
11886,12400,implications,implication,s,AB,loan,,form-more-frequent,keep,影响；含义；牵连,含义，牵连；暗示,n. 蕴涵式；卷入（implication的复数）,"n. 牵连, 含义, 暗示 [法] 推断, 含蓄之意, 暗示"
11889,21773,scallops,scallop,s,AB,loan,loan,form-more-frequent,keep,扇贝；干贝,扇贝；扇贝肉,n. 扇贝( scallop的名词复数 ); 扇形皱褶; 扇形饰边; 扇贝壳,n. 扇贝 vt. 用扇贝状碟烘烤 vi. 拾扇贝
11890,12500,vibrations,vibration,s,AB,loan,,form-more-frequent,keep,振动；颤动；共鸣,振动，颤动；共鸣,n. 摆动( vibration的复数形式 ); 震动; 感受; （偏离平衡位置的）一次性往复振动,"n. 振动, 颤动 [化] 振动"
11905,12000,scripts,script,s,AB,loan,,form-more-frequent,keep,剧本；手稿；脚本,剧本；手迹；文字,"n. 原稿, 手稿（script的复数形式）","n. 手迹, 手稿, 正本, 手写体 vt. 改编为演出本 [计] 手写体, 小型程序"
11919,13477,lukas,luka,s,AB,proper,proper,lemma-proper|form-more-frequent,keep,卢卡斯（男子名）,卢卡（人名）,(Luka 的复数) n. (Luka)人名；(法)吕卡；(德、俄、罗、匈、塞、捷、图瓦)卢卡,n. (Luka)人名；(法)吕卡；(德、俄、罗、匈、塞、捷、图瓦)卢卡
11922,15400,perverted,pervert,d,AB,loan,,form-more-frequent,keep,变态的；歪曲的；反常的,使堕落；曲解，歪曲,"a. 堕落的, 歪曲的, 行为反常的, 性变态的","vt. 使堕落, 使反常, 歪曲, 滥用, 使左右颠倒, 唆使...性变态 n. 堕落者, 行为反常者, 背教者, 性欲…"
11924,16038,dazzling,dazzle,i,B,mono,mono,src-b-only|form-more-frequent,keep,耀眼的；令人眼花缭乱的,使眼花；使赞叹,"a. 眼花缭乱的, 耀眼的","v. (使)眼花, 炫耀 n. 耀眼"
11928,12905,capabilities,capability,s,AB,loan,loan,form-more-frequent,keep,能力；才能；性能,能力；才能,n. 能力( capability的名词复数 ); 可能; 容量; [复数]潜在能力,"n. 能力, 性能, 约束力 [化] 能力"
11931,23365,grumbling,grumble,i,AB,mono,mono,form-more-frequent,keep,抱怨；发牢骚；咕哝,抱怨；咕哝,a. 出怨言的；喃喃鸣不平的,"n. 怨言, 满腹牢骚 vi. 抱怨, 发牢骚, 发隆隆声 vt. 抱怨"
11938,18375,specs,spec,s,AB,loan,mono,form-more-frequent,keep,眼镜；规格；说明书（复数）,规格；说明书；投机,"n. 眼镜, 规格, 说明书","n. 投机, 投机事业, 规格, 说明书, 专业人员 [化] 加工单"
11944,14000,petals,petal,s,AB,loan,,form-more-frequent,keep,花瓣（复数）,花瓣,n. 花瓣；翼瓣（petal的复数形式）,n. 花瓣 [医] 花瓣
11947,8156,battered,batter,d,B,loan,loan,src-b-only,?,破旧的；受虐待的； battered 面糊的,面糊；击球手,a. 磨损的；弄垮的；破旧的；受到虐待的,v. 连续猛打（尤其指妇女），猛击 n. 面糊（食物），击球员，打击手
11948,12000,withdrew,withdraw,p,AB,mono,,form-more-frequent,keep,撤回；退出；取款（withdraw 过去式）,撤回，提取，退出,withdraw的过去式,"vt. 撤回, 取回, 撤消, 使撤退, 拉开, 移开 vi. 撤退, 离开"
11955,12300,senators,senator,s,AB,loan,,form-more-frequent,keep,参议员（复数）,参议员,n. 参议员( senator的复数形式 ),"n. 参议员, (某些大学的)理事 [法] 参议员, 上议员"
11956,1245,saturdays,saturday,s,AB,mono,proper,lemma-proper,keep,星期六（复数）,星期六,"adv. 每星期六, 在任何星期六",n. 星期六
11966,17337,clucking,cluck,i,AB,mono,mono,form-more-frequent,keep,咯咯叫；咂嘴,咯咯叫；咂嘴,"v. （母鸡）咯咯声( cluck的现在分词 ); <俚>傻瓜, 笨蛋",n. 咯咯的叫声 v. 咯咯叫
11995,26196,slurping,slurp,i,AB,mono,mono,form-more-frequent,keep,出声地喝；咕嘟地吃,出声地喝；咕噜,v. 啜食( slurp的现在分词 ),n. 吃的声音 v. 出声地吃(或喝)
12000,12100,concerned,concern,p,B,,,src-b-only|form-more-frequent,keep,担忧的；有关的,涉及；关心；忧虑,"a. 关心的, 有关的, 参与的, 担心的","n. 关心, 忧虑 vt. 与...有关, 使担心, 使挂念"
12000,15800,dormitories,dormitory,s,AB,,,form-more-frequent,keep,宿舍（复数）,宿舍，寄宿楼,n. 集体宿舍( dormitory的名词复数 ),n. 宿舍
12000,12200,milligrams,milligram,s,AB,loan,,form-more-frequent,keep,毫克,毫克（千分之一克）,n. 毫克（千分之一克）( milligram的复数形式 ),n. 毫克 [电] 毫克
12000,12400,privileged,privilege,d,AB,,,form-more-frequent,keep,享有特权的,特权；优待,"a. 有特权的, 有特别恩典的 [法] 特许的, 有特权的","n. 特权, 特别恩典, 基本权利, 特免 vt. 给与...特权, 特免"
12001,16285,irritated,irritate,d,AB,loan,loan,form-more-frequent,keep,恼怒的；发炎的,激怒；刺激,"a. 被激怒的, 生了气的, 变粗的, 因刺激而发炎的, 发红的","vt. 激怒, 使发怒, 使兴奋, 使发炎 vi. 引起不快"
12005,16260,hijacked,hijack,d,AB,mono,mono,form-more-frequent,keep,劫持；劫机,劫持；劫机,"v. 劫持( hijack的过去式和过去分词 ); 绑架; 拦路抢劫; 操纵（会议等, 以推销自己的意图）","vt. 抢劫, 劫持, 敲诈 [法] 挡路抢劫, 抢劫, 绑架"
12011,15839,soothing,soothe,i,B,mono,mono,src-b-only|form-more-frequent,keep,抚慰的；使人平静的,安慰；缓和,"a. 抚慰的, 使人宽心的 [医] 缓解的, 安抚的","vt. 缓和, 使安静, 安慰, 奉承 vi. 起安慰作用"
12015,33029,achilles,achille,s,AB,proper,proper,lemma-proper|form-more-frequent,keep,阿喀琉斯（希腊神话英雄）,（人名）阿基尔,n. 阿喀琉斯(希腊神话人物),n. 阿喀琉斯（荷马史诗《伊利亚特》中的英雄）
12025,12495,coupons,coupon,s,AB,loan,loan,form-more-frequent,keep,优惠券；赠券,优惠券；赠券,n. 优惠券；息票；[冶金]取样片（coupon的复数）,"n. 息票, 赠券 [经] 息票, 利息单, 联票"
12035,12100,silenced,silence,d,AB,loan,,form-more-frequent,keep,使沉默；压制,沉默，寂静,v. 使安静( silence的过去式和过去分词 ); 使沉默; 压制; （用以让人们安静）安静,"n. 沉默, 无声, 静寂, 湮没, 无声息 vt. 使缄默 interj. 安静"
12060,3255,koreans,korean,s,AB,proper,proper,lemma-proper,keep,韩国人；朝鲜人（复数）,韩国的；朝鲜的,"n. 朝鲜人, 朝鲜国民( Korean的复数形式 ); 朝鲜语","n. 朝鲜人, 朝鲜语 a. 朝鲜人的, 朝鲜语的"
12069,15438,hovering,hover,i,AB,mono,mono,form-more-frequent,keep,盘旋；徘徊,盘旋；徘徊,n. 停悬；空中悬停,"vi. 盘旋, 翱翔, 徘徊 vt. 孵 n. 翱翔"
12075,13000,emerging,emerge,i,AB,loan,,form-more-frequent,keep,出现；兴起,浮现，显露,"[法] 出现的, 发生的, 形成的","vi. 浮现, 形成, 出现, (事实)显露"
12091,12792,hoops,hoop,s,AB,mono,mono,form-more-frequent,keep,箍；篮圈（复数）,箍；环；篮圈,n. 箍( hoop的名词复数 ); （篮球）篮圈; （旧时儿童玩的）大环子; （两端埋在地里的）小铁弓,"n. 箍, 铁环, 呼呼声 vt. 加箍于, 包围 vi. 发呼呼声"
12096,12350,proposals,proposal,s,AB,loan,,form-more-frequent,keep,提议；求婚（复数）,提议；求婚,n. 提议( proposal的复数形式 ); 推荐; 求婚; 赞成提案,"n. 提议, 计划, 求婚 [经] 提案, 申请, 投标"
12100,22279,scissors,scissor,3,B,,loan,src-b-only|form-more-frequent,keep,剪刀,剪；用剪刀剪,pl. 剪刀 [医] 剪,"vt. 剪, 剪取, 删除, 削减 n. 剪刀"
12103,13500,revolting,revolt,i,AB,loan,,form-more-frequent,keep,令人反感的；恶心的,反抗，起义；使反感,"a. 背叛的, 叛乱的, 厌恶的","n. 叛乱, 反抗, 反感 vi. 叛乱, 反抗, 起义, 厌恶, 反感 vt. 使反感, 使恶心"
12112,13000,displayed,display,d,AB,loan,,form-more-frequent,keep,展示；显示（过去式）,展示，显露出,a. 显示的,"n. 显示, 陈列, 炫耀, 显示器 vt. 陈列, 显示, 表现, 夸示 [计] 显示器; 显示"
12117,11084,enlightened,enlighten,d,B,mono,mono,src-b-only,?,开明的；受启发的,启发；开导,"a. 有知识的, 进步的, 文明的","vt. 教育, 启发, 启蒙, 开导, 教导"
12124,21268,tampered,tamper,d,AB,mono,mono,form-more-frequent,keep,篡改；干预,篡改；擅自改动,v. 窜改( tamper的过去式 ); 篡改; （用不正当手段）影响; 瞎摆弄,"vi. 干预, 拨弄, 贿赂, 损害, 篡改 vt. 篡改 n. 捣棒, 打夯机, 填塞者"
12141,36010,drenched,drench,d,AB,mono,mono,form-more-frequent,keep,湿透的,使湿透；浸透,a. 湿透的; 充满的 v. 使湿透( drench的过去式和过去分词 ); 在某人（某物）上大量使用（某液体）,"vt. 使湿透, 使充满 n. 滂沱大雨, 弄湿"
12143,12213,sightings,sighting,s,AB,mono,mono,form-more-frequent,keep,目击；发现,看见；目击,"n. 照准, 观察, 视线( sighting的复数形式 )",n. 照准；瞄准；视线
12155,213,brethren,brother,s,A,mono,mono,src-a-only,?,弟兄们；教友,兄弟；哥哥；弟弟,"n. 弟兄们, 教友们",n. 兄弟
12157,12200,contracted,contract,d,AB,loan,,form-more-frequent,keep,感染；订约,合同；收缩；感染,"a. 收缩了的, 已定约的, 契约的","n. 合约, 婚约, 契约 vt. 使皱缩, 使缩短, 感染, 订约, 缔结 vi. 皱缩, 订约, 收缩"
12159,12200,painters,painter,s,AB,loan,,form-more-frequent,keep,画家；油漆工,画家；油漆匠,n. 画家( painter的复数形式 ); 油漆匠; （系船的）缆绳,"n. 画家, 油漆匠 [机] 油漆匠, 喷漆匠"
12162,14537,cosmetics,cosmetic,s,AB,loan,loan,form-more-frequent,keep,化妆品,化妆的；表面的,n. 装饰品；化妆品（cosmetic的复数）,n. 化妆品 a. 化妆用的
12183,14780,excluded,exclude,d,AB,loan,loan,form-more-frequent,keep,排除；不包括,排除；不包括,"v. 排除, 不包括在内( exclude的过去式和过去分词 )","vt. 除外, 排除, 排斥 [医] 除外(诊断)"
12200,13800,terrified,terrify,d,B,,,src-b-only|form-more-frequent,keep,极度恐惧的；受惊的,使恐惧，吓唬,a. 受惊吓的；感到恐惧的,"vt. 使恐惧, 恐吓"
12238,3298,europeans,european,s,AB,proper,proper,lemma-proper,keep,欧洲人（复数）,欧洲的,n. 欧洲人( European的复数形式 ),"n. 欧洲人 a. 欧洲的, 欧洲人的"
12256,13400,curves,curve,s,AB,loan,,form-more-frequent,keep,曲线；弯道（复数）,曲线,n. 曲线；弯曲状（curve的复数形式）,"n. 曲线, 弯曲, 曲线球 vt. 弯, 使弯曲 vi. 成曲形"
12275,12500,outlaws,outlaw,s,AB,mono,,form-more-frequent,keep,不法之徒（复数）,被剥夺法律保护者；逃犯,"n. 歹徒, 亡命之徒( outlaw的名词复数 ); 逃犯","n. 被剥夺法律保护的人, 罪犯 vt. 使...失去法律保护, 将...逐出社会, 宣告非法, 取缔"
12280,14900,mercenaries,mercenary,s,AB,loan,,form-more-frequent,keep,雇佣兵（复数）,唯利是图的；雇佣的,"n. 雇用的, 为钱的, 唯利是图的( mercenary的名词复数 ); 雇用地, 唯利是图地","n. 唯利是图者, 雇佣兵 a. 为钱而工作的, 被雇的, 图利的"
12284,13000,certificates,certificate,s,AB,loan,,form-more-frequent,keep,证书；证明书,证书；证明书,"n. 证明书, 执照( certificate的名词复数 )","n. 证书, 证明书 vt. 发给证明书, 用证书批准, 用证书证明"
12288,21069,qualifications,qualification,s,AB,loan,loan,form-more-frequent,keep,资格；资历,资格；条件；限定,n. 职位要求；任职资格；资格证书；限定性条件（qualification的复数形式）,"n. 资格, 条件, 限制 [计] 限定"
12293,12500,incorporated,incorporate,d,AB,loan,,form-more-frequent,keep,股份有限的；合并的,包含；合并，并入,"a. 根据法律组成的公司, 公司 [法] 组成法人组织的, 法人的, 合并的","a. 合并的, 组成公司的, 一体化的 vt. 吸收, 合并, 使组成公司, 体现 vi. 合并, 混合, 组成公司"
12300,13000,prolonged,prolong,d,B,,,src-b-only|form-more-frequent,keep,延长的，持久的,延长，拖延,"a. 延续的, 长时间的","vt. 延长, 拖延, 拖长 [化] 冷凝管"
12300,13500,trembling,tremble,i,AB,,,form-more-frequent,keep,颤抖的，战栗的,颤抖；发抖,"a. 发抖的, 战栗的 [医] 震颤, 震动","n. 战栗, 颤抖 vi. 战栗, 忧虑, 摇晃"
12301,12500,astronomers,astronomer,s,AB,loan,,form-more-frequent,keep,天文学家,天文学家,"n. 天文学者, 天文学家( astronomer的复数形式 )",n. 天文学家
12316,17800,jurors,juror,s,AB,loan,,form-more-frequent,keep,陪审员,陪审员,"n. 陪审员, 陪审团成员( juror的复数形式 ); 审查委员","n. 陪审员, 审查委员 [法] 陪审员, 陪审官, 宣誓者"
12334,16000,operatives,operative,s,AB,loan,,form-more-frequent,keep,特工；操作人员,运作的；有效的,n. 工作人员( operative的复数形式 ); （尤指）体力劳动者; 密探; （尤指政府的）特工人员,"a. 动作的, 运转的, 有效的, 关键的, 手术的 n. 技工, 侦探"
12341,33886,theorists,theorist,s,AB,loan,mono,form-more-frequent,keep,理论家,理论家,n. 理论家( theorist的复数形式 ),"n. 理论家, 理论工作者"
12361,18000,obligated,obligate,d,AB,loan,,form-more-frequent,keep,有义务的；感激的,使有义务，强迫,a. 有义务的; 必须的; 有责任的 v. 使负有责任或义务（ obligate的过去式和过去分词 ）,"vt. 使负义务, 强使, 使感激, 施恩惠于 a. 有责任的, 必须的"
12365,12900,dispatched,dispatch,d,AB,loan,,form-more-frequent,keep,派遣；发送；迅速处理,派遣；发送；迅速处理,v. （常指为了特殊原因或执行特殊任务而迅速地）派遣( dispatch的过去式和过去分词 ); 杀死; （迅速地）发出…,"vt. 派遣 n. 派遣, 急件 [计] 调度"
12367,18525,devised,devise,d,AB,loan,loan,form-more-frequent,keep,设计；发明；策划,设计；发明；策划,v. 想出( devise的过去式和过去分词 ); 计划; 设计; 发明,"vt. 设计, 发明, 图谋, 遗赠给 n. 遗赠"
12368,24305,headlights,headlight,s,AB,mono,mono,form-more-frequent,keep,（汽车）前灯,前灯；车头灯,n. （汽车等）的前灯( headlight的复数形式 ),"n. 前灯, 桅灯 [电] 车前灯"
12371,14200,donors,donor,s,AB,loan,,form-more-frequent,keep,捐赠者；捐献者,捐赠者，供者,n. 捐赠者( donor的复数形式 ); 献血者; 捐血者; 器官捐献者,n. 捐赠人 [化] 给体; 供体
12372,14672,crucified,crucify,dp,AB,loan,loan,form-more-frequent,keep,钉死在十字架上；严惩,钉死在十字架；严惩,v. 把（某人）钉死在十字架上( crucify的过去式和过去分词 ); （尤指当众）折磨; 虐待; 迫害,vt. 十字架上钉死
12400,15033,compelling,compel,i,AB,,loan,form-more-frequent,keep,令人信服的；引人入胜的,强迫；迫使,"a. 强制的, 强迫性的, 激发兴趣的","vt. 强迫, 迫使"
12423,33395,bleating,bleat,i,AB,mono,mono,form-more-frequent,keep,（羊）咩咩叫；哀声抱怨,咩咩叫；哀诉,"v. （羊, 小牛）叫( bleat的现在分词 ); 哭诉; 发出羊叫似的声音; 轻声诉说",n. 羊的叫声 vi. 咩咩叫 vt. 以颤抖的声音说
12430,22620,hinges,hinge,s,AB,mono,mono,form-more-frequent,keep,铰链；关键；取决于,铰链；枢纽,n. 铰链( hinge的名词复数 ),"n. 铰链, 关键, 枢纽 vt. 装铰链 vi. 靠铰链移动, 依...而转移"
12435,24106,restrictions,restriction,s,AB,loan,loan,form-more-frequent,keep,限制；约束,限制；约束,n. 限制；限制条件（restriction的复数形式）,"n. 限制, 限定, 约束 [计] 限定"
12438,14635,traits,trait,s,AB,loan,loan,form-more-frequent,keep,特征；特性；品质,特征；特点,"n. 特性, 特质, 性格（trait的复数）","n. 特征, 特性, 一笔, 少许"
12443,13346,drooling,drool,i,AB,mono,mono,form-more-frequent,keep,流口水；垂涎,流口水；垂涎,[医] 流涎,"vi. 流口水, 淌, 胡说八道 vt. 从嘴淌下, 过分动感情地表示 n. 口水, 胡说"
12454,30671,grimes,grime,3,AB,proper,mono,form-more-frequent,keep,格兰姆斯（姓氏）,污垢；灰尘,n. 格兰姆斯（广州电气公司名称）,"n. 尘垢, 煤尘, 污点 vt. 使污秽, 使...弄脏"
12463,14200,mimics,mimic,3,AB,loan,,form-more-frequent,keep,模仿；模仿者,模仿，模拟；n. 善于模仿的人,"n. 模仿名人言行的娱乐演员, 滑稽剧演员( mimic的名词复数 ); 善于模仿的人或物 v. （尤指为了逗乐而）模仿…","a. 模仿的, 摹拟的 n. 效颦者, 模仿者, 小丑, 仿制品 vt. 模仿, 摹拟"
12478,17391,intestines,intestine,s,AB,loan,loan,form-more-frequent,keep,肠；肠道,肠；肠道,n. 肠( intestine的名词复数 ),"a. 内部的, 国内的 n. 肠"
12500,13400,curved,curve,p,AB,,,form-more-frequent,keep,弯曲的,曲线,a. 弯曲的；弄弯的,"n. 曲线, 弯曲, 曲线球 vt. 弯, 使弯曲 vi. 成曲形"
12500,13800,terrifying,terrify,i,B,,,src-b-only|form-more-frequent,keep,可怕的；令人恐惧的,使恐惧，吓唬,a. 令人恐惧的；骇人的；极大的,"vt. 使恐惧, 恐吓"
12502,17100,apprehended,apprehend,d,AB,loan,,form-more-frequent,keep,逮捕；理解,逮捕；理解，领悟,vt. 理解；逮捕；忧虑 vi. 理解；担心,"vt. 理解, 忧虑, 逮捕 vi. 担心, 理解"
12540,43442,fingertips,fingertip,s,AB,mono,mono,form-more-frequent|suspect-target,keep,指尖（fingertip的复数）,指尖,n. 指尖( fingertip的复数形式 ); 手头有某物随时可供应用,"n. 指尖, 指套"
12541,15141,handcuffed,handcuff,d,AB,mono,mono,form-more-frequent,keep,给…戴上手铐,铐上手铐,"v. 给…戴上手铐( handcuff的过去式和过去分词 ); 束缚…的手脚, 限制",vt. 给...戴上手铐 n. 手铐
12555,19916,remarried,remarry,dp,AB,mono,loan,form-more-frequent,keep,再婚,再婚,v. 再婚( remarry的过去式和过去分词 ); 与某人复婚,v. (使)再婚
12572,31777,buttocks,buttock,s,AB,mono,mono,form-more-frequent,keep,臀部；屁股,臀部（一边）,n. 臀部,"n. 半边臀部, 屁股, 船尾突出部 vt. 过背摔"
12579,29788,bellows,bellow,3,AB,mono,mono,form-more-frequent,keep,风箱；怒吼声,怒吼；大声喊叫,n. 风箱 [化] 手风箱; 皮老虎; 波纹管,v. 怒吼
12592,14196,archaeologists,archaeologist,s,AB,loan,loan,form-more-frequent,keep,考古学家（复数）,考古学家,n. 考古学家( archaeologist的复数形式 ),n. 考古学家
12595,16273,maggots,maggot,s,AB,mono,mono,form-more-frequent,keep,蛆（maggot的复数）,蛆；幼虫,n. 蛆虫（maggot的复数）,"n. 狂想, 空想, 蛆 [医] 蛆"
12610,16112,discouraged,discourage,d,AB,loan,loan,form-more-frequent,keep,气馁的；沮丧的,使气馁；劝阻,a. 气馁的,"vt. 使气馁, 阻碍"
12614,13200,criteria,criterion,s,AB,loan,,form-more-frequent,keep,标准；准则（复数）,标准，准则,pl. 标准 [计] 条件,"n. 标准, 准则, 规范 [化] 判据"
12628,14035,reptiles,reptile,s,AB,loan,loan,form-more-frequent,keep,爬行动物（复数）,爬行动物,n. 爬行类；爬虫类；爬行动物（reptile的复数）,"n. 爬行动物, 爬虫, 卑鄙的人 a. 爬行的, 爬虫类的, 卑鄙的"
12666,11612,uploaded,upload,p,AB,mono,mono,lemma-no-gloss,keep,上传,上传,"v. 上传, 上载( upload的过去式和过去分词 )","[计] 上装, 加载, 储入"
12685,12900,scanned,scan,p,AB,mono,,form-more-frequent,keep,扫描；浏览（过去式）,扫描；浏览,a. 已扫描的,"n. 审视, 浏览, 扫描, 细查 vt. 细看, 浏览, 扫描, 详细调查, 标出格律 vi. 押韵, 扫描 [计] …"
12686,35842,whiskers,whisker,s,AB,mono,mono,form-more-frequent,keep,胡须；腮须,胡须；一丝之差,"n. 腮须, 胡须 [化] 晶须","n. 腮须, 胡须, 一丝儿 [化] 晶须"
12701,13500,extraterrestrials,extraterrestrial,s,AB,loan,,form-more-frequent,keep,外星人（复数）,地球外的，外星的,n. 外星人( extraterrestrial的复数形式 ),"a. 地球外的, 地球大气圈外的"
12726,35262,junkies,junky,s3,AB,mono,mono,form-more-frequent,keep,瘾君子（复数）；狂热者,吸毒者；瘾君子,n. 吸海洛因的成瘾者( junkie的复数形式 ); 吸毒者( junky的复数形式 ),"n. 吸海洛因成瘾者, 吸毒的人, 毒品贩子, 废旧品商人"
12730,22076,laundering,launder,i,AB,loan,loan,form-more-frequent,keep,洗钱；洗涤,洗熨；洗钱,n. 洗烫,"n. 流水槽 v. 洗衣, 烫衣"
12740,13800,extracted,extract,d,AB,loan,,form-more-frequent,keep,提取；拔出（过去式）,提取；摘录；提取物,a. 引出的；萃取的,"n. 榨出物, 精汁, 摘录, 选段 vt. (费力地)取出, 采掘, 榨取, 摘录, 吸取 [计] 提取"
12800,13500,aggravating,aggravate,i,AB,,,form-more-frequent,keep,使恶化的；恼人的,加重，恶化；激怒,"a. 使恶化的, 加重的, 恼人的","vt. 使恶化, 使更严重, 加重"
12808,15066,specialized,specialize,p,B,loan,loan,src-b-only|form-more-frequent,keep,专门的；专业化的,专门从事；专攻,"a. 专门的, 特别的, 专科的, 特化的, 专化的 [计] 专业化的","vt. 使特殊化, 列举, 特别指明, 限定...的范围 vi. 成为专家, 专攻"
12814,16198,reins,rein,s,AB,loan,loan,form-more-frequent,keep,缰绳；控制权（复数）,缰绳；控制,"pl. 肾脏, 腰部, 肺腑","n. 缰绳, 统治, 支配 vt. 驾驭, 以缰绳控制, 控制 vi. 勒住马"
12825,28609,oppressed,oppress,d,B,loan,loan,src-b-only|form-more-frequent,keep,受压迫的；被压制的,压迫；使压抑,"a. 受压制的, 受压迫的","vt. 压迫, 压抑, 使烦恼"
12828,15500,intoxicated,intoxicate,d,AB,loan,,form-more-frequent,keep,醉的；陶醉的,使醉；使兴奋,"喝醉的,极其兴奋的","vt. 使陶醉, 使喝醉"
12844,17398,sulking,sulk,i,AB,mono,mono,form-more-frequent,keep,生闷气；愠怒,生闷气；愠怒,"v. 生闷气, 愠怒( sulk的现在分词 )","n. 闹情绪, 闷闷不乐 vi. 不高兴, 闷闷不乐, 不悦, 生气, 愠怒"
12862,21575,beheaded,behead,d,AB,mono,mono,form-more-frequent,keep,斩首；砍头,斩首,a. 身首异处的 v. 砍头（behead的过去分词）,"vt. 斩首, 砍头"
12880,37999,settlers,settler,s,AB,mono,mono,form-more-frequent,keep,定居者；殖民者,定居者；殖民者,"n. 移民, 侨民( settler的复数形式 )","n. 移民者, 解决者, 结算员 [化] 沉淀池; 沉降器; 澄清槽"
12921,14350,inflicted,inflict,d,AB,loan,loan,form-more-frequent,keep,使遭受；施加,施加；使遭受,"v. 把…强加给, 使承受, 遭受( inflict的过去式和过去分词 )","vt. 施以, 加害, 使承受 [法] 处, 加, 予以"
12929,1214,seasoned,season,p,B,loan,loan,src-b-only,?,经验丰富的；调过味的,季节；赛季,"a. 经验丰富的, 老练的","n. 季节, 时节, 当令期, 时期 vt. 给...调味, 使成熟, 使老练, 缓和 vi. 变干燥"
12952,18929,sprained,sprain,p,AB,loan,loan,form-more-frequent,keep,扭伤,扭伤,v. 扭伤（关节）( sprain的过去式和过去分词 ),"vt. 挫伤, 扭筋, 错筋 n. 扭伤, 扭筋"
12962,10178,stats,stat,s,AB,loan,loan,lemma-no-gloss,keep,统计数据；统计资料,立刻；马上（口语）,abbr. [军]静止坦克自动目标系统（Stationary Tank Automatic Target System）,[电] 静
12981,16493,squawks,squawk,s,AB,mono,mono,form-more-frequent,keep,发出粗厉叫声；抱怨,发出刺耳叫声,"n. （尤指鸟受惊时）粗厉的叫声( squawk的名词复数 ) v. 发出粗厉的叫声, 咯咯地叫( squawk的第三人…","n. 响而粗的叫声, 夜鹭 vi. 发出响而粗的叫声, 发牢骚, 诉苦"
12990,26554,brainwashed,brainwash,d,AB,mono,mono,form-more-frequent,keep,洗脑；强行灌输,洗脑；强行灌输,"v. <贬>对…进行洗脑, 把某种思想强加于, 通过宣传灌输说服( brainwash的过去式和过去分词 )",n. 洗脑 vt. 对人洗脑
12993,18951,sedated,sedate,d,AB,loan,loan,form-more-frequent,keep,使镇静；给…服镇静剂,镇静的；安详的,"v. 使昏昏入睡, 使镇静( sedate的过去式和过去分词 )","a. 沉着的, 镇静的, 安静的 vt. 给...服镇静剂"
13000,13800,certified,certify,dp,AB,,,form-more-frequent,keep,经认证的，有证书的,证明；证实；发证书给,a. 证明合格的 [化] 检定的; 证明的; 书面证明的,"v. 证明, 保证"
13000,15800,granulated,granulate,p,B,,,src-b-only|form-more-frequent,keep,颗粒状的；成粒的,使成颗粒；使表面粗糙成粒状,"a. 成颗粒的, 细粒的","vi. 成粒状, 粗糙, 形成肉芽 vt. 使成粒状, 使表面粗糙"
13000,14000,rotating,rotate,i,AB,,,form-more-frequent,keep,旋转的,旋转；轮换,"[医] 旋转的, 转动的","a. 辐状的 vt. 使旋转, 使转动, 使轮流 vi. 旋转, 循环 [计] 旋转"
13000,19148,surpassing,surpass,i,AB,,loan,form-more-frequent,keep,非凡的；超群的,超过；胜过,"a. 胜过的, 卓越的, 优秀的, 非凡的 adv. 非凡地, 卓越地","vt. 超越, 凌驾, 胜过"
13010,5025,bathed,bath,p,B,mono,mono,src-b-only|homograph,?,洗澡；沐浴,浴缸；洗澡,"a. 淋漓的, 湿透的；沐浴的；沉溺的","n. 沐浴, 浴室 [医] 浴"
13010,7678,bathed,bathe,d,AB,mono,mono,homograph,?,洗澡；沐浴,洗澡；沐浴,"a. 淋漓的, 湿透的；沐浴的；沉溺的","vt. 沐浴, 用水洗 vi. 洗澡"
13022,13625,toxins,toxin,s,AB,loan,loan,form-more-frequent,keep,毒素（复数）,毒素,n. 毒素( toxin的复数形式 ),n. 毒素 [化] 毒素
13024,27251,originated,originate,d,AB,loan,loan,form-more-frequent,keep,起源；发源,起源；发源,"v. 起源于, 来自, 产生( originate的过去式和过去分词 ); 创造; 创始; 开创","vt. 创始, 发明, 发起 vi. 发源, 发生, 起航 [计] 发自"
13036,13500,aggravated,aggravate,d,AB,loan,,form-more-frequent,keep,加剧的；恼怒的,加重，恶化；激怒,a. 加重的；恶化的,"vt. 使恶化, 使更严重, 加重"
13087,22193,raiders,raider,s,AB,mono,mono,form-more-frequent,keep,袭击者；劫掠者,袭击者；劫掠者,"n. 进行袭击、抢劫或搜查的人, 进行突袭的舰队、飞机等( raider的复数形式 )","n. 奇袭者, 侵入者 [法] 袭击者, 侵入者, 劫掠商船的武装快船"
13100,17900,dignified,dignify,pd,AB,,,form-more-frequent,keep,有尊严的；庄严的,使有尊严；使高贵,"a. 有尊严的, 高尚的","vt. 增威严, 使高贵, 故作显贵"
13100,15600,disseminated,disseminate,d,AB,,,form-more-frequent,keep,播散的；散布的,散布，传播,"v. 散布, 传播( disseminate的过去式和过去分词 )","vt. 散播, 传播, 宣传 vi. 广为传播"
13113,18636,hippies,hippy,s,AB,mono,mono,form-more-frequent,keep,嬉皮士（复数）,嬉皮士,"n. （尤指20世纪60年代晚期的）嬉皮士（与社会现实格格不入的人, 常成群结伙实行与众不同的生活方式、着奇装异服等）(…",n. 嬉皮士
13121,42061,engraved,engrave,d,AB,loan,mono,form-more-frequent|suspect-target,keep,雕刻；铭刻（过去式）,雕刻；铭刻,"v. 在（硬物）上雕刻（字, 画等）( engrave的过去式和过去分词 ); 将某事物深深印在（记忆或头脑中）","vt. 刻上, 雕刻, 铭记"
13123,4351,labeled,label,d,A,loan,loan,src-a-only,?,贴标签；标注（过去式）,标签；商标,a. 有标签的；示踪的,"n. 标签, 称号, 商标, 标志 vt. 贴标签于, 标注 [计] 标志; 标注; DOS外部命令:用于建立改变或删除…"
13130,28942,disqualified,disqualify,dp,AB,loan,loan,form-more-frequent,keep,取消资格（过去式）,取消资格；使不合格,"v. 使无资格, 使不合格, 使不能( disqualify的过去式和过去分词 ); 不及格","vt. 使不适合, 取消...资格"
13143,20600,shareholders,shareholder,s,AB,mono,mono,form-more-frequent,keep,股东（复数）,股东,n. 股东( shareholder的复数形式 ),"n. 股东 [法] 股东, 股票持有人"
13145,15000,commandments,commandment,s,AB,loan,,form-more-frequent,keep,戒律；诫命（复数）,戒律；命令,n. 戒条( commandment的复数形式 ),n. 戒律
13158,28491,countrymen,countryman,s,AB,mono,mono,form-more-frequent,keep,同胞；同乡（复数）,同胞；乡下人,n. 同胞；乡下人；国民（countryman的复数形式）,"n. 同胞, 乡下人, 国民"
13182,17800,genitals,genital,s,AB,loan,,form-more-frequent,keep,生殖器,生殖的；生殖器的,"n. 生殖器, 外阴部 [医] 生殖器","a. 生殖的 [医] 生殖的, 生殖器的"
13197,14521,marshmallows,marshmallow,s,AB,loan,loan,form-more-frequent,keep,棉花糖,棉花糖,n. 棉花糖（marshmallow的复数）；药属葵蜜饯,"n. 药用蜀葵, 蜀葵糖剂"
13201,33042,enchanting,enchant,i,B,loan,loan,src-b-only|form-more-frequent,keep,迷人的；妩媚的,使着迷；施魔法,"a. 迷人的, 妩媚的, 迷惑人的","vt. 施魔法, 使入迷"
13206,3447,dis,di,s,AB,loan,proper,lemma-proper|lemma-no-gloss,keep,（俚）侮辱；贬低,迪（人名，黛安娜昵称）,"n. 狄斯(阴间的神), 阴间, 冥府","[计] 数据输入, 数据项, 设备独立性, 双整数"
13223,16257,discarded,discard,d,AB,loan,mono,form-more-frequent,keep,丢弃；抛弃,丢弃；抛弃,"v. 丢弃, 抛弃( discard的过去式和过去分词 ); 不再使用","vt. 丢弃, 抛弃 vi. 垫牌 n. 垫牌, 抛弃"
13280,13886,stimulating,stimulate,i,AB,loan,mono,form-more-frequent,keep,刺激的；激发兴趣的,刺激；激发,"a. 刺激的, 有刺激性的","vt. 刺激, 激励, 鼓舞 vi. 起刺激作用"
13297,46940,grandkids,grandkid,s,AB,mono,mono,form-more-frequent|suspect-target,keep,孙辈；孙子孙女,（外）孙辈,(grandkid 的复数) n. （外）孙；（外）孙女,n. （外）孙；（外）孙女
13303,15486,forsaken,forsake,d,AB,mono,mono,form-more-frequent,keep,被遗弃的；孤苦的,抛弃；遗弃,"a. 被抛弃的, 孤独的 forsake的过去分词","vt. 放弃, 断念, 抛弃 [法] 遗弃, 抛弃, 摒绝"
13304,38105,rubles,ruble,s,AB,loan,loan,form-more-frequent,keep,卢布（俄罗斯货币）,卢布（俄罗斯货币）,"n. 卢布（ruble的复数, 俄罗斯等国的货币单位）",n. 卢布(俄国货币)
13327,22069,molested,molest,d,AB,loan,loan,form-more-frequent,keep,骚扰；猥亵（过去式）,骚扰；猥亵,v. 骚扰( molest的过去式和过去分词 ); 干扰; 调戏; 猥亵,"vt. 妨碍, 干扰, 调戏 [法] 调戏, 作弄, 恶意干涉"
13361,15400,perverts,pervert,s,AB,loan,,form-more-frequent,keep,变态者；堕落者（复数）,使堕落；曲解，歪曲,n. 性变态者( pervert的名词复数 ) v. 滥用( pervert的第三人称单数 ); 腐蚀; 败坏; 使堕落,"vt. 使堕落, 使反常, 歪曲, 滥用, 使左右颠倒, 唆使...性变态 n. 堕落者, 行为反常者, 背教者, 性欲…"
13379,14100,technicians,technician,s,AB,loan,,form-more-frequent,keep,技术员（复数）,技术员，技师,n. 工作人员；技术员（technician的复数）,n. 技师 [化] 技师
13400,20000,congested,congest,p,B,,,src-b-only|form-more-frequent,keep,拥挤的，堵塞的,使拥挤；使充血,"a. 拥挤的, 堵塞的 [医] 充血的","vt. 使充满, 使拥塞, 使充血 vi. 充塞, 充血, 拥挤"
13422,34212,whirs,whir,3,AB,mono,mono,form-more-frequent,keep,呼呼作响,呼呼声；嗡嗡声,"v. 呼呼作声地飞（或转）, 作呼呼声( whir的第三人称单数 ); 使呼呼地飞（或转）, 呼地一声把…带走","n. 呼呼声, 飕飕声 vi. 作呼呼声, 发飕飕声 vt. 使呼呼响"
13429,18657,kaos,kao,s,AB,proper,proper,lemma-proper|form-more-frequent,keep,混乱（品牌名）,考（人名/地名）,(kao 的复数) n. 花王（公司名）,n. 花王（公司名）
13458,41428,shoplifting,shoplift,i,B,mono,mono,src-b-only|form-more-frequent|suspect-target,keep,入店行窃,入店行窃,n. 入店行窃 [法] 冒充顾客进入商店行窃,vi.vt. 入店偷窃商品
13500,13500,discerning,discern,i,AB,,,rank-tie,?,有辨别力的，眼光敏锐的,辨别，分辨出,"a. 有眼力的, 敏锐的, 有辨别能力的, 有洞察力的","v. 辨别, 看清楚, 了解"
13500,12900,horrifying,horrify,i,B,,,src-b-only,?,令人恐惧的,使恐惧，使震惊,a. 令人恐惧的；使人惊骇的,"vt. 使恐惧, 使震惊"
13500,14000,mortified,mortify,dp,AB,,,form-more-frequent,keep,感到羞辱的；使死的（医）,使难堪；克制（欲望）,v. 使受辱( mortify的过去式和过去分词 ); 伤害（人的感情）; 克制; 抑制（肉体、情感等）,"vt. 抑制, 苦修, 使受辱 vi. 禁欲, 苦修"
13500,17500,ruptured,rupture,d,AB,loan,,form-more-frequent,keep,破裂的；断裂的,破裂；决裂,a. 破裂的,"n. 破裂, 断裂, 裂开, 决裂, 不和 v. (使)破裂"
13539,18128,burrows,burrow,s,AB,mono,mono,form-more-frequent,keep,地洞；洞穴,洞穴；地洞；挖洞,n. 巴罗斯（姓氏）,"n. 洞穴, 藏身处 vi. 掘洞穴, 躲藏 vt. 掘, 打洞"
13581,17512,trampled,trample,d,AB,mono,mono,form-more-frequent,keep,踩踏；践踏,踩踏；践踏,v. 踩( trample的过去式和过去分词 ); 践踏; 无视; 侵犯,"n. 践踏(声), 蹂躏 v. 践踏, 无视"
13592,24184,persecuted,persecute,d,AB,loan,loan,form-more-frequent,keep,迫害；骚扰,迫害；骚扰,"v. （尤指宗教或政治信仰的）迫害(~sb. for sth.)( persecute的过去式和过去分词 ); 烦扰, …","vt. 迫害, 虐待, 困扰, 同...捣乱 [法] 迫害, 虐待, 烦扰"
13593,2144,tuesdays,tuesday,s,AB,mono,proper,lemma-proper,keep,星期二（复数）,星期二,"adv. 每星期二, 在任何星期二",n. 星期二
13611,18378,evicted,evict,d,AB,loan,loan,form-more-frequent,keep,驱逐；赶出,驱逐；赶出（房客）,"v. （依法从房屋里或土地上）驱逐, 赶出( evict的过去式和过去分词 )","vt. 逐出, 赶出, 驱逐 [法] 逐出, 驱逐, 没收"
13674,15248,flakes,flake,s,AB,mono,mono,form-more-frequent,keep,薄片；碎片,薄片；雪花；古怪的人,[化] 鳞片; 片状粉(粉末冶金); 白点; 发裂(钢缺陷); (纤维素塑料)干(片)坯料,"n. 小薄片, 扁薄的一层, 火星, 晒鱼架子 vt. 使成薄片 vi. 剥落"
13699,8340,dwelling,dwell,i,B,mono,mono,src-b-only,?,住所；住宅,居住；细想,n. 住处 [医] 住房,"vi. 居住, 居住(于), 存在(于)"
13702,35901,animated,animate,d,B,loan,loan,src-b-only|form-more-frequent,keep,活跃的；动画的,使有生气；制作动画,"a. 活生生的, 能活动的, 活泼的, 欢快的","vt. 使有生气, 赋予生命 a. 有生命的, 有生气的"
13707,21268,tampering,tamper,i,AB,mono,mono,form-more-frequent,keep,篡改；干预,篡改；擅自改动,"[法] 贿赂, 收买","vi. 干预, 拨弄, 贿赂, 损害, 篡改 vt. 篡改 n. 捣棒, 打夯机, 填塞者"
13710,3308,conned,con,d,AB,mono,loan,homograph,?,欺骗；诈骗,骗局；反对,a. 被骗了 v. 指挥操舵( conn的过去式和过去分词 ),"vt. 精读, 仔细研究, 默记 adv. 反面地, 从反面 a. 欺诈的 n. 反对者, 反对票, 肺结核 [计] 控…"
13710,23488,conned,conn,p,B,mono,mono,src-b-only|form-more-frequent|homograph,keep,欺骗；诈骗,指挥操舵；驾船,a. 被骗了 v. 指挥操舵( conn的过去式和过去分词 ),vt. 指挥操舵 n. 指挥操舵
13712,18680,contractions,contraction,s,AB,loan,loan,form-more-frequent,keep,收缩；缩略形式,收缩；缩写；宫缩,n. 收缩( contraction的复数形式 ); 缩减; 缩略词; （分娩时）子宫收缩,"n. 收缩, 缩写式, 害病 [医] 收缩; 挛缩; 牙弓内缩"
13731,15600,fugitives,fugitive,s,AB,loan,,form-more-frequent,keep,逃犯；逃亡者（复数）,逃亡者；adj. 短暂的，漂泊的,"n. 亡命者, 逃命者( fugitive的复数形式 )","a. 逃亡的, 短暂的, 难捉摸的 n. 逃亡者, 亡命者, 难捕捉之物"
13733,3474,channing,chan,i,AB,proper,proper,lemma-proper,keep,钱宁（人名）,陈（姓氏音译）,n. 钱宁（男子名）,"n. 通道（槽, 沟）"
13751,32400,mutilated,mutilate,d,B,loan,loan,src-b-only|form-more-frequent,keep,使残缺；毁伤,残害；毁坏,"v. 严重残害…的身体, 使残缺不全, 肢解( mutilate的过去式和过去分词 )","vt. 切断, 使残废, 使不完整 [医] 致残毁"
13757,17169,co-workers,co-worker,s,AB,mono,mono,form-more-frequent,keep,同事（复数）,同事,(co-worker 的复数) n. 同事,n. 同事
13765,16647,spaniards,spaniard,s,AB,loan,loan,form-more-frequent,keep,西班牙人（复数）,西班牙人,"n. 西班牙人, 西班牙居民( Spaniard的复数形式 )",n. 西班牙人
13777,27862,newlyweds,newlywed,s,AB,mono,mono,form-more-frequent,keep,新婚夫妇,新婚者,n. 新婚夫妇；新婚的人（newlywed的复数）,"n. 新(婚的)人, 新婚夫妇"
13795,15393,appetizers,appetizer,s,AB,loan,loan,form-more-frequent,keep,开胃菜（复数）,开胃菜,n. 开胃品( appetizer的复数形式 ); 促进食欲的活动; 刺激欲望的东西; 吊胃口的东西,"n. 开胃食品, 吊胃口的东西 [医] 开胃剂"
13800,35188,cackles,cackle,3,AB,mono,mono,form-more-frequent,keep,咯咯大笑；咯咯叫,咯咯叫；尖声笑,n. （母鸡的）咯咯声( cackle的名词复数 ); 咯咯的笑声; 刺耳的谈笑声; 停止闲谈开始做事 v. 发出咯咯声…,"n. 咯咯声, 高笑声, 饶舌, 闲谈 vi. 咯咯地叫, 咯咯地笑, 喋喋不休"
13801,29455,kiddies,kiddy,s,AB,mono,mono,form-more-frequent,keep,小孩子们,小孩（昵称）,n. [口语]小家伙；小孩；小山羊,"n. 小孩, 小家伙"
13837,29894,whinnying,whinny,i,AB,mono,mono,form-more-frequent,keep,（马）嘶鸣,（马）嘶鸣,v. 发出轻微的嘶声( whinny的现在分词 ),n. 马嘶声 vi. 嘶 vt. 带着嘶声说
13843,13923,mags,mag,s,AB,mono,mono,form-more-frequent,keep,杂志（口语）,杂志（口语）,"n. [口]杂志（mag的复数, 等于magazines）","n. 杂志, 星期专刊, 期刊, 仓库, 军火库, 弹药, 库存物, 弹仓, 弹盘, 弹盒, 胶卷盒"
13858,15984,krauts,kraut,s,AB,loan,loan,form-more-frequent,keep,德国人（贬称）,德国佬（贬称）,n. 酸泡菜；德国人,n. 德国佬
13871,18501,crazed,craze,p,AB,mono,mono,form-more-frequent,keep,疯狂的；发狂的,狂热；时尚,a. 癫狂的；疯狂的,"n. 狂热, 大流行 v. (使)发狂, (使)开裂"
13880,20478,atrocities,atrocity,s,AB,loan,loan,form-more-frequent,keep,暴行（复数）,暴行；残暴,"n. 邪恶, 暴行( atrocity的名词复数 ); 滔天大罪","n. 残暴, 凶恶, 暴行 [法] 暴行, 残酷, 残忍"
13887,16800,incriminating,incriminate,i,B,mono,,src-b-only|form-more-frequent,keep,显示有罪的,归罪于，连累,"[法] 归罪的, 牵连的, 显示有罪的","vt. 连累, 暗示...有罪, 控告 [法] 控告, 使入罪, 连累"
13904,16300,exhaling,exhale,i,AB,loan,,form-more-frequent,keep,呼气；呼出,呼出，呼气,v. 呼气；发散；排出（exhale的现在分词形式）,"v. 呼气, 发出, 散发"
13906,34824,inexperienced,inexperience,d,AB,mono,loan,form-more-frequent,keep,缺乏经验的,缺乏经验,"a. 无经验的, 不熟练的","n. 无经验, 不熟练"
13907,21200,misjudged,misjudge,d,AB,loan,,form-more-frequent,keep,误判；判断错误,错误判断，估计错误,"v. 错误地判断, 冤枉( misjudge的过去式和过去分词 )",v. 判断错
13952,14747,burps,burp,s,AB,mono,mono,form-more-frequent,keep,打嗝,打嗝；使打嗝,"n. 打嗝, 饱嗝( burp的名词复数 ) v. 打嗝( burp的第三人称单数 )","n. 饱嗝儿, 打嗝 v. 打饱嗝"
13975,28367,repressed,repress,d,B,loan,mono,src-b-only|form-more-frequent,keep,被压抑的；受抑制的,压制；抑制,"a. 被镇压的, 受约束的, 被抑制的","vt. 镇压, 抑制, 压制 vi. 压制"
13980,34240,astonished,astonish,p,B,loan,loan,src-b-only|form-more-frequent,keep,惊讶的；震惊的,使惊讶；使吃惊,a. 吃惊的,vt. 使惊讶
13987,6227,guineas,guinea,s,AB,proper,proper,lemma-proper,keep,几尼（旧英国金币）,几内亚（地名/旧币）,"n. 几尼（英国的旧金币, 值一镑一先令）( guinea的复数形式 )",n. 几内亚
13992,28790,playoffs,playoff,s,AB,mono,mono,form-more-frequent,keep,季后赛；附加赛,附加赛；季后赛,n. NBA 季后赛,n. 双方得分相等时的最后决赛；复赛；季后赛
14000,12900,horrified,horrify,d,B,,,src-b-only,?,惊骇的；毛骨悚然的,使恐惧，使震惊,"a. 惊骇的, 带有恐怖感的","vt. 使恐惧, 使震惊"
14000,21600,maculated,maculate,p,AB,,,form-more-frequent,keep,有斑点的；玷污的,使有斑点；玷污,有斑点的,"a. 有斑点的, 有污点的 vt. 使有斑点, 使有污点"
14003,36471,astounding,astound,i,AB,loan,loan,form-more-frequent,keep,令人震惊的,使震惊；使惊骇,a. 令人惊骇的,"vt. 使惊骇, 使大惊"
14004,14180,highlands,highland,s,AB,mono,mono,form-more-frequent,keep,高地；高原地区,高地；高原,n. 高原地区; 苏格兰高地,"n. 高地, 苏格兰高地"
14009,4245,borne,bear,d,A,mono,mono,src-a-only,?,承担；忍受（bear 过去分词）,熊,v. 忍受；负荷；结果实；生子女（bear的过去分词）,"n. 熊 vt. 忍受, 支承, 产生, 怀有, 通过卖空使跌价 vi. 忍受, 结果实, 压挤, 行进, 转向"
14065,14566,electrons,electron,s,AB,loan,loan,form-more-frequent,keep,电子（复数）,电子,n. 电子( electron的复数形式 ),n. 电子 [化] 电子
14067,14500,inhabited,inhabit,d,AB,mono,,form-more-frequent,keep,有人居住的,居住于,a. 有人居住的,"vt. 居住于, 占据, 栖息"
14074,8226,billing,bill,i,B,mono,mono,src-b-only,?,开账单；计费,账单；法案；钞票,"n. 节目次序, 广告 [经] 开票(发票,帐单)","n. 帐单, 清单, 钞票, 鸟嘴, 广告, 法案, 票据 vt. 开帐单, (用招贴)宣布"
14096,28570,checkers,checker,s,AB,loan,loan,form-more-frequent,keep,跳棋（游戏）,检查员；方格图案,n. 国际跳棋,"n. 制止者, 查对者, 阻止者 [计] 检查程序, 检验程序, 检验器, 西洋跳棋"
14133,44525,guidelines,guideline,s,AB,mono,mono,form-more-frequent|suspect-target,keep,指导方针；准则,指导方针；准则,n. 指导方针,"n. 指导路线, 方针, 指标 [经] 指导路线, 方针, 准则"
14160,20177,eavesdropping,eavesdrop,i,AB,mono,mono,form-more-frequent,keep,偷听；窃听,偷听；窃听,"n. 偷听 [法] 窃听罪, 偷听","v. 偷听 n. 屋檐水, 偷听"
14200,20700,antiseptics,antiseptic,s,AB,,,form-more-frequent,keep,抗菌剂，防腐剂（复数）,抗菌的，防腐的,"n. 防腐剂, 杀菌剂( antiseptic的复数形式 )","n. 抗菌剂, 防腐剂 a. 抗菌的, 防腐的"
14200,16400,nullifying,nullify,i,AB,,,form-more-frequent,keep,使无效的；抵消的,使无效，废除,v. 使抵消( nullify的现在分词 ); 使无效,"vt. 使无效, 废弃, 取消 [化] 使等于零; 作废"
14200,21003,verifications,verification,s,AB,,loan,form-more-frequent,keep,验证（复数）,验证；核实,"(verification 的复数) n. 证实, 查证, 证明属实 [计] 验证","n. 证实, 查证, 证明属实 [计] 验证"
14216,28936,electrocuted,electrocute,d,AB,loan,loan,form-more-frequent,keep,电击致死（过去式）,电死；触电致死,"v. <美>处电刑, 触电致死( electrocute的过去式和过去分词 )","vt. 以电椅处死, 以电击杀死, 通电致死 [法] 施以电刑, 误触电致死"
14231,16899,raisins,raisin,s,AB,loan,loan,form-more-frequent,keep,葡萄干（复数）,葡萄干,n. 葡萄干( raisin的复数形式 ),n. 葡萄干
14243,6453,dwarves,dwarf,s,A,mono,mono,src-a-only,?,矮人（复数）,矮人；侏儒,"(dwarf 的复数) n. 矮子, 侏儒 v. (使)变矮小","n. 矮子, 侏儒 v. (使)变矮小"
14247,37956,bloated,bloat,p,AB,mono,mono,form-more-frequent,keep,膨胀的；臃肿的,使膨胀；肿胀,"a. 发胀的, 浮肿的, 傲慢的","vt. 使膨胀, 腌制, 使自大 vi. 膨胀, 肿起 n. 肿胀病人"
14252,22951,detached,detach,d,AB,loan,loan,form-more-frequent,keep,分离的；超然的,分离；拆卸；派遣,"a. 超然的, 分离的, 冷淡的 [法] 分遣的, 派遣的, 分离的","vt. 使分离, 分遣 [机] 摘下, 分离, 卸下"
14266,43033,chopsticks,chopstick,s,AB,mono,mono,form-more-frequent|suspect-target,keep,筷子（复数）,筷子,n. 筷子,n. 筷子
14272,23353,thrusters,thruster,s,AB,mono,mono,form-more-frequent,keep,推进器（复数）,推进器；助推器,n. 推进器,"n. 向上钻营的人, 推进器"
14281,19816,indicted,indict,d,AB,mono,loan,form-more-frequent,keep,起诉；控告,起诉；控告,"v. 控告, 起诉( indict的过去式和过去分词 )","vt. 起诉, 控告, 指控 [法] 控告, 揭发, 对...起诉"
14323,19000,retching,retch,i,AB,mono,,form-more-frequent,keep,干呕；恶心,干呕,[医] 干呕,"vi. 作呕, 反胃 vt. 呕吐 n. 反胃, 呕吐声"
14337,7830,israelis,israeli,s,AB,proper,proper,lemma-proper,keep,以色列人（复数）,以色列的；以色列人,"n. 以色利人; 以色列人, 以色列国民( Israeli的复数形式 )","a. 以色列的, 以色列人(语)的 n. 以色列人"
14338,2134,thursdays,thursday,s,AB,mono,proper,lemma-proper,keep,星期四（复数）,星期四,"adv. 每星期四, 在任何星期四",n. 星期四
14341,19385,coworkers,coworker,s,AB,mono,mono,form-more-frequent,keep,同事（复数）,同事,"(coworker 的复数) n. 共同工作的人, 同事, 合作者","n. 共同工作的人, 同事, 合作者"
14384,15000,rapes,rape,s,AB,loan,,form-more-frequent,keep,强奸（复数）,掠夺，强夺；油菜,"n. 芸苔( rape的名词复数 ); 强奸罪; 强奸案; 肆意损坏 v. 以暴力夺取, 强夺( rape的第三人称单数…","n. 抢夺, 掠夺, 强奸, 葡萄渣, 芸苔 vt. 掠夺, 抢夺, 强奸"
14399,19389,enrolled,enroll,p,B,loan,loan,src-b-only|form-more-frequent,keep,注册；入学,注册；登记,v. 登记（入会；卷）,"vt. 登记, 使加入 vi. 参军, 注册"
14403,2374,turkeys,turkey,s,AB,proper,proper,lemma-proper,keep,火鸡（复数）,火鸡；土耳其,"n. 火鸡, 火鸡肉( turkey的名词复数 ); 蠢货","n. 火鸡, 无用的家伙, 土耳其"
14409,3732,africans,african,s,AB,proper,proper,lemma-proper,keep,非洲人（复数）,非洲的；非洲人的,n. 非洲人（African的复数形式）,"n. 非洲人 a. 非洲的, 非洲人的"
14424,15011,wrinkled,wrinkle,p,AB,mono,mono,form-more-frequent,keep,有皱纹的；起皱的,皱纹；褶皱,"a. 具皱的, 有皱纹的","n. 皱纹, 妙计, 方法, 技巧 vi. 起皱 vt. 使起皱纹"
14463,8900,martians,martian,s,AB,proper,proper,lemma-proper,keep,火星人,火星的；火星人,n. 火星人（Martian的复数形式）,n. 火星人 a. 火星的
14465,2253,winged,wing,p,B,mono,mono,src-b-only,?,有翅膀的,翅膀；侧翼,"a. 有翼的, 高速的, 迅速的, 飞行的, 翼受伤的","n. 翅膀, 翼, 机翼, 派别 vt. 给...装上翼, 飞过, 使飞, 空运, 增加...速度 vi. 飞行"
14470,24879,musketeers,musketeer,s,AB,loan,loan,form-more-frequent,keep,火枪手,火枪手,n. 火枪手（musketeer的复数）,"n. 火枪车, 步兵"
14473,17000,petrified,petrify,p,B,loan,,src-b-only|form-more-frequent,keep,吓呆的；石化的,使石化；使惊呆,"a. 惊呆的; 目瞪口呆的 v. 使吓呆, 使惊呆; 变僵硬; 使石化(petrify的过去式和过去分词)","vt. (非正式)使惊呆, 使吓得要死, 使发呆 vt.vi. 使石化, 使成为化石, 使变僵, 变僵硬, 使消失活力,…"
14494,31653,bangles,bangle,s,AB,loan,loan,form-more-frequent,keep,手镯,手镯；脚镯,"n. 手镯, 脚镯( bangle的复数形式 )","n. 手镯, 脚镯"
14509,14898,startling,startle,i,AB,mono,mono,form-more-frequent,keep,令人吃惊的,使惊吓；使吃惊,a. 令人吃惊的,"n. 惊愕, 惊恐 vt. 吃惊, 使惊愕 vi. 惊起"
14525,17374,refreshments,refreshment,s,AB,loan,loan,form-more-frequent,keep,茶点；饮料,茶点；恢复精神,n. 茶点；点心；小吃,"n. 点心, 起提神作用的事物, 精神爽快"
14575,18469,dangling,dangle,i,AB,mono,mono,form-more-frequent,keep,悬荡；悬挂,悬荡；吊着,"[计] 悬挂的, 悬浮的, 悬摆的","vi. 摇晃地悬挂着, 追求 vt. 使摇晃地悬挂 n. 悬垂"
14579,15000,withholding,withhold,i,AB,mono,,form-more-frequent,keep,扣留；拒绝给予,拒绝给予，扣留,n. 扣缴税款,"vt. 使停止, 扣留, 保留, 拒给 vi. 克制, 忍住"
14587,22419,minions,minion,s,AB,loan,loan,form-more-frequent,keep,仆从；小黄人,仆从；走狗,n. <贬>奴颜婢膝的仆从( minion的复数形式 ); 走狗; 宠儿; 受人崇拜者,"n. 奴才, 宠臣"
14592,18094,overreacted,overreact,p,AB,mono,mono,form-more-frequent,keep,反应过度,反应过度,v. 反应过火( overreact的过去式和过去分词 ),"vi. 反应过度, 反作用过强"
14610,22124,remnants,remnant,s,AB,loan,loan,form-more-frequent,keep,残余；剩余部分,残余；剩余部分；遗迹,n. 剩余部分( remnant的复数形式 ); 残余; 零料; 零头布,"n. 剩余, 零料, 遗迹 a. 剩余的, 残余的"
14615,3581,jens,jen,s,AB,proper,proper,lemma-proper,keep,（人名）延斯,珍（人名）,n. （接）物镜 n. (Jens)人名；(德、挪、丹、瑞典)延斯,n. 珍（女子名）
14641,8404,hackers,hacker,s,AB,mono,mono,lemma-no-gloss,keep,黑客；入侵者,黑客；入侵者,"n. 黑客, 骇客；电脑黑客（hacker的复数）","[计] 计算机窃贼, 计算机新技术挑战者, 黑客"
14656,20394,revoked,revoke,d,AB,loan,loan,form-more-frequent,keep,撤销；废除,撤销；废除,"a. [法]取消的 v. 撤销, 取消, 废除( revoke的过去式和过去分词 )","vt. 撤回, 废除 vi. 藏牌 n. 藏牌 [计] 取消权限程序"
14667,9631,abode,abide,pd,A,mono,mono,src-a-only,?,住所；居所,遵守；忍受,"n. 住所, 住处 abide的过去式和过去分词","vi. 停留, 遵守, 居留, 继续下去 vt. 忍受, 经受, 屈从于"
14680,25988,nostrils,nostril,s,AB,mono,mono,form-more-frequent,keep,鼻孔,鼻孔,n. 鼻孔( nostril的复数形式 ),n. 鼻孔 [医] 鼻孔
14692,17924,juggling,juggle,i,AB,loan,loan,form-more-frequent,keep,玩杂耍；兼顾,玩杂耍；尽力应付,a. 欺诈的；变戏法的；欺骗的,"vi. 玩戏法, 行骗, 篡改 vt. 耍弄, 歪曲, 篡改 n. 玩戏法, 魔术, 欺骗"
14694,19984,hypnotized,hypnotize,d,AB,loan,loan,form-more-frequent,keep,催眠；使着迷,催眠；使着迷,"v. 对…施催眠术( hypnotize的过去式和过去分词 ); 使着迷, 使精神恍惚","vt. 施催眠术, 使恍惚, 使着迷 [医] 催眠"
14709,40375,protesters,protester,s,AB,loan,loan,form-more-frequent,keep,抗议者；示威者,抗议者；反对者,n. 抗议者( protester的复数形式 ); 反对者; 拒绝者; 断言者,"n. 抗议者, 持异议者, 拒付者 [经] 反对者"
14715,3170,e-mailed,e-mail,p,B,loan,loan,lemma-no-gloss|src-b-only,keep,发电子邮件,电子邮件,v. 电子邮件( e-mail的过去式和过去分词 ),[计] 电子邮件
14728,35170,shackles,shackle,s,AB,mono,mono,form-more-frequent,keep,镣铐；束缚,束缚；给…戴镣铐,"n. 手铐, 脚镣；塞古","n. 桎梏, 束缚物 vt. 加枷锁, 束缚"
14749,2227,neighboring,neighbor,i,B,mono,mono,src-b-only,?,邻近的；附近的,邻居,"a. 附近的, 邻近的, 邻接的","n. 邻居 vt. 邻接 vi. 毗邻而居, 友好 a. 邻近的"
14767,37759,snickering,snicker,i,AB,mono,mono,form-more-frequent,keep,窃笑；暗笑,窃笑；暗笑,v. =sni^^er( snicker的现在分词 ),n. 窃笑 vi. 窃笑 vt. 窃笑着说
14772,15700,partisans,partisan,s,AB,loan,,form-more-frequent,keep,游击队员；党羽（复数）,党徒；游击队员；adj.偏袒的,n. 游击队员( partisan的复数形式 ); 党人; 党羽; 帮伙,"n. 党羽, 虔诚信徒, 同党, 游击队员 a. 党派的, 偏袒的, 效忠的, 献身的, 盲目推崇的"
14800,16300,hieroglyphics,hieroglyphic,s,AB,,,form-more-frequent,keep,象形文字；难解的符号,象形文字（尤指古埃及文字）,n. 象形文字,n. 象形文字；象形文字写的文章
14800,16500,reintegrated,reintegrate,d,AB,,,form-more-frequent,keep,重新整合的；恢复完整的,使重新融入；恢复完整,"v. 再重新完整, 复兴( reintegrate的过去式和过去分词 )","vt. 使重新统一, 恢复, 重建, 复兴"
14829,17571,aligned,align,d,AB,loan,loan,form-more-frequent,keep,对齐；结盟（过去式）,对齐；使一致,a. 对齐的；均衡的,"vi. 排列, 排成一行, 结盟 vt. 使结盟, 使成一行, 校正"
14849,22289,memoirs,memoir,s,AB,loan,loan,form-more-frequent,keep,回忆录；自传,回忆录；传记,"n. 自传, 回忆录","n. 传记, 实录, 追思录, 回忆录, 自传 [化] 研究报告"
14887,4492,simpsons,simpson,s,AB,proper,proper,lemma-proper,keep,辛普森一家（动画）,辛普森（姓氏）,n. 辛普森一家（电影名）,n. 辛普森（姓氏）
14938,41501,overslept,oversleep,p,B,mono,mono,src-b-only|form-more-frequent,keep,睡过头（过去式）,睡过头,oversleep的过去式和过去分词,v. (使)睡过头
14962,9773,mps,mp,s,AB,mono,proper,lemma-proper|lemma-no-gloss,keep,下院议员（复数缩写）,议员；宪兵,[计] 微处理机系统,"国会议员, 下院议员 [计] 宏处理程序, 维护程序, 线性规划, 微程序, 多处理器"
14969,16607,glands,gland,s,AB,loan,loan,form-more-frequent,keep,腺体（复数）,腺,n. 腺体（gland的复数）；气封,"n. 腺, 密封套 [化] 衬片; 密封垫"
14977,37882,sleepwalking,sleepwalk,i,AB,mono,mono,form-more-frequent,keep,梦游；梦游症,梦游；梦游般行事,n. 梦游病,vi. 梦游
14990,32476,intensifies,intensify,3,AB,loan,loan,form-more-frequent,keep,加强；加剧（第三人称单数）,加强；加剧,"n. （使）增强, （使）加剧( intensify的名词复数 ) v. （使）增强, （使）加剧( intensify…",vt. 加强 vi. 强化
14994,13500,unified,unify,d,B,loan,,src-b-only,?,统一的；一致的,统一，使合一,a. 统一的；一致标准的,"v. 统一, 使成一体"
15042,34406,gibbons,gibbon,s,AB,mono,loan,form-more-frequent,keep,长臂猿（复数）；吉本斯（姓氏）,长臂猿,n. (Gibbons)人名；(英)吉本斯 [脊椎] 长臂猿( gibbon的名词复数 ) 吉本斯（Gibbons姓氏）,n. 长臂猿 [医] 长臂猿
15049,15263,pretzels,pretzel,s,AB,loan,loan,form-more-frequent,keep,椒盐卷饼（复数）,椒盐卷饼,"n. 椒盐卷饼, <美俚>法国号( pretzel的复数形式 )","n. 椒盐卷饼, (美)(非正式)法国号"
15060,15867,stutters,stutter,3,AB,mono,mono,form-more-frequent,keep,口吃；结巴（第三人称单数）,口吃；结巴,"v. 结结巴巴地说( stutter的第三人称单数 ); 不顺畅的工作, 时断时续地移动","n. 口吃, 结结巴巴 v. 结结巴巴地说"
15068,18200,civilised,civilise,p,B,loan,,src-b-only|form-more-frequent,keep,文明的；开化的,使文明；教化,a. 文明的,"vt. 开化, 使文明, (非正式)教化, 使文雅, 教育, 教导 vi. 变成文明社会"
15096,24484,finalists,finalist,s,AB,loan,loan,form-more-frequent,keep,决赛选手,决赛选手,n. 参加决赛的选手,"n. 决赛选手, 决赛队"
15098,19800,depraved,deprave,p,AB,loan,,form-more-frequent,keep,堕落的；邪恶的,使腐化，使堕落,"a. 堕落的, 腐化的, 道德败坏的 [医] 恶化的, 变坏的","vt. 使堕落, 使腐败 [法] 堕落, 腐化, 败坏"
15099,14200,mimicking,mimic,i,B,loan,,src-b-only,?,模仿,模仿，模拟；n. 善于模仿的人,"n. 仿制, 模仿","a. 模仿的, 摹拟的 n. 效颦者, 模仿者, 小丑, 仿制品 vt. 模仿, 摹拟"
15112,5826,rambling,ramble,i,B,mono,mono,src-b-only,?,漫无边际的；闲逛的,漫步；闲逛；漫谈,"a. 漫步的, 布局零乱的, 散漫的","n. 漫步, 随笔 vi. 漫步, 漫谈, 漫游, 蔓延 vt. 闲逛于"
15125,19388,diminished,diminish,d,AB,loan,loan,form-more-frequent,keep,减少的；降低的,减少；削弱,a. 减退了的；减弱的,"v. (使)减少, (使)变小"
15127,20278,stoked,stoke,d,AB,mono,mono,form-more-frequent,keep,兴奋的；激动的,拨旺（火）；煽动,"a. <俚>热烈的, 振奋的 v. 煽动( stoke的过去式和过去分词 ); 预先吃饱; 拨旺火; 往（火里等）加燃料","v. 司炉, (使)大吃"
15133,19799,appliances,appliance,s,AB,loan,loan,form-more-frequent,keep,家用电器；器具,家用电器；器具,电气用具,"n. 器械, 用具, 应用 [医] 矫正器; 器"
15143,16727,crusaders,crusader,s,AB,loan,loan,form-more-frequent,keep,十字军；改革者,十字军战士；改革者,n. 十字军；十字军战士（crusader的复数）,"n. 十字军战士, 改革者"
15157,29276,tonnes,tonne,s,AB,loan,loan,form-more-frequent,keep,公吨（复数）,公吨,"n. 吨, 公吨( tonne的复数形式 )","n. 吨, 公吨 [经] 吨"
15161,22311,impersonating,impersonate,i,AB,loan,loan,form-more-frequent,keep,冒充；扮演,冒充；扮演,vt. 扮演（impersonate的现在分词形式）,"vt. 模仿, 扮演, 体现, 使人格化 [法] 体现, 模仿, 拟人"
15162,18227,taxpayers,taxpayer,s,AB,mono,mono,form-more-frequent,keep,纳税人,纳税人,"n. 纳税人, 纳税的机构( taxpayer的复数形式 )","n. 纳税人 [法] 纳税人, 纳税义务人"
15169,16800,premeditated,premeditate,d,B,loan,,src-b-only|form-more-frequent,keep,预谋的,预谋，预先策划,"a. 预先考虑的, 预谋的 [法] 经预先计划的, 预谋的","v. 预谋, 预先考虑"
15212,17577,misled,mislead,d,AB,mono,mono,form-more-frequent,keep,误导（过去式）,误导；使误解,mislead的过去式和过去分词,vt. 误导
15214,21059,clogged,clog,d,AB,mono,mono,form-more-frequent,keep,堵塞的,堵塞；木屐,a. 阻塞的；堵住的,"n. 障碍, 脚坠 v. 障碍, 阻塞"
15226,24497,degrading,degrade,i,AB,loan,loan,form-more-frequent,keep,有辱人格的,降低；使丢脸,"a. 丧失体面的, 降低身份的, 有辱人格的 [法] 品质低劣的, 卑劣的, 退化的","v. (使)降级, (使)退化"
15232,650,homing,home,i,B,mono,mono,src-b-only,?,归巢的；导航的,家；在家,"n. 归航, 动物的返回性 a. 有返回性的, 回家的","n. 家, 避难所, 故乡 a. 家庭的, 国内的, 打中目标的 adv. 在家, 在本国, 打中目标地 [计] 返回始…"
15239,17094,implicated,implicate,d,AB,loan,loan,form-more-frequent,keep,牵连；涉及,牵连；涉及,a. 密切关联的；牵涉其中的,"vt. 涉及, 含意, 暗示, 牵连 n. 包含的东西"
15255,2602,wednesdays,wednesday,s,AB,mono,proper,lemma-proper,keep,星期三（复数）,星期三,"adv. 每星期三, 在任何星期三",n. 星期三
15256,27833,bickering,bicker,i,AB,mono,mono,form-more-frequent,keep,争吵；口角,争吵；口角,v. 争吵( bicker的现在分词 ); 口角; （水等）作潺潺声; 闪烁,"vi. 斗嘴, 潺潺而流, 闪动 n. 口角, 流水声"
15265,21610,conspired,conspire,d,AB,mono,loan,form-more-frequent,keep,密谋；共谋（conspire 的过去式）,密谋；共谋,v. 密谋( conspire的过去式和过去分词 ); 搞阴谋; （事件等）巧合; 共同导致,"vi. 阴谋, 协力, 共谋 vt. 图谋"
15300,17495,crutches,crutch,s,AB,mono,mono,form-more-frequent,keep,拐杖；支撑物（复数）,拐杖；支撑物,n. 拐杖( crutch的名词复数 ); 支持物; 精神上的寄托; 胯部,"n. 拐杖, 支撑, 依靠 vt. 支撑"
15321,18600,masturbating,masturbate,i,AB,mono,,form-more-frequent,keep,手淫,手淫（医学生理用语）,v. （对…）进行手淫( masturbate的现在分词 ),v. 手淫
15329,15560,exceeded,exceed,d,AB,loan,loan,form-more-frequent,keep,超过；超越,超过；超越,a. 非常的；过度的；溢出的,"vt. 超过, 超越, 胜过 vi. 超过其他"
15341,17000,diverted,divert,d,AB,loan,,form-more-frequent,keep,转移；使改道,转移；使转向,"v. 呼叫转移, 释放（divert的过去分词形式）","vt. 转移, 使欢娱 vi. 转移"
15355,25993,aspirations,aspiration,s,AB,loan,loan,form-more-frequent,keep,志向；渴望,志向；渴望,n. 愿望,"n. 热望, 志向, 渴望 [医] 吸入; 吸[引], 吸引术"
15356,20601,furnished,furnish,d,AB,loan,mono,form-more-frequent,keep,配备家具的,提供；布置家具,"a. 家具, 有家具的","vt. 供给, 提供, 装设 [化] 供应; 供给; 配料"
15386,35637,trilling,trill,i,AB,loan,loan,form-more-frequent,keep,发颤音；鸟鸣,颤音,"n. 三连晶, 三胞胎中的一个孩子","n. 颤声, 颤音, 啭鸣 vt. 用颤声说, 用颤音唱 vi. 发出颤音"
15391,22623,paved,pave,d,AB,loan,loan,form-more-frequent,keep,铺（路）；铺砌,铺路；铺设,v. 铺( pave的过去式和过去分词 ); 为…铺平道路,"vt. 铺设, 安排, 铺满, 为...铺路 [化] 铺设"
15400,27405,geriatrics,geriatric,s,AB,,loan,form-more-frequent,keep,老年病学,老年的；老年医学的,"n. 老年人, 老年病人 [医] 老年医学, 老年病学, 老人学","a. 老年病学的, 衰老的, 老年的 [医] 老年医学的, 老年病学的, 老人学的"
15400,7629,molten,melt,d,A,,mono,src-a-only,?,熔化的，炽热的,融化,"a. 熔化的, 炽热的, 铸造的 melt的过去分词","n. 熔化, 熔化物, 溶解 v. (使)熔化, (使)溶解, (使)消散, (使)变软"
15408,33391,knicks,knick,s,AB,proper,mono,form-more-frequent,keep,尼克斯队（纽约球队）,小玩意儿；小刻痕,(knick 的第三人称 -s形式) n. 科尼克（德国公司名）,n. 科尼克（德国公司名）
15420,16000,populated,populate,d,AB,loan,,form-more-frequent,keep,有人居住的,居住于；殖民于；使 populate,a. 粒子数增加的,"vt. 使人口聚居在...中, 殖民于, 移民于, 居住于, 定居于"
15433,37524,shucks,shuck,3,AB,mono,mono,form-more-frequent,keep,哎呀（表失望）,剥壳；脱去,"interj. 呸(表示不满或失望), 那有这回事","n. 壳, 外皮, 牡蛎壳 v. 剥去, 脱去"
15441,16928,tinkling,tinkle,i,AB,mono,mono,form-more-frequent,keep,叮当声,叮当作响；小便,n. 叮叮声,"n. 叮当声 vt. 使发丁当的声, 叮当地发出 vi. 叮当作响"
15466,40139,babs,bab,s,AB,proper,proper,lemma-proper|form-more-frequent,keep,芭布斯（人名昵称）,巴布（人名/称谓）,"n. 芭布斯(Barbara,Babette的昵称)(f.)","n. 巴布（女子名, 等于Barbara）"
15468,6137,railing,rail,i,B,loan,loan,src-b-only,?,栏杆；扶手,铁轨；栏杆,"n. 扶手, 栏杆, 抱怨 [电] 高重回率的雷达脉冲排挤","n. 横杆, 围栏, 栏杆, 铁轨, 扶手, 秧鸡 vt. 以横木围栏, 给...铺铁轨 vi. 责骂, 抱怨"
15497,37580,throbbing,throb,i,AB,mono,mono,form-more-frequent,keep,抽痛的；跳动的,搏动；抽痛,"a. 跳动的, 悸动的, 抽动的, 震动的, 颤动的 [医] 搏动的","n. 跳动, 搏动 vi. 博动, 抽动, 颤动"
15500,23590,querying,query,i,AB,,loan,form-more-frequent,keep,疑问的；探询的,疑问；查询,[计] 询问,"n. 疑问, 疑问号, 质问, 查询 v. 询问, 质问 [计] 查询"
15501,17053,reeks,reek,3,AB,mono,mono,form-more-frequent,keep,散发臭味；冒烟,散发恶臭；充满,n. 恶臭( reek的名词复数 ) v. 发出浓烈的臭气( reek的第三人称单数 ); 散发臭气; 发出难闻的气味 …,"n. 烟, 水蒸气, 臭气散发 vi. 冒烟, 发臭气, 散发 vt. 用烟熏, 散发"
15505,17921,dunes,dune,s,AB,loan,loan,form-more-frequent,keep,沙丘,沙丘,n. 沙丘( dune的复数形式 ),n. 沙丘
15510,24324,christening,christen,i,AB,mono,loan,form-more-frequent,keep,洗礼；命名仪式,为…施洗礼；命名,n. 洗礼仪式,"vt. 为...施洗礼, 命名"
15529,26819,emissions,emission,s,AB,loan,loan,form-more-frequent,keep,排放；排放物,排放；散发,n. 排放物( emission的复数形式 ); 散发物（尤指气体）,"n. 发射, 射出, 发行 [医] 发射, 遗精"
15544,15800,overturned,overturn,d,AB,mono,,form-more-frequent,keep,推翻；翻转,推翻；颠覆；使翻倒,"v. （使）翻倒( overturn的过去式和过去分词 ); 使垮台, 推翻; 撤销（判决等）","n. 倾覆, 破灭, 革命 vt. 推翻, 颠倒 vi. 翻倒"
15599,1060,coloring,color,i,B,mono,loan,src-b-only,?,着色；色彩,颜色,"n. 着色, 色彩, 色调, 面色, 气色, 外貌, 伪装, 色素, 颜料, 染料, 着色剂, 特质 [建] 着色, 染…","n. 颜色, 面色, 颜料, 外貌 vt. 把...涂上颜色, 粉饰, 使脸红, 歪曲 vi. 变色"
15600,20000,mnemonics,mnemonic,s,AB,,,form-more-frequent,keep,记忆术；助记法,助记的；记忆口诀,n. 记忆术 [医] 记忆术,"a. 记忆的, 助记的 n. 助记符 [计] 助记的, 助记符"
15617,21073,pestering,pester,i,AB,loan,loan,form-more-frequent,keep,纠缠；烦扰,纠缠；烦扰,"v. 使烦恼, 纠缠( pester的现在分词 )","vt. 不断打扰, 纠缠"
15648,16300,incarcerated,incarcerate,d,AB,loan,,form-more-frequent,keep,被监禁的,监禁，关押,[医] 箝闭的,"vt. 下狱, 监禁, 禁闭 [法] 监禁, 使下狱, 禁闭"
15662,18600,hemorrhaging,hemorrhage,i,AB,loan,,form-more-frequent,keep,大出血；大量流失,出血；大出血,"n. 出血, 溢血 v. 大出血; 损失(hemorrhage的ing形式)",n. 出血 [医] 出血
15676,16721,grazing,graze,i,AB,mono,mono,form-more-frequent,keep,放牧；吃草,吃草；擦伤,"n. 放牧, 牧草, 草场, 放牧法","n. 吃草, 放牧, 擦伤, 轻擦 v. (使)吃草, 放牧, 轻擦, 擦伤"
15677,8247,paging,page,i,B,loan,mono,src-b-only,?,呼叫；翻页,页；页面,[计] 页式调度,"n. 页, 记录, 事件, 专栏, 男侍 vt. 标明...的页数, 翻...的书页, 分页排版, 呼叫, 侍候 vi.…"
15681,25145,polluted,pollute,d,AB,loan,loan,form-more-frequent,keep,受污染的,污染；玷污,"a. 被污染的, 被玷污的, (美)(非正式)喝得烂醉的","vt. 污染, 弄脏, 玷污 [化] 污染"
15689,17232,revered,revere,p,B,loan,loan,src-b-only|form-more-frequent,keep,受尊敬的；崇敬的,尊敬；崇敬,"v. 崇敬, 尊崇, 敬畏（ revere的过去式和过去分词 ） a. 可敬的, 尊敬的","vt. 崇敬, 敬畏, 尊敬"
15715,17000,famished,famish,p,AB,loan,,form-more-frequent,keep,饿极了的,使饥饿；挨饿,a. 饥馑的,"vt. 使挨饿 vi. 饥饿, 挨饿"
15740,21610,conspiring,conspire,i,AB,loan,loan,form-more-frequent,keep,密谋；共谋（现在分词）,密谋；共谋,v. 密谋( conspire的现在分词 ); 搞阴谋; （事件等）巧合; 共同导致,"vi. 阴谋, 协力, 共谋 vt. 图谋"
15745,14800,condescending,condescend,i,B,loan,,src-b-only,?,居高临下的；屈尊的,屈尊，居高临下,"a. 谦逊的, 故意屈尊的, 有优越感的","vi. 谦逊, 屈就, 堕落"
15754,23771,termites,termite,s,AB,loan,loan,form-more-frequent,keep,白蚁（复数）,白蚁,n. 白蚁( termite的名词复数 ),n. 白蚁
15784,23517,belches,belch,3,AB,mono,mono,form-more-frequent,keep,打嗝；喷出（第三人称单数）,打嗝；喷出,"n. 嗳气( belch的名词复数 ); 喷吐; 喷出物 v. 打嗝( belch的第三人称单数 ); 喷出, 吐出; …","vi. 打嗝, 喷吐 vt. 打嗝, 吼叫着发出(命令), 喷吐 n. 打嗝, 喷吐"
15785,18280,hooligans,hooligan,s,AB,mono,loan,form-more-frequent,keep,流氓；小混混（复数）,流氓；小混混,"n. 小流氓, 街头恶棍( hooligan的复数形式 )","n. 小流氓 [法] 阿飞, 流氓, 街头恶棍"
15800,20852,hardened,harden,d,AB,,mono,form-more-frequent,keep,变硬的；老练的,使变硬；使坚强,a. 变硬的；坚定的,"vt. 使变硬, 使坚强, 使冷酷 vi. 变硬, 变冷酷"
15800,17800,militarized,militarize,p,B,,,src-b-only|form-more-frequent,keep,军事化的；武装起来的,使军事化,v. 军事化( militarize的过去式和过去分词 ),"vt. 使军事化, 使军国化, 鼓吹军国主义"
15806,22440,sidelines,sideline,s,AB,mono,mono,form-more-frequent,keep,边线；旁观立场,边线；副业,n. 副业( sideline的名词复数 ); 兼职; （球场等的）边线; 两侧场外区域 v. 使退出比赛( sidel…,"n. 副业, 旁线, 界线, 兼职, 旁观者看法 vt. 使退出比赛场地"
15844,2132,packaging,package,i,B,mono,loan,src-b-only,?,包装；包装材料,包裹；套餐,"n. 包装, 包装业, 包装术 [计] 组装; 封装","n. 包裹, 套装软件, 包, 包装用物, 程序包 vt. 包装, 打包 a. 一揽子的 [计] 包, 软件包, 包装"
15865,13520,palestinians,palestinian,s,AB,proper,proper,lemma-proper|lemma-no-gloss,keep,巴勒斯坦人（复数）,巴勒斯坦的,n. 巴勒斯坦人（palestinian的复数）,[经] 巴勒斯坦的
15878,27490,vertebrae,vertebra,s,AB,loan,loan,form-more-frequent,keep,脊椎（复数）,椎骨,"椎骨, 脊椎骨, 脊椎 [医] 椎骨, 脊椎","n. 脊椎, 椎骨 [医] 椎骨, 脊髓"
15977,7535,downloading,download,i,AB,mono,mono,lemma-no-gloss,keep,下载（现在分词）,下载,"n. 下装, 下载；下传","[计] 卸载, 下栽"
16000,22400,nauseating,nauseate,i,AB,,,form-more-frequent,keep,令人作呕的,使恶心，使厌恶,"a. 作呕的, 恶心的, 厌恶的","vi. 作呕, 产生恶感, 厌恶 vt. 使厌恶, 使恶心"
16000,17800,transposed,transpose,d,AB,,,form-more-frequent,keep,转调的；被调换位置的,调换位置；变调,转置的,"vt. 调换, 颠倒顺序, 移项 vi. 互换位置 [计] 转置"
16003,2847,synced,sync,p,AB,loan,loan,lemma-no-gloss,keep,同步（过去式/过去分词）,同步；同步更新,n. synchronization 的缩略词 v. synchronize 的缩略词 [网络] 同步,[计] 同步的
16009,30225,insinuating,insinuate,i,AB,loan,loan,form-more-frequent,keep,含沙射影的；暗示的,暗示；含沙射影,"a. 曲意巴结的, 暗示的","vt. 巴结, 暗示, 使滋长 vi. 旁敲侧击"
16011,16200,enslaved,enslave,d,AB,loan,,form-more-frequent,keep,被奴役的；受奴役的,奴役；使成为奴隶,v. 使成为奴隶( enslave的过去式和过去分词 ); 奴役; <正>使受控制; 征服,"vt. 奴役, 束缚, 使受控制, 征服"
16036,7823,cloning,clone,i,B,loan,loan,src-b-only,?,克隆；无性繁殖,克隆；无性繁殖,[计] 研制兼容产品 [化] 克隆,n. 无性系 [计] 代用件
16047,24743,poaching,poach,i,AB,loan,loan,form-more-frequent,keep,偷猎；水煮（蛋）,偷猎；水煮,"[经] 猎取, 盗取","vt. 水煮(蛋), 偷猎, 侵入, 窃取 vi. 偷猎, 陷入泥中"
16075,45364,cummings,cumming,s,AB,proper,mono,form-more-frequent,keep,卡明斯（姓氏）,（cum的现在分词）射精；达到高潮,n. 卡明斯（人名）,n. (Cumming)人名；(英)卡明 卡明
16093,9331,danes,dane,s,AB,proper,proper,lemma-proper,keep,丹麦人（复数）,丹麦人,n. 丹麦人（Dane的复数）；丹族,n. 丹麦人
16126,16500,tentacles,tentacle,s,AB,loan,,form-more-frequent,keep,触手；触角(复数),触手，触须,n. <动>触手( tentacle的复数形式 ); 触角; 触须; <植>触毛,"n. 触须, 触手, 触角 [医] 触角, 触须"
16132,15500,intoxicating,intoxicate,i,B,loan,,src-b-only,?,令人陶醉的；醉人的,使醉；使兴奋,"a. 醉人的,使人兴奋的","vt. 使陶醉, 使喝醉"
16143,10943,sharper,sharpe,r,AB,mono,proper,lemma-proper,keep,更锋利的；更敏锐的,夏普（姓氏）,"n. 骗子, 欺诈者, 赌棍 [法] 欺骗者, 欺诈犯",n. 夏普指数；夏普指标；夏普（人名）
16148,17582,resurrected,resurrect,d,AB,loan,loan,form-more-frequent,keep,使复活；复兴(过去式),使复活；恢复,v. 使复活( resurrect的过去式和过去分词 ); 使复苏; 使再活跃; 使再流行,"vi. 复活 vt. 使复活, 复兴, 恢复, 盗掘"
16159,42816,dilated,dilate,p,AB,loan,loan,form-more-frequent,keep,扩张的；放大的,扩张；详述,a. 扩大的；加宽的；膨胀的,"vi. 扩大, 详述, 膨胀 vt. 使膨胀"
16209,19793,tingling,tingle,i,AB,mono,mono,form-more-frequent,keep,刺痛的；发麻的,感到刺痛；发麻,[医] 麻刺感,"vi. 激动, 感到刺痛, 抖动 vt. 使感刺痛 n. 刺痛, 震颤, 耳鸣"
16211,17457,brits,brit,s,AB,proper,proper,lemma-proper|form-more-frequent,keep,英国人（口语）,英国人（口语）,n. 布里茨（男子名）；英国人（Brit的复数）,"n. 小海生动物, 小鲱鱼"
16215,16406,neanderthals,neanderthal,s,AB,proper,proper,lemma-proper|form-more-frequent,keep,尼安德特人；粗人,尼安德特人；粗野的人,n. 尼安德塔人；穴居人（Neanderthal的复数）,a. 穴居人的
16224,17164,variables,variable,s,AB,loan,mono,form-more-frequent,keep,变量；可变因素,可变的；多变的,n. 变量,"n. 易变的事物, 变数, 可变物, 变量 a. 可变的, 不定的, 易变的, 变量的 [计] 变量"
16226,22729,moping,mope,i,AB,mono,mono,form-more-frequent,keep,闷闷不乐；闲荡,闷闷不乐；无精打采,v. <贬>忧郁地闲荡( mope的现在分词 ),"vi. 忧郁, 闲荡 vt. 使忧郁 n. 忧郁的人"
16235,17217,yapping,yap,i,AB,mono,mono,form-more-frequent,keep,狂吠；喋喋不休,(狗)狂吠；喋喋不休,"v. <贬> （尤指小狗）尖叫, 狂吠( yap的现在分词 ); <非正>（对一些无关紧要的事）哇啦哇啦地说个不停","vi. 狂吠, 瞎扯, 责骂 n. 狂吠, 狂吠声, 废话, 乖戾的人"
16239,24423,smitten,smite,d,AB,mono,mono,form-more-frequent,keep,迷恋的；被打动的,重击；打击,smite的过去分词,"vt. 重击, 打, 击败, 毁灭, 侵袭, 打动 vi. 重击, 打 n. 重击, 打"
16286,20019,taunting,taunt,i,AB,loan,loan,form-more-frequent,keep,嘲弄；讥讽,嘲笑；讥讽,v. 嘲讽( taunt的现在分词 ); 嘲弄; 辱骂; 奚落,"n. 辱骂, 嘲弄 vt. 嘲弄, 奚落 a. 很高的"
16300,18548,overflowing,overflow,i,AB,mono,mono,form-more-frequent,keep,溢出的；充满的,溢出；泛滥,"a. 溢出的, 充沛的, 过剩的 n. 溢出, 溢出物, 剩余, 洋溢, 充沛","n. 溢值, 超值, 泛滥 v. (使)泛滥, (使)溢出, (使)充溢 [计] 上溢; 溢出"
16309,23769,obsessing,obsess,i,AB,loan,loan,form-more-frequent,keep,使着迷；困扰,使着迷；使困扰,v. 时刻困扰( obsess的现在分词 ); 缠住; 使痴迷; 使迷恋,"vt. 迷住, 使困扰"
16319,26196,slurps,slurp,s,AB,mono,mono,form-more-frequent,keep,出声地吃喝,出声地喝；咕噜,n. 啧啧吃的声音( slurp的名词复数 ) v. 啜食( slurp的第三人称单数 ),n. 吃的声音 v. 出声地吃(或喝)
16325,43040,ravishing,ravish,i,B,loan,loan,src-b-only|form-more-frequent,keep,迷人的；令人陶醉的,使狂喜；强夺,a. 引人入胜的,"vt. 强夺, 夺走, 使出神, 强奸 [法] 强夺, 抢去, 强奸"
16334,16744,superpowers,superpower,s,AB,loan,mono,form-more-frequent,keep,超级大国；超能力,超级大国；超能力,n. 超级大国( superpower的复数形式 ),"n. 超级强权, 超级大国 [经] 超级大国"
16339,24743,poached,poach,d,AB,loan,loan,form-more-frequent,keep,水煮；偷猎,偷猎；水煮,v. 水煮（荷包蛋）( poach的过去式和过去分词 ); 侵入他人地界偷猎,"vt. 水煮(蛋), 偷猎, 侵入, 窃取 vi. 偷猎, 陷入泥中"
16362,24236,clothed,clothe,d,AB,mono,mono,form-more-frequent,keep,穿着衣服的,给…穿衣；供给衣服,clothe的过去式和过去分词,"vt. 给...穿衣, 盖上, 赋予"
16389,16857,striped,stripe,d,AB,mono,mono,form-more-frequent,keep,有条纹的,条纹；条带,a. 有斑纹的,"n. 斑纹, 条纹 [医] 纹, 条纹"
16391,20960,blisters,blister,s,AB,loan,mono,form-more-frequent,keep,水疱（复数）,水疱；气泡,n. 水疱( blister的名词复数 ); 水肿; 气泡,n. 水疱 [化] 砂眼
16400,12400,fortified,fortify,d,B,,,src-b-only,?,加强的；设防的,加强，增强；设防,a. 加强的,"vt. 设要塞于, 加强, 使坚强, 增加 vi. 筑防御工事"
16400,19500,ingratiating,ingratiate,i,B,,,src-b-only|form-more-frequent,keep,讨好的；迎合的,讨好；巴结,"a. 逢迎的, 迎合的","vt. 使迎合, 使讨好"
16400,23500,overpopulated,overpopulate,d,AB,,,form-more-frequent,keep,人口过剩的,使人口过密,a. 人口过多的,"vt.使(一地区)人口过剩,使人口过密"
16457,30224,huntsmen,huntsman,s,AB,mono,mono,form-more-frequent,keep,猎人（复数）,猎人,n. 猎人( huntsman的名词复数 ); 管猎犬的人,"n. 猎人, 管猎犬者"
16488,26114,toenails,toenail,s,AB,mono,mono,form-more-frequent,keep,脚趾甲,脚趾甲,n. 脚趾甲( toenail的名词复数 ); （木匠用的）斜钉,"n. 脚趾甲, 斜钉 [医] 趾甲"
16500,19000,imploring,implore,i,AB,,,form-more-frequent,keep,恳求的；哀求的,恳求，哀求,"a. 恳求的, 哀求的","vt. 恳求, 哀求"
16500,3115,labored,labor,p,B,,loan,src-b-only,?,吃力的；矫揉造作的,劳动；劳工,"a. 吃力的, 缓慢的, 不自然的, 矫揉造作的","n. 劳动, 努力, 工作, 劳工, 分娩 vi. 劳动, 努力, 苦干 vt. 详细分析, 使厌烦"
16500,40796,mongering,monger,i,AB,,mono,form-more-frequent,keep,贩卖行为，（不良事物的）散布,商人；贩子,v. 买卖 a. 买卖的,"n. 商人, ...商, ...贩 vt. 贩卖, 传播"
16531,6219,massacred,massacre,p,B,mono,loan,src-b-only,?,屠杀；大量杀害,大屠杀；惨败,vt. 残杀；彻底击败 n. 大屠杀；惨败 n. (Massacre)人名；(法)马萨克尔,"n. 大屠杀 vt. 大屠杀, 残杀"
16543,19479,portrayed,portray,d,AB,loan,loan,form-more-frequent,keep,描绘；扮演,描绘；扮演,v. 画像( portray的过去式和过去分词 ); 描述; 描绘; 描画,"vt. 描绘, 描写, 描绘...的肖像"
16560,10223,lyons,lyon,s,AB,proper,proper,lemma-proper,keep,里昂（地名）,里昂（法国城市）,n. 里昂,n. 里昂
16606,21578,reinstated,reinstate,d,AB,loan,loan,form-more-frequent,keep,恢复；复职,恢复职位；使复职,"v. 使恢复原职, 使恢复原有权利( reinstate的过去式和过去分词 ); 把…放回原处","vt. 使复原, 使恢复, 使复立"
16623,28323,blabbering,blabber,i,AB,mono,mono,form-more-frequent,keep,喋喋不休；胡说,喋喋不休；泄密,n. 多嘴的人；泄密者；胡言乱语 vi. 胡扯；喋喋不休,n. 多嘴的人
16632,324,siding,side,i,B,mono,mono,src-b-only,?,壁板；侧线,边；侧面,"n. 侧线, 旁轨, 边宽","n. 旁边, 侧, 方面, 胁, 侧边, 血统 a. 旁的, 侧的, 次要的 vt. 同意, 支持 vi. 支持, 赞助"
16659,20824,compressed,compress,d,AB,loan,loan,form-more-frequent,keep,压缩的；压紧的,压缩；压紧,"a. 被压缩的, 扁平的","vt. 压缩, 压紧 vi. 受压缩小 [计] 压缩程序"
16663,17026,aspiring,aspire,i,AB,loan,mono,form-more-frequent,keep,有抱负的；有志的,渴望，立志,"a. 有抱负的, 有志气的","vi. 渴望, 立志于"
16672,22729,moped,mope,p,B,mono,mono,src-b-only|form-more-frequent,keep,轻便摩托车,闷闷不乐；无精打采,n. 助动车,"vi. 忧郁, 闲荡 vt. 使忧郁 n. 忧郁的人"
16712,20349,daydreaming,daydream,i,AB,mono,mono,form-more-frequent,keep,做白日梦；空想,白日梦；幻想,v. 空想；做白日梦（daydream的ing形式）,n. 白日梦 vi. 做白日梦
16732,37105,sickening,sicken,i,B,mono,mono,src-b-only|form-more-frequent,keep,令人作呕的；令人厌恶的,使恶心；生病,"a. 引起疾病的, 引起呕吐的, 令人厌恶的, 使人作呕的","vt. 患病, 使厌倦, 使恶心 vi. 生病, 作呕"
16738,32821,freckles,freckle,s,AB,mono,mono,form-more-frequent,keep,雀斑（复数）,雀斑,n. 雀斑（freckle的复数）,"n. 雀斑, 斑点 [医] 非曝露部雀斑"
16745,46804,enraged,enrage,d,AB,loan,loan,form-more-frequent,keep,暴怒的；激怒的,激怒；使暴怒,v. 使暴怒( enrage的过去式和过去分词 ); 歜; 激愤,"vt. 激怒, 使暴怒"
16772,2419,oscars,oscar,s,AB,proper,proper,lemma-proper,keep,奥斯卡奖（复数）,奥斯卡（人名/奖）,abbr. one-way synchronous collision avoidance and ranging sy…,"n. 奥斯卡金像奖, 钱, 现金"
16778,9730,klingons,klingon,s,AB,proper,proper,lemma-proper,keep,克林贡人（虚构种族）,克林贡语（星际迷航）,(Klingon 的复数) n. 克林贡语,n. 克林贡语
16800,15500,interwoven,interweave,d,B,,,src-b-only,?,交织的，紧密相连的,交织，交错,v. 互相编织,"v. (使)交织, 织进, (使)混杂"
16800,18600,minutiae,minutia,s,AB,,,form-more-frequent,keep,细枝末节；琐碎细节,细枝末节，细节,n. 微小；不重要的细节（minutia的复数）,"n. 细节, 琐事"
16800,19200,misreporting,misreport,i,AB,,,lemma-no-gloss|form-more-frequent,keep,虚报；误报,误报，错误报道,"(misreport 的现在分词) [法] 谎报, 误报, 报导不实","[法] 谎报, 误报, 报导不实"
16813,24151,serbs,serb,s,AB,proper,proper,lemma-proper|form-more-frequent,keep,塞尔维亚人（复数）,塞尔维亚人,n. 塞尔维亚人（Serb的复数形式）,"n. 塞尔维亚人[语] a. 塞尔维亚的, 塞尔维亚人[语]的"
16814,26733,derived,derive,d,AB,loan,loan,form-more-frequent,keep,源自；获得（过去式）,源自；获得；推导,"a. 导出的；衍生的, 派生的",vt. 得自 vi. 起源
16827,21276,pointers,pointer,s,AB,mono,mono,form-more-frequent,keep,指针；提示（复数）,指针；提示；指示犬,n. 指极星；指针；指标（pointer的复数）,"n. 指示物, 教鞭, 暗示, 指针 [计] 指针"
16900,15500,abbreviated,abbreviate,d,B,,,src-b-only,?,缩写形式的；缩短的,缩写；缩短,"[计] 缩写的, 短缩的, 简写的, 简略的, 缩略的 [医] 减短的, 缩减的, 省略的","vt. 缩写, 使...简略, 缩短 vi. 使用缩写词"
16907,41659,holling,holl,i,AB,proper,proper,lemma-proper|lemma-no-gloss|form-more-frequent,keep,霍林（人名）,（专名）霍尔,(holl 的现在分词) 穴,穴
16914,3802,rumored,rumor,p,B,loan,loan,src-b-only,?,传闻的；据传的,谣言；传闻,"a. 传闻的, 谣传的","n. 谣言, 传闻 vt. 谣传"
16924,37627,botched,botch,d,AB,mono,mono,form-more-frequent,keep,搞砸的；拙劣的,搞砸；弄糟,"v. 修补( botch的过去式和过去分词 ); 搞坏, 搞砸, 笨拙地做","v. 拙笨地修补, 糟蹋 n. 拙笨的修补, 难看的补缀"
16942,27142,floorboards,floorboard,s,AB,mono,mono,form-more-frequent,keep,地板条,地板（一块）,v. 将汽车油门踏到底,"n. 一块地板, 汽车底部板"
16952,20836,poachers,poacher,s,AB,mono,loan,form-more-frequent,keep,偷猎者,偷猎者；盗捕者,n. 偷猎者；侵入者（poacher的复数）,"n. 偷猎者, 侵入者, 炖蛋锅"
16971,19568,flunked,flunk,p,AB,mono,mono,form-more-frequent,keep,考试不及格,不及格；考试失败,v. <美><口>( flunk的过去式和过去分词 ); （使）（考试、某学科的成绩等）不及格; 评定（某人）不及格; …,"n. 失败, 不及格 vi. 失败, 考试不及格, 放弃 vt. 使不及格"
16972,20990,sparring,spar,i,AB,mono,mono,form-more-frequent,keep,对练；争论,拳击；争论,"n. 对打；夹条板, 保护条","n. 晶石, 圆材, 拳斗, 争论 vt. 装圆材于 vi. 拳斗, 争论"
16990,25752,larvae,larva,s,AB,loan,loan,form-more-frequent,keep,幼虫（复数）,幼虫,"幼虫(昆虫), 幼体, 蚴(蠕虫) [医] 幼虫(昆虫), 蚴(蠕虫)","n. 幼虫 [医] 幼虫(昆虫), 蚴(蠕虫)"
17000,19800,dignitaries,dignitary,s,AB,,,form-more-frequent,keep,显要人物，名流,显贵，高官,"n. 显要人物, 权贵( dignitary的名词复数 )","n. 高贵的人, 高官, 高僧, 要人"
17002,30983,riled,rile,p,AB,mono,loan,form-more-frequent,keep,恼火的，被激怒的,激怒；惹恼,"v. 惹恼, 激怒( rile的过去式和过去分词 )","vt. 搅浑, 惹怒, 使焦急"
17004,29426,presiding,preside,i,AB,mono,loan,form-more-frequent,keep,主持的，主管的,主持；主管,"a. 主持会议的, 主持的, 首席的 [法] 主持的, 执行的","vi. 统辖, 当主人, 主持 [法] 主持, 负责, 指挥"
17030,18700,lacerations,laceration,s,AB,mono,,form-more-frequent,keep,撕裂伤，割伤（复数）,撕裂，裂伤,n. 撕裂( laceration的复数形式 ); 割破; 裂痕; 苦恼,"n. 划破, 割破, 裂伤撕碎 [医] 撕裂, 裂伤"
17038,18568,yelping,yelp,i,AB,mono,mono,form-more-frequent,keep,（狗）吠叫（现在分词）,尖叫；吠叫,v. 发出短而尖的叫声( yelp的现在分词 ),"n. 尖声急叫, 狺吠, 叫喊声 vi. 尖声急叫, 叫吠, 叫喊 vt. 叫喊着说"
17077,15000,overworked,overwork,d,B,mono,,src-b-only,?,工作过度的，劳累的,使工作过度；过度使用,a. 工作过度的；劳累过度的,"n. 过度操劳的工作, 额外工作 v. (使)工作过度, 使过分劳累"
17114,19756,enlarged,enlarge,d,AB,loan,loan,form-more-frequent,keep,放大的；扩大的,扩大；放大,v. 扩大( enlarge的过去式和过去分词 ); 扩展; 扩充; 放大,"vt. 扩大, 增大 vi. 扩大, 详述"
17134,9301,hindus,hindu,s,AB,loan,proper,lemma-proper,keep,印度教徒（复数）,印度教徒；印度教的,"n. 印度人, （尤指印度北部的）印度斯坦人（信奉印度教）( Hindu的名词复数 ); [人名] 欣德斯",a. 印度教教徒的 n. 印度教教徒
17158,19359,clippings,clipping,s,AB,mono,mono,form-more-frequent,keep,剪报；剪下的碎屑,剪报；修剪,n. 剪下的碎边；剪报（clipping的复数形式）,"n. 剪断, 剪裁, 剪下物, 剪报 a. 第一流的, 头等的, 极好的, 快速的 [计] 剪取; 削波"
17168,23714,poised,poise,d,AB,loan,loan,form-more-frequent,keep,镇定的；准备就绪的,沉着；平衡,"a. 平衡的, 均衡的, [表]作好准备的, (褒)沉着的, 泰然自若的, 自信的","n. 平衡, 均衡, 姿势, 镇静, 安静, 砝码 vt. 使平衡, 使悬着, 保持...姿势 vi. 平衡, 悬着, …"
17192,24612,duped,dupe,d,AB,loan,loan,form-more-frequent,keep,欺骗；愚弄(过去式),欺骗；愚弄,v. 欺骗或哄骗某人（做某事）( dupe的过去式和过去分词 ),"n. 傻瓜, 易受骗的人 vt. 欺骗, 愚弄"
17200,27716,hydrated,hydrate,d,AB,,loan,form-more-frequent,keep,含水的，水合的,补水；水合,"a. [化]含水的,与水结合的","n. 水合物, 水化合物, 氢氧化物 vt. 使成水化合物"
17200,20600,posited,posit,p,AB,,,form-more-frequent,keep,被假定设定的；放置的,假定；认定,"v. 假定, 设想, 假设( posit的过去式和过去分词 )","vt. 假设, 安置, 布置"
17219,14800,disoriented,disorientate,p,B,loan,,src-b-only,?,迷失方向的；困惑的,使迷失方向，使失去判断力,a. 无判断力的；分不清方向或目标的,"vt. 使失去方向, 使迷惑"
17326,17982,circulating,circulate,i,AB,mono,loan,form-more-frequent,keep,循环；流通；传播,循环；传播,"a. 循环的, 流通的 [经] 流动","v. (使)流通, (使)循环, (使)传播"
17367,19771,apostles,apostle,s,AB,loan,loan,form-more-frequent,keep,使徒；倡导者（复数）,使徒；倡导者,n. (A-)（基督教的）使徒( apostle的复数形式 ); 早期基督教的传教士; 摩门教教会的十二个行政执事之一;…,"n. 基督十二使徒之一, 早期基督教传士"
17393,31488,push-ups,push-up,s,AB,mono,mono,form-more-frequent,keep,俯卧撑（复数）,俯卧撑,n. 俯卧撑( push-up的复数形式 ),n. 俯伏撑 [机] 模面挤凹
17400,28000,besotted,besot,d,B,,,src-b-only|form-more-frequent,keep,痴迷的，沉醉的,使痴迷；使陶醉,"a. 愚蠢的, 糊涂的","vt. 使糊涂, 使痴迷, 使沉醉"
17400,25200,dilapidated,dilapidate,p,AB,,,form-more-frequent,keep,破旧的，坍塌的,使倒塌；使荒废,"a. 破坏的；荒废的, 要塌似的","v. (使)荒废, (使)毁坏"
17400,16000,iterated,iterate,d,B,,,src-b-only,?,重复的，迭代的,反复说，重复,v. 重复( iterate的过去式和过去分词 ); 反复申明,"vt. 反复说, 重复 [计] 迭代"
17406,24055,scoffing,scoff,i,AB,mono,mono,form-more-frequent,keep,嘲笑；讥讽,嘲笑；讥讽,"v. 嘲笑, 嘲弄( scoff的现在分词 )","n. 嘲笑, 愚弄, 笑柄, 食品 v. 嘲笑, 嘲弄, 贪吃, 狼吞虎咽地吃"
17419,38807,reassigned,reassign,d,AB,loan,mono,form-more-frequent,keep,重新分配；调任,重新分配；改派,再指定,"vt. 再分配, 再指定 [经] 转交, 转让"
17442,29291,mutated,mutate,d,AB,loan,loan,form-more-frequent,keep,突变；变异,变异；突变,v. （使某物）变化( mutate的过去式和过去分词 ); 转变; 突变; 变异,"vi. 变化, 产生变异, 变化元音 vt. 使变异"
17445,37663,heightened,heighten,d,AB,mono,mono,form-more-frequent,keep,加强的；提高的,提高；增强,"v. （使）变高, （使）增大( heighten的过去式和过去分词 ); （使）提高; （使）加强[重]","vt. 增高, 提高, 加强 vi. 升高, 变大"
17451,43038,gaping,gape,i,B,mono,mono,src-b-only|form-more-frequent,keep,张开的；裂开的,目瞪口呆地看；张开,a. 多洞穴的,"n. 裂口, 张嘴, 打哈欠 vi. 裂开, 张嘴, 打哈欠"
17453,18575,oars,oar,s,AB,mono,mono,form-more-frequent,keep,船桨（复数）,桨；橹,n. 桨；桨手（oar的复数）,"n. 桨, 桨手, 搅棒 vi. 划桨 vt. 划动"
17461,19148,surpassed,surpass,d,AB,loan,loan,form-more-frequent,keep,超越；胜过,超过；胜过,v. 超过( surpass的过去式和过去分词 ); 优于; 多于; 非…所能办到,"vt. 超越, 凌驾, 胜过"
17475,20072,illustrated,illustrate,d,AB,loan,loan,form-more-frequent,keep,说明；配插图,说明；举例；插图,n. 有插画的报章杂志,"vt. 举例说明, 作图解, 阐明 vi. 举例说明"
17487,378,ems,em,s,AB,proper,mono,lemma-no-gloss,keep,紧急医疗服务（缩写）,他们（口语 them）,"扩展内存规范 [计] 电子邮件系统, 电子报文系统, 特快专递, 扩展内存规范",[计] 媒体用毕符 [化] 射气
17490,41324,displaced,displace,d,AB,mono,loan,form-more-frequent,keep,流离失所的；被取代的,取代；使离开家园,a. 位移的；无家可归的；被取代的,"vt. 移置, 替换, 转移"
17500,20000,indisposed,indispose,p,AB,,,form-more-frequent,keep,不愿意的；身体不适的,使不愿；使不适,"a. 厌恶的, 不舒服的, 不能的","vt. 使厌恶, 使不适当, 使不能"
17500,20100,lacerating,lacerate,i,AB,,,form-more-frequent,keep,撕裂般的；尖刻的,撕裂，割裂；伤害感情,"v. 撕伤, 刮伤( lacerate的现在分词 ); 伤害（感情等）","vt. 划破, 割破, 使痛心, 撕碎 a. 撕碎的, 受折磨的"
17525,18917,erupted,erupt,p,AB,mono,loan,form-more-frequent,keep,爆发；喷发（过去式）,爆发；喷发,v. 爆发( erupt的过去式和过去分词 ); 喷发; 突然发生; 出疹,vi. 爆发 vt. 喷出
17556,19790,swirling,swirl,i,AB,mono,mono,form-more-frequent,keep,旋转的；打旋的,旋转；打旋,n. 漩涡；涡流,"n. 漩涡, 涡动 vt. 使成漩涡 vi. 打漩, 盘绕, 眩晕"
17573,4243,spilt,spill,dp,A,mono,mono,src-a-only,?,洒出；溢出（过去式）,洒出；溢出,spill的过去式和过去分词,"n. 溢出, 溅出, 摔下, 溢出量, 木片, 小塞子 vt. 使溢出, 使散落, 洒, 使流出, 倒出, 使摔下 vi…"
17589,18297,tampons,tampon,s,AB,loan,loan,form-more-frequent,keep,卫生棉条（复数）,卫生棉条,n. （妇女月经时用的）卫生棉塞( tampon的名词复数 ) v. （妇女月经时用的）卫生棉塞( tampon的第三人…,"n. 塞子, 棉塞, 止血棉塞 vt. 用棉塞塞"
17613,35024,authorised,authorise,d,AB,loan,loan,form-more-frequent,keep,经授权的；认可的,授权；批准（英式拼写）,a. 授权的 v. 授权（authorise的过去式）,vt. 授权；批准；允许；委任（等于authorize）
17618,19651,urinating,urinate,i,AB,loan,loan,form-more-frequent,keep,排尿；小便,排尿；小便,"v. 排尿, 撒尿( urinate的现在分词 )","vi. 小便, 撒尿 [医] 排尿"
17626,1214,seasoning,season,i,B,loan,loan,src-b-only,?,调味品；佐料,季节；赛季,"n. 调味品, 作料, 佐料, 锻练 [化] 天然时效","n. 季节, 时节, 当令期, 时期 vt. 给...调味, 使成熟, 使老练, 缓和 vi. 变干燥"
17663,45509,encoded,encode,d,AB,loan,loan,form-more-frequent,keep,编码；加密,编码；加密,a. 编码的,vt. 把(电文、情报等)译成密码 [计] 编码
17741,34053,abrasions,abrasion,s,AB,loan,loan,form-more-frequent,keep,擦伤，磨损处,磨损；擦伤,n. 磨损( abrasion的复数形式 ); 擦伤处; <喻>摩擦; <地质>磨蚀（作用）,"n. 磨擦, 磨损, 磨损处 [化] 磨耗; 磨蚀"
17768,36407,loitering,loiter,i,AB,loan,loan,form-more-frequent,keep,闲荡，徘徊,闲逛；徘徊,[法] 游荡,"v. 闲荡, 虚度, 徘徊"
17794,18099,fireflies,firefly,s,AB,mono,mono,form-more-frequent,keep,萤火虫,萤火虫,n. 萤火虫( firefly的名词复数 ),n. 萤火虫
17797,21907,movers,mover,s,AB,loan,mono,form-more-frequent,keep,搬家工人；推动者,搬运工；提议者,n. （会议上的）提议人( mover的复数形式 ); 搬家工人; …走动的人; 兴旺发达的事物,"n. 移动的人, 原动力, 鼓动者"
17799,4938,plating,plate,i,B,loan,mono,src-b-only,?,镀层；电镀,盘子；板,"n. 电镀, 镀层, 金属外表的镀层, 装甲 [化] 喷镀","n. 碟, 盘子, 盆中物, 金属板, 图版, 金银餐具, 印版, 金属牌(照) vt. 镀金, 电镀, 用金属板固定,…"
17800,19200,festooned,festoon,d,AB,,,form-more-frequent,keep,饰以花彩的,给…饰以花彩,v. 花彩（装饰）( festoon的过去式和过去分词 ),n. 花彩 vt. 结彩于
17800,22600,pyrotechnics,pyrotechnic,s,AB,,,form-more-frequent,keep,烟火制造术；烟火表演,烟火的；炫技的,"n. 烟火制造术, 烟火使用","a. 烟火的, 令人眼花缭乱的, 夸大炫耀的"
17816,813,favored,favor,p,B,loan,loan,src-b-only,?,受青睐的；有利的,恩惠；帮助；赞成,"a. 有利的, 受惠的, 幸运的","n. 好意, 喜爱 vt. 赐予, 支持, 喜欢, 证实"
17824,20023,hoodlums,hoodlum,s,AB,mono,mono,form-more-frequent,keep,流氓；小混混（复数）,流氓；恶棍,"n. 流氓, 暴徒( hoodlum的复数形式 )","n. 暴徒, 年轻无赖"
17845,29408,slurring,slur,i,AB,mono,mono,form-more-frequent,keep,含糊地说； slur 的现在分词,污辱；含糊发音,n. 型芯粘合法,"n. 连音符, 诽谤, 玷污, 印刷模糊 vt. 草率地看过, 忽略, 含糊地念 vi. 模糊不清"
17935,4693,orphaned,orphan,p,B,loan,loan,src-b-only,?,成为孤儿的,孤儿,[计][修]孤立,"n. 孤儿 a. 无双亲的, 孤儿的 vt. 使成孤儿 [计] 弧体"
17944,8231,axes,ax,s,AB,mono,mono,homograph,?,斧头（复数）；轴（复数）,斧头；解雇,"pl. 斧头, 轴, 轴线 [计] 坐标轴","n. 斧头 vt. 用斧削或砍, 削减"
17944,5279,axes,axe,3,B,mono,mono,src-b-only|homograph,?,斧头（复数）；轴（复数）,斧头；削减,"pl. 斧头, 轴, 轴线 [计] 坐标轴","n. 斧, 斧头 vt. 削减(人员、经费、计划、机构等)"
17951,22067,henchmen,henchman,s,AB,mono,mono,form-more-frequent,keep,亲信；帮凶,亲信；帮凶,n. 追随者（henchman复数）；亲信；心腹,"n. 忠实追随者, 党羽, 跟踪者 [法] 亲信, 心腹, 顺从者"
17975,25371,fabricated,fabricate,d,AB,loan,loan,form-more-frequent,keep,捏造；制造,捏造；制造,"a. 焊接的；组合的, 装配式的","vt. 制造, 建造, 装配, 伪造"
17976,23365,grumbles,grumble,s,AB,mono,mono,form-more-frequent,keep,抱怨；咕哝,抱怨；咕哝,v. 抱怨( grumble的第三人称单数 ); 发牢骚; 咕哝; 发哼声,"n. 怨言, 满腹牢骚 vi. 抱怨, 发牢骚, 发隆隆声 vt. 抱怨"
17992,19085,fliers,flier,s,AB,mono,mono,form-more-frequent,keep,传单；飞行者,传单；飞行者,n. 飞行器驾驶员( flier的复数形式 ); 动作敏捷的人或动物; 速度很快的车辆; （产品的）宣传单,"n. 飞行者, 快船, 快车 [经] 投机买卖, 孤注一掷, 传单"
18020,6836,apps,app,3,AB,mono,loan,lemma-no-gloss,keep,应用程序,应用程序,"n. 应用程序, 应用软件；应用服务","[计] 应用, 应用程序; 相联并行处理器"
18038,21637,straits,strait,s,AB,loan,loan,form-more-frequent,keep,海峡；困境,海峡；困境,"n. [谓语用单数]海峡, 困难, 窘迫","n. 海峡, 困境 a. 困难的, 窘迫的, 狭窄的"
18050,24434,shoelaces,shoelace,s,AB,mono,mono,form-more-frequent,keep,鞋带（复数）,鞋带,n. 鞋带( shoelace的复数形式 ),n. 鞋带
18083,17440,phasers,phaser,s,AB,loan,mono,lemma-no-gloss,keep,相位器；激光枪（科幻）,相位器；激光枪,(phaser 的复数) [电] 相位器,[电] 相位器
18096,1743,hanks,hank,s,AB,proper,proper,lemma-proper,keep,汉克斯（姓氏）；一束（复数）,汉克（人名）；一束,n. 把数（hank的复数形式）；纵帆前缘帆环,"n. 一束, 一圈 vt. 用帆眼圈(将帆)系牢"
18194,19996,grownups,grownup,s,AB,mono,mono,form-more-frequent,keep,成年人（复数）,成年人,n. 成年人 a. 已长成的,n. 成年人
18197,19524,warts,wart,s,AB,mono,mono,form-more-frequent,keep,疣；瑕疵（复数）,疣；肉赘,n. 疣( wart的复数形式 ); 肉赘; <植>树瘤; 缺点,"n. 疣, 瘤 [医] 疣, 肉赘"
18205,19370,shards,shard,s,AB,mono,mono,form-more-frequent,keep,碎片（复数）,碎片；破片,n. （玻璃、金属或其他硬物的）尖利的碎片( shard的复数形式 ),"n. 陶瓷碎片, 鞘翅, 薄硬壳"
18230,21372,clippers,clipper,s,AB,mono,mono,form-more-frequent,keep,剪刀；快船队,快船；剪刀；修剪器,"n. 大剪刀, 修剪工具, 钳子, 轧刀",n. 大剪刀 [电] 截割器
18246,31062,anchovies,anchovy,s,AB,loan,loan,form-more-frequent,keep,凤尾鱼（复数）,鳀鱼；凤尾鱼,n. 凤尾鱼( anchovy的复数形式 ),n. 凤尾鱼；鳀鱼
18249,42998,warbling,warble,i,AB,mono,loan,form-more-frequent,keep,鸟鸣；颤声歌唱,鸟鸣；颤声唱,"v. 鸟鸣, 用柔和的颤声唱( warble的现在分词 )","n. 用颤音唱的歌, 鸟啭, 颤声 v. 鸟鸣, 用柔和的颤声唱"
18252,18853,ghouls,ghoul,s,AB,loan,loan,form-more-frequent,keep,食尸鬼（复数）,食尸鬼；恶鬼,n. 盗尸者( ghoul的复数形式 ),"n. 食尸鬼, 饿鬼, 盗墓者"
18253,23792,applicants,applicant,s,AB,loan,loan,form-more-frequent,keep,申请人（复数）,申请人；求职者,"n. 申请人, 求职人( applicant的复数形式 )","n. 申请者 [经] 申请人, 请求人, 谋事人"
18256,19450,critters,critter,s,AB,mono,mono,form-more-frequent,keep,小动物；家伙（复数）,（口）生物；小动物,"n. 动物( critter的复数形式 ); 人, （尤指）可怜的人",n. [方][谑]家畜；马；牛；[贬]人
18260,5699,canadians,canadian,s,AB,proper,proper,lemma-proper,keep,加拿大人（复数）,加拿大的；加拿大人,n. 加拿大人（Canadian的复数）,a. 加拿大的
18360,19628,ranting,rant,i,AB,mono,mono,form-more-frequent,keep,咆哮；大声抱怨,咆哮；抱怨,v. 夸夸其谈( rant的现在分词 ); 大叫大嚷地以…说教; 气愤地)大叫大嚷; 不停地大声抱怨,"v. 咆哮, 痛骂 n. 咆哮, 大话"
18370,20305,litres,litre,s,AB,loan,loan,form-more-frequent,keep,升（容量单位，复数）,升（容量单位）,n. 升( litre的复数形式 ),"n. 升, 公升 [计] 升"
18376,20135,abolished,abolish,d,AB,loan,loan,form-more-frequent,keep,废除；取消（过去式）,废除；取消,v. 彻底废除；摧毁（abolish的过去分词） a. 废除的,"vt. 废止, 革除, 消灭 [经] 废除, 取消, 裁撤"
18400,21600,stupefied,stupefy,dp,AB,,,form-more-frequent,keep,惊呆的，麻木的,使惊呆，使麻木,"v. 使发呆, 使昏昏沉沉( stupefy的过去式和过去分词 ); 使惊讶; 木然","vt. 使麻醉, 使失去知觉, 使惊呆 [法] 使昏迷, 使失知觉, 使保若木鸡"
18400,21600,stupefying,stupefy,i,AB,,,form-more-frequent,keep,令人惊愕的，使人昏沉麻木的,使惊呆，使麻木,"v. 使发呆, 使昏昏沉沉( stupefy的现在分词 ); 使惊讶","vt. 使麻醉, 使失去知觉, 使惊呆 [法] 使昏迷, 使失知觉, 使保若木鸡"
18420,5577,untied,untie,p,B,mono,mono,src-b-only,?,解开（过去式）,解开；松开,"v. 松开, 解开( untie的过去式和过去分词 ); 解除, 使自由; 解决",vt. 解开 vi. 松开
18451,47609,tonsils,tonsil,s,AB,loan,loan,form-more-frequent,keep,扁桃体（复数）,扁桃体,n. 扁桃体( tonsil的复数形式 ),n. 扁桃体 [医] 扁桃体
18480,36157,utensils,utensil,s,AB,loan,loan,form-more-frequent,keep,器皿；用具（复数）,用具；器皿,"n. 器具, 用具, 器皿( utensil的名词复数 ); 器物","n. 器皿, 用具"
18495,32262,coerced,coerce,d,AB,loan,loan,form-more-frequent,keep,强迫；胁迫（过去式）,强迫；胁迫,v. 迫使做( coerce的过去式和过去分词 ); 强迫; （以武力、惩罚、威胁等手段）控制; 支配,"vt. 强制, 强迫"
18508,46709,depleted,deplete,d,AB,loan,loan,form-more-frequent,keep,耗尽的；枯竭的,耗尽；使枯竭,a. 废弃的；贫化的；耗尽的,"vt. 耗尽, 使衰竭 [医] 排除, 减少"
18531,4602,asians,asian,s,AB,proper,proper,lemma-proper,keep,亚洲人,亚洲的；亚洲人的,n. 亚洲人（Asian的复数）,"n. 亚洲人 a. 亚洲的, 亚洲人的"
18551,41528,spores,spore,s,AB,loan,loan,form-more-frequent,keep,孢子,孢子,n. （细菌、苔藓、蕨类植物）孢子( spore的复数形式 ) v. （细菌、苔藓、蕨类植物）孢子( spore的第三人…,n. 孢子 vi. 长孢子
18552,35927,orchestrated,orchestrate,d,AB,loan,loan,form-more-frequent,keep,精心安排；配管弦乐,精心安排；编配管弦乐,"v. 把（乐曲）编成管弦乐( orchestrate的过去式和过去分词 ); 和谐地安排, 精心策划",v. 编管弦乐曲
18579,26098,purring,purr,i,B,mono,mono,src-b-only|form-more-frequent,keep,发出呼噜声；低声说,发出呼噜声,[医] 猫喘音样的,"v. 呼噜呼噜叫, 发出喉音 n. 呼噜呼噜声"
18585,22205,loins,loin,s,AB,loan,loan,form-more-frequent,keep,腰部；下身,腰肉；腰部,"n. 耻骨区, 生殖器官, 腰与腿之间的部分","n. 腰部, 腰肉 [医] 腰[部]"
18600,19400,mispronounced,mispronounce,d,AB,,,form-more-frequent,keep,发音错误的；读错的,发音错误，读错音,v. 发错（词等的）音( mispronounce的过去式和过去分词 ),v. 发错音
18628,21436,stooges,stooge,s,AB,mono,mono,form-more-frequent,keep,捧场者；滑稽配角,捧哏；傀儡；跟班,"n. 喜剧里的配角或丑角, 助手, 伙伴( stooge的名词复数 )","n. 喜剧配角(或丑角), 下手, 助手 vi. 充当配角"
18631,19121,conversing,converse,i,AB,loan,loan,form-more-frequent,keep,交谈；谈话,交谈；谈话,"v. 交谈, 谈话( converse的现在分词 )","n. 相反的事物, 倒, 逆向 a. 相反的, 逆向的, 颠倒的 vi. 交谈, 谈话"
18633,19010,takers,taker,s,AB,mono,mono,form-more-frequent,keep,接受者；索取者,接受者；拿取者,n. 接受者；购买者（taker的复数）,"n. 取者, 捕者, 接受者, 收取者 [法] 受者, 收票人, 接受打赌的人"
18643,4195,harboring,harbor,i,B,mono,mono,src-b-only,?,窝藏；心怀,港口；避难所,vbl. 怀著,"n. 港, 避难所 v. 庇护, 藏匿, (使)入港停泊"
18686,21165,extremists,extremist,s,AB,loan,loan,lemma-no-gloss|form-more-frequent,keep,极端主义者,极端主义者,"n. 极端主义者, 偏激的人( extremist的复数形式 )",[经] 偏激份子
18689,2263,golfing,golf,i,B,mono,loan,src-b-only,?,打高尔夫球,高尔夫球,n. 打高尔夫球 vi. 打高尔夫球(golf的ing形式),n. 高尔夫球 vi. 打高尔夫球
18696,5896,debs,deb,s,AB,loan,proper,lemma-proper,keep,初入社交界的少女,黛布（女子名）,"德布斯(姓氏, 男子名)","n. 初上舞台的人, 初进社交界的女孩 [计] 数据扩充块"
18707,8839,ros,ro,s,AB,proper,proper,lemma-proper|lemma-no-gloss,keep,罗斯（人名）,罗（人名/音译）,abbr. 只读存储器（Read-Only-Storage）；活性氧（Reactive oxygen species）,[计] 只接收
18723,6926,cubans,cuban,s,AB,proper,proper,lemma-proper,keep,古巴人,古巴的；古巴人,n. 古巴人（Cuban的复数）,"a. 古巴的, 古巴人的 n. 古巴人"
18744,25083,contusions,contusion,s,AB,loan,loan,form-more-frequent,keep,挫伤；瘀伤,挫伤；瘀伤,"n. 挫伤, 擦伤, 撞伤( contusion的复数形式 )","n. 捣碎, 碾碎, 挫伤 [医] 挫伤"
18766,36696,carbs,carb,s,AB,mono,mono,form-more-frequent,keep,碳水化合物,碳水化合物（口语）,(carb 的复数) n. [汽车]汽化器,n. [汽车]汽化器
18792,29788,bellowing,bellow,i,AB,mono,mono,form-more-frequent,keep,怒吼；大声咆哮,怒吼；大声喊叫,"v. 发出吼叫声, 咆哮（尤指因痛苦）( bellow的现在分词 ); （愤怒地）说出（某事）, 大叫",v. 怒吼
18836,20800,circumcised,circumcise,d,AB,loan,,form-more-frequent,keep,受过割礼的,环切；行割礼,v. <医>割除…包皮（由于宗教或健康理由）( circumcise的过去式和过去分词 ),"vt. 割除...的包皮, 对...进行环切术, 割除...的阴蒂, 净(心)"
18843,23498,pellets,pellet,s,AB,loan,loan,form-more-frequent,keep,小球；弹丸,小球；丸；弹丸,n. 小球( pellet的复数形式 ); 小弹丸; 坚硬小球或小丸; 珠形炸弹,"n. 颗粒状物, 小子弹, 小药丸 vt. 使成颗粒, 使成团, 用子弹打"
18849,37255,antidepressants,antidepressant,s,AB,loan,loan,form-more-frequent,keep,抗抑郁药,抗抑郁药,抗抑郁药,"a. 抗抑郁的 n. 抗抑制(药), 抗抑郁剂"
18862,24014,pampered,pamper,d,AB,mono,mono,form-more-frequent,keep,娇生惯养的,纵容；娇惯,"a. 饮食过量的, 饮食奢侈的 v. 纵容, 宠, 娇养( pamper的过去式和过去分词 )","vt. 放纵, 使吃饱, 使过量"
18892,20100,psychopaths,psychopath,s,AB,loan,,form-more-frequent,keep,精神病患者,精神变态者,"n. 精神变态者, 精神病患者( psychopath的复数形式 )","n. 精神病患者, 精神变态者 [医] 精神变态者, 变态人格者"
18900,15200,convening,convene,i,B,,,src-b-only,?,召集；召开,召集，召开,v. 召开( convene的现在分词 ); 召集; （为正式会议而）聚集; 集合,"vt. 集合, 召集, 召唤 vi. 聚集, 集合"
18928,5028,sunken,sink,d,A,mono,mono,src-a-only,?,沉没的；凹陷的,水槽；下沉,"a. 沉没的, 下凹的 sink的过去分词","n. 藏垢的场所, 沟渠, 污水槽 vi. 下沉, 沉没, 下陷, 减弱, 衰退, 消沉, 堕落, 渗透 vt. 使低落…"
18949,7592,costas,costa,s,AB,proper,proper,lemma-proper,keep,科斯塔斯（男子名/姓氏）,科斯塔（人名/地名）,[人名] 科斯塔斯,"n. 肋骨, 肋脉, 叶的中脉 [医] 肋"
18979,18100,subdued,subdue,d,B,loan,loan,src-b-only,?,被制服的；柔和的,制服；征服,"a. 屈服的, 被抑制的, 减弱的, 柔和的","vt. 使服从, 压制, 减弱, 抑制, 克制"
18993,19716,constitutes,constitute,3,AB,loan,loan,form-more-frequent,keep,构成；组成（第三人称单数）,构成；组成,v. 组成；构成（constitute的单三形式）,"vt. 构成, 组成, 任命 [建] 构造, 组成"
18994,19139,installments,installment,s,AB,loan,loan,form-more-frequent,keep,分期付款；连载（复数）,分期付款；一期,n. 部分( installment的复数形式 ),"n. 就职, 装设, 分期付款 [经] 分期付款"
19000,20100,contravening,contravene,i,AB,,,form-more-frequent,keep,违反，抵触（现在分词）,违反，抵触,"v. 取消, 违反( contravene的现在分词 )","vt. 违反, 触犯, 否认, 反驳, 抵触, 与...冲突 [法] 触法, 违反, 否定"
19019,27609,leaflets,leaflet,s,AB,mono,mono,form-more-frequent,keep,传单；小叶,传单；小册子,"n. 传单, 散页印刷品( leaflet的复数形式 )","n. 小叶, 传单 [医] 小叶"
19039,6941,sas,sa,s,AB,proper,proper,lemma-proper|lemma-no-gloss,keep,SAS（英国特种空勤团）,萨（人名/缩写）,[计] 单一连接站,"救世军, 南非, 南美, 南澳大利亚, 性的魅力, 性感 [计] 源地址, 结构分析, 系统分析"
19043,20476,entrees,entree,s,AB,loan,loan,form-more-frequent,keep,主菜；入场权,主菜；入场权,n. <法>入场权( entree的复数形式 ); <美>主菜,"n. 入场许可, 主菜"
19059,25321,dozed,doze,p,AB,mono,mono,form-more-frequent,keep,打瞌睡；小睡,打盹；小睡,"v. 打盹儿, 打瞌睡( doze的过去式和过去分词 )","vi. 打瞌睡, 假寐 vt. 打瞌睡度过 n. 瞌睡"
19077,7660,bikinis,bikini,s,AB,loan,proper,lemma-proper,keep,比基尼泳装,比基尼泳装,n. 比基尼（bikini的复数）,"n. 大爆炸, 比基尼泳装"
19086,23211,scorching,scorch,i,AB,mono,mono,form-more-frequent,keep,灼热的；酷热的,烧焦；烤焦,"a. 灼热的, 激烈的 [化] 焦烧; 过早硫化","n. 烧焦, 枯萎 v. 烧焦, 拷焦, (使)枯萎, 讽刺"
19123,21548,graders,grader,s,AB,mono,mono,form-more-frequent,keep,评分者；某年级学生,评分者；年级生,分级机 分类机 …年级学生 [建] 平地机（grader的复数）,"n. 把东西分类别的人/机器, 平路机, 推土机"
19142,23211,scorched,scorch,d,AB,mono,mono,form-more-frequent,keep,烧焦；烤焦,烧焦；烤焦,"n. 焦头烂额；烧焦, 烤焦","n. 烧焦, 枯萎 v. 烧焦, 拷焦, (使)枯萎, 讽刺"
19164,32000,helpers,helper,s,AB,mono,,form-more-frequent,keep,帮手；助手（复数）,助手；帮手,n. 辅助物体；助理工人（helper的复数）,"n. 帮忙者, 有益的东西 [机] 助手"
19181,8337,sawing,saw,i,AB,mono,mono,homograph,?,锯；拉锯（saw的现在分词）,锯子,[机] 锯解,"n. 锯子, 谚语 vt. 锯, 锯开, 来回移动 vi. 拉锯, 移动 see的过去式"
19186,23871,groping,grope,i,AB,mono,mono,form-more-frequent,keep,摸索；猥亵（grope的现在分词）,摸索；猥亵,a. 暗中摸索的；探索的,v. 摸索 n. 摸索
19311,856,gassed,gas,p,B,mono,loan,src-b-only,?,用毒气攻击；加油（过去式）,气体；汽油,"a. 中毒气毒的, 喝醉酒的 [医] 气体中毒的, 中毒气的","n. 气体, 汽油, 瓦斯 [化] 气体; 煤气; 瓦斯; 毒气"
19340,25349,tryouts,tryout,s,AB,mono,mono,form-more-frequent,keep,选拔赛；试演（复数）,选拔赛；试演,n. 试验( tryout的复数形式 ); 试用; 选拔赛; 试演,"n. 试验, 试用, 选拔赛"
19341,31628,ravaged,ravage,p,AB,loan,loan,form-more-frequent,keep,毁坏；蹂躏（过去式）,毁坏；蹂躏,v. 毁坏( ravage的过去式和过去分词 ); 蹂躏; 劫掠; 抢劫,"n. 破坏, 蹂躏 v. 毁坏, 破坏, 掠夺"
19349,8934,englishmen,englishman,s,AB,proper,proper,lemma-proper,keep,英格兰人（复数）,英格兰人；英国男人,n. 英国人（Englishman的复数）,n. 英国人
19353,19708,prawns,prawn,s,AB,mono,mono,form-more-frequent,keep,对虾；明虾（复数）,对虾；明虾,"n. 对虾, 明虾( prawn的复数形式 )","n. 明虾, 对虾 vi. 捕虾"
19363,23737,bowers,bower,s,AB,mono,mono,form-more-frequent,keep,凉亭；树荫处（复数）,凉亭；树荫处,n. 英国宝禾（一家生产测试测量仪器和材料性能检测设备的跨国集团公司）；鲍尔斯（姓氏）,"n. 凉亭, 树阴处"
19380,29626,anointed,anoint,d,AB,loan,loan,form-more-frequent,keep,涂油；任命（过去式）,涂油；施膏,"基督, 救世主","vt. 涂油, 施以涂油礼 [医] 涂油膏"
19400,35921,suckling,suckle,i,AB,,mono,form-more-frequent,keep,乳儿；哺乳中的幼兽,哺乳；吮吸,"n. 乳儿, 乳臭未干的小子","vt. 哺乳, 养育, 吮吸 [医] 哺乳"
19411,29709,pores,pore,s,AB,mono,loan,form-more-frequent,keep,毛孔；气孔,毛孔；气孔,n. 气孔；毛穴（pore的复数）,"n. 毛孔, 小孔, 气孔 vi. 专心阅读, 细想, 钻研, 沉思, 注视 vt. 使注视得"
19451,28592,shears,shear,s,AB,mono,mono,form-more-frequent,keep,大剪刀,剪（羊毛）；剪切,n. 大剪刀 [化] 剪床; 剪切机,"n. 修剪, 剪下的东西, 大剪刀, 切变, 剪切机, 切 vt. 修剪, 割, 剥夺, 横越, 削剪 vi. 剪, 修…"
19455,29050,mistreated,mistreat,d,AB,mono,mono,form-more-frequent,keep,虐待；苛待,虐待；苛待,v. 虐待( mistreat的过去式和过去分词 ),"vt. 虐待 [法] 虐待, 苛待"
19459,26652,lesions,lesion,s,AB,loan,loan,form-more-frequent,keep,损伤；病变,损伤；病变,"n. 损害, 损伤( lesion的复数形式 ); 身体器官组织的损伤","n. 损害, 身体上的伤害 [医] 损害"
19463,37176,uplifting,uplift,i,AB,mono,mono,form-more-frequent,keep,令人振奋的,提升；鼓舞,a. 令人振奋的; 使人开心的 v. 举起(uplift的现在分词),"n. 抬起, 道德的向上, 精神的高涨 vt. 提高, 抬起 vi. 上升"
19472,20835,bureaucrats,bureaucrat,s,AB,loan,loan,form-more-frequent,keep,官僚；官僚主义者,官僚；官员,n. 官僚( bureaucrat的复数形式 ); 官僚主义; 官僚主义者; 官僚语言,"n. 官僚作风的人, 官僚, 官僚主义者 [法] 官僚, 官僚作风的人"
19482,35040,bawling,bawl,i,AB,mono,mono,form-more-frequent,keep,大声哭喊；叫嚷,大声哭；喊叫,vi. 大叫；放声痛哭 vt. 大声叫出；大声宣布；叫卖 n. 叫骂声,n. 大叫声 v. 大叫
19488,5263,anchored,anchor,p,B,loan,mono,src-b-only,?,抛锚；固定；使稳定,锚；主播,a. 固定的；抛锚的,"n. 锚 vt. 抛锚停泊, 使固定 [计] 锚"
19491,37681,antlers,antler,s,AB,loan,loan,form-more-frequent,keep,鹿角（复数）,鹿角,n. 鹿角( antler的复数形式 ); 角枝,n. 鹿角
19500,20000,foreboding,forebode,i,AB,,,form-more-frequent,keep,预感，凶兆,预示，预感到（不祥之事）,"n. 预感, 先兆, 预兆","v. 预示, 预兆, 预感"
19542,32781,lakers,laker,s,AB,proper,mono,form-more-frequent,keep,湖人队（洛杉矶篮球队）,湖人队球员；湖鱼,n. 湖人队（美国篮球队名）,"n. 湖畔派诗人；习惯于在湖上居住（或工作, 航行）的人；湖鱼（尤指鲑鱼）；湖船（尤指北美洲五大湖上的船）"
19551,20977,backfired,backfire,d,AB,mono,mono,form-more-frequent,keep,适得其反；逆火,适得其反；逆火,v. （内燃机等）发生逆火( backfire的过去式和过去分词 ); 发生回火; （枪炮）向后爆发; 发生意外,"n. 逆火, 回火, 放火 vi. 放逆火, 预先放火, 发生意外"
19556,22103,coveted,covet,p,B,loan,loan,src-b-only|form-more-frequent,keep,垂涎；渴望得到,贪求；垂涎,"a. 令人垂涎的; 垂涎的, 梦寐以求的 v. 贪求, 觊觎(covet的过去分词); 垂涎; 贪图","v. 妄想, 垂涎"
19585,24366,workmen,workman,s,AB,mono,mono,form-more-frequent,keep,工人（复数）,工人；工匠,"工人, 工匠, 工作者, 体力劳动者","n. 工人, 工匠, 男工"
19591,15188,yorkers,yorker,s,AB,proper,proper,lemma-proper,keep,约克人；约克郡人,约克郡人；投球,"n. (板球中投手投出的球恰好落在击球员前面的)脚前球, 球板前球",n. 贴板球
19592,3581,jenner,jen,r,AB,proper,proper,lemma-proper,keep,詹纳（姓氏）,珍（人名）,"詹纳(①姓氏 ②Edward, 1749-1823, 英国医生, 种痘法的首创者 ③William, 1815-1898…",n. 珍（女子名）
19606,425,jacking,jack,i,AB,mono,proper,lemma-proper,keep,用千斤顶顶起；劫持（现在分词）,杰克（人名）；千斤顶,v. 顶托；提高；用篝灯猎捕；训斥（jack的现在分词）,"n. 插座, 千斤顶, 男人 vt. 抬起, 提醒, 扛举, 增加, 提高, 放弃 a. 雄的 [计] 插座"
19626,42897,inhibitions,inhibition,s,AB,loan,loan,form-more-frequent,keep,抑制；拘谨（复数）,抑制；拘谨,n. 抑制( inhibition的复数形式 ); 顾虑; 抑制力; [生]（酶的）抑制作用,"n. 禁止, 抑制, 压抑 [计] 禁止"
19653,35455,dinars,dinar,s,AB,loan,loan,form-more-frequent,keep,第纳尔（货币，复数）,第纳尔（货币）,n. 第纳尔（南斯拉夫、伊拉克及阿尔及利亚等国的货币单位）( dinar的复数形式 ),n. 第纳尔(南斯拉夫、伊拉克的货币单位)
19683,24497,degraded,degrade,d,AB,loan,loan,form-more-frequent,keep,退化的；降级的,降低；使丢脸,"a. 被降级的, 落泊的, 退化的","v. (使)降级, (使)退化"
19694,21510,dazed,daze,d,AB,mono,mono,form-more-frequent,keep,茫然的；头昏眼花的,恍惚；眩晕,"a. 头昏的, 眼花的 [医] 茫然的, 迷乱的","vt. 使茫然, 使发昏, 使眼花缭乱 n. 迷乱, 眼花缭乱"
19720,33283,displeased,displease,p,B,loan,loan,src-b-only|form-more-frequent,keep,不悦的；不满的,使不快；惹恼,a. 不快的；生气的,"v. 使不愉快, 使(人)生气"
19725,19957,cossacks,cossack,s,AB,loan,loan,form-more-frequent,keep,哥萨克人,哥萨克人,n. 哥萨克人；哥萨克骑手(或骑兵) a. 哥萨克的；哥萨克人的,"n. 哥萨克, 武装镇压队队员, 哥萨克轻骑兵, 哥萨克人 a. 哥萨克的, 哥萨克人的"
19732,6794,canvassing,canvas,i,AB,mono,loan,homograph,?,拉票；游说,帆布；画布,v. （在政治方面）游说( canvass的现在分词 ); 调查（如选举前选民的）意见; 为讨论而提出（意见等）; 详细…,"n. 帆布, 画布, 油画 [化] 帆布"
19732,16210,canvassing,canvass,i,B,mono,mono,src-b-only|homograph,?,拉票；游说,拉票；游说；调查,v. （在政治方面）游说( canvass的现在分词 ); 调查（如选举前选民的）意见; 为讨论而提出（意见等）; 详细…,"n. 细查, 讨论, 游说 vt. 彻底检查, 向...拉票或拉生意, 讨论 vi. 游说"
19753,24810,shimmering,shimmer,i,B,mono,mono,src-b-only|form-more-frequent,keep,闪烁的；微微发光的,闪烁；微微发亮,"v. 闪闪发光, 发微光( shimmer的现在分词 )","n. 微光, 闪光 vi. 闪烁 vt. 使闪烁"
19758,41019,mangled,mangle,d,AB,mono,loan,form-more-frequent,keep,被压碎的；损坏的,撕裂；压碎,vt. 乱砍（mangle的过去式与过去分词形式）,"vt. 乱砍, 损坏, 轧布 n. 轧布机"
19766,21320,pesticides,pesticide,s,AB,loan,loan,form-more-frequent,keep,杀虫剂；农药,杀虫剂；农药,n. 杀虫剂( pesticide的复数形式 ); 除害药物,n. 杀虫剂 [化] 农药
19789,24582,scones,scone,s,AB,loan,loan,form-more-frequent,keep,司康饼,司康饼,"n. 烤饼, 烤小圆面包( scone的复数形式 )",n. 烤饼
19800,27000,annals,annal,s,AB,,,form-more-frequent,keep,编年史；年鉴,（按年记录的）年鉴条目；编年记载,"n. 编年史, 活动年报, 历史",n. 记录；编年史
19800,29555,foregoing,forego,i,B,,mono,src-b-only|form-more-frequent,keep,前述的，上述的,放弃；先行,"a. 前面的, 先前的, 前述的","vt. 放弃, 在...之前, 居先"
19805,3058,buzzed,buzz,p,B,mono,mono,src-b-only,?,嗡嗡叫；按门铃（过去式）,嗡嗡声；嘈杂,"v. 发出嗡嗡声( buzz的过去式和过去分词 ); （发出）充满兴奋的谈话声[闲话, 谣言]; 忙乱, 急行; 用蜂鸣…","n. 嗡嗡声, 流言 vi. 发出嗡嗡声, 说闲话 vt. 使嗡嗡叫, 散布"
19823,30686,empowered,empower,d,AB,loan,loan,form-more-frequent,keep,授权；使有能力（过去式）,授权；使强大,v. 授权( empower的过去式和过去分词 ); 准许; 增加（某人的）自主权; 使控制局势,"vt. 授予权力, 允许, 使能够 [法] 授权, 准许, 转委"
19826,6380,australians,australian,s,AB,proper,proper,lemma-proper,keep,澳大利亚人（复数）,澳大利亚的；澳洲人,n. 澳大利亚人( Australian的复数形式 ),"n. 澳大利亚人 a. 澳大利亚的, 澳洲的, 澳洲人的"
19831,32998,foretold,foretell,p,B,mono,mono,src-b-only|form-more-frequent,keep,预言；预示（过去式）,预言；预示,foretell的过去式和过去分词,"vt. 预言, 预告, 预示"
19835,22757,dimples,dimple,s,AB,mono,mono,form-more-frequent,keep,酒窝（复数）,酒窝；凹痕,"n. 酒窝, 笑窝( dimple的名词复数 )","n. 酒窝, 涟漪 vt. 使起涟漪"
19849,36395,constituents,constituent,s,AB,loan,loan,form-more-frequent,keep,选民；成分（复数）,成分；选民,n. 成分（constituent的复数）,"n. 成分, 选民, 构成物 a. 构成的, 组织的, 选举的"
19854,34292,bagpipes,bagpipe,s,AB,mono,mono,form-more-frequent,keep,风笛,风笛,n. 风笛,n. 风笛
19871,21348,antiquities,antiquity,s,AB,loan,loan,form-more-frequent,keep,古物；古董（复数）,古代；古物,n. 古代史（书名）；古文明之战（游戏名）,"n. 古老, 古代, 古代人, 古物"
19909,25245,stifling,stifle,i,AB,mono,loan,form-more-frequent,keep,令人窒息的；闷热的,抑制；扼制；使窒息,"a. 令人窒息的, 发闷的","vt. 使窒息, 抑止, 扼杀 vi. 窒息, 被扼杀"
19913,21911,haters,hater,s,AB,mono,mono,form-more-frequent,keep,怀恨者；黑粉,憎恨者；黑粉,n. 怀恨在心者( hater的复数形式 ),n. 怀恨者
19930,21834,laborers,laborer,s,AB,loan,loan,form-more-frequent,keep,劳动者；工人,劳工；体力劳动者,"n. 体力劳动者, 工人( laborer的复数形式 ); （熟练工人的）辅助工","n. 体力劳动者, 辅助工 [机] 劳动者"
19935,24558,peddling,peddle,i,AB,mono,mono,form-more-frequent,keep,兜售；叫卖,兜售；叫卖,"a. 做小买卖的, 叫卖的, 琐碎的, 无关紧要的 n. 做小买卖","vi. 挑卖, 沿街叫卖, 游荡, 闲混 vt. 叫卖, 兜售, 散播"
19936,24714,shoppers,shopper,s,AB,mono,mono,form-more-frequent,keep,购物者；顾客,购物者,n. 购物者（shopper复数）,"n. 购物者 [经] 顾客, 购物的人"
19953,30543,gushing,gush,i,AB,mono,mono,form-more-frequent,keep,涌出的；滔滔不绝的,涌出；滔滔不绝,"a. 迸出的, 涌出的","n. 涌出, 滔滔不绝地讲话 v. 涌出, 迸出, 滔滔不绝的讲话"
20000,18500,biometrics,biometric,s,AB,,,lemma-no-gloss,keep,生物识别技术；生物统计学,生物测量的，生物识别的,"n. 生物统计学 [医] 生物统计学, 寿命预测(平均余命算定)",计量生物学
20000,23497,congest,cong,t,AB,,proper,lemma-proper|form-more-frequent,keep,使拥挤；使充血,孔（人名/地名）,"vt. 使充满, 使拥塞, 使充血 vi. 充塞, 充血, 拥挤","abbr. 会众的, 集会的（congregational）；代表大会, 国会（congress）；议会的, 国会的（c…"
20000,20100,lacerated,lacerate,d,AB,,,form-more-frequent,keep,撕裂的，割破的,撕裂，割裂；伤害感情,"a. 撕裂的, 割碎的,受伤的","vt. 划破, 割破, 使痛心, 撕碎 a. 撕碎的, 受折磨的"
20000,17900,orthodontics,orthodontic,s,AB,,,lemma-no-gloss,keep,口腔正畸学,牙齿矫正的,[医] 正牙学,[医] 牙正常的
20000,25000,schemata,schema,s,AB,,,form-more-frequent,keep,图式（schema 的复数）,图式，纲要，概要,"计划, 纲要, 图解, 修辞手段, (三段论法的)格","n. 概要, 图解, 略图 [计] 模式"
20026,39236,abrams,abram,s,AB,proper,proper,lemma-proper|form-more-frequent,keep,艾布拉姆斯（姓氏）,艾布拉姆（男子名）,n. 艾布拉姆斯（公司名称）,"n. 艾布拉姆（男子名, 等于Abraham）"
20067,7823,cloned,clone,p,B,loan,loan,src-b-only,?,克隆；复制,克隆；无性繁殖,v. （使某物）无性繁殖( clone的过去式和过去分词 ),n. 无性系 [计] 代用件
20141,22368,fatalities,fatality,s,AB,loan,loan,form-more-frequent,keep,死亡人数；致命事故,死亡；致命性,n. 恶性事故( fatality的名词复数 ); 死亡; 致命性; 命运,"n. 不幸, 厄运, 致命性, 死亡者, 厄运, 天命"
20199,11285,jagged,jag,p,B,mono,mono,src-b-only,?,锯齿状的；参差不齐的,尖刺；一阵；狂欢,a. 锯齿状的 [电] 锯齿形的,"n. 缺口, 突出端, 小伙子 vt. 使成缺口, 使成锯齿状 vi. 刺, 戳"
20203,20457,protons,proton,s,AB,mono,loan,form-more-frequent,keep,质子（复数）,质子,n. 质子( proton的复数形式 ),n. 质子 [化] 质子
20205,34611,ovaries,ovary,s,AB,mono,loan,form-more-frequent,keep,卵巢（复数）,卵巢,n. （妇女或雌性动物的）卵巢( ovary的名词复数 ); （植物的）子房,"n. 卵巢, 子房, 果核 [医] 卵巢, 子房"
20220,21059,clogs,clog,s,AB,mono,mono,form-more-frequent,keep,木屐；堵塞（复数或动词）,堵塞；木屐,"n. 木屐; 木底鞋, 木屐( clog的名词复数 ) v. （使）阻碍( clog的第三人称单数 )","n. 障碍, 脚坠 v. 障碍, 阻塞"
20233,306,partied,party,p,B,loan,loan,src-b-only,?,参加聚会（过去式）,聚会；政党,v. 为…举行社交聚会（party的过去式与过去分词形式）,"n. 宴会, 党, 政党, 团体, 当事人, 聚会 v. 举办聚会"
20269,26908,compiled,compile,d,AB,loan,loan,form-more-frequent,keep,编译；汇编（过去式）,编译；汇编,a. 编译的,"vt. 编译, 编辑, 编纂, 收集 [计] 编译"
20281,29138,unearthed,unearth,d,AB,mono,mono,form-more-frequent,keep,发掘；发现,发掘；发现,"a. 出土的（考古） v. 发掘或挖出某物( unearth的过去式和过去分词 ); 搜寻到某事物, 发现并披露","vt. 发掘, 掘出, 从洞中赶出, 揭露, 发现"
20298,21757,bolsheviks,bolshevik,s,AB,loan,loan,form-more-frequent,keep,布尔什维克,布尔什维克,n. 布尔什维克( Bolshevik的复数形式 ),"n. 布尔什维克, 激进分子"
20316,24021,gleaming,gleam,i,AB,mono,mono,form-more-frequent,keep,闪闪发光的,微光；闪光,"a. 闪闪发光的 v. （使）闪烁, （使）闪亮( gleam的现在分词 )","n. 光束, 微光, 反光 vi. 闪烁, 隐约地闪现 vt. 使发微光, 使闪烁"
20336,25075,kudos,kudo,s,AB,loan,loan,form-more-frequent,keep,赞扬；荣誉,赞扬；荣誉,"n. 称赞, 光荣, 荣誉","n. 奖赏, 光荣, 荣誉"
20338,21451,terrorizing,terrorize,i,AB,loan,loan,form-more-frequent,keep,恐吓；使恐惧,恐吓；使恐惧,v. 使恐怖( terrorize的现在分词 ); 使畏惧; 使用胁迫或暴力手段恐吓; 胁迫（某人做某事）,"vt. 使惊恐, 恐吓 vi. 实施恐怖统治"
20355,1277,styling,style,i,B,loan,loan,src-b-only,?,造型；款式设计,风格；样式,"n. 款式, 式样","n. 风格, 时尚, 文体, 风度, 字体, 类型 vt. 称呼, (根据新款式)设计, 使合潮流 n. 风格, 样式 …"
20377,21451,terrorized,terrorize,d,AB,loan,loan,form-more-frequent,keep,恐吓；使恐惧,恐吓；使恐惧,v. 使恐怖( terrorize的过去式和过去分词 ); 使畏惧; 使用胁迫或暴力手段恐吓; 胁迫（某人做某事）,"vt. 使惊恐, 恐吓 vi. 实施恐怖统治"
20380,31400,engulfed,engulf,p,AB,mono,mono,form-more-frequent,keep,吞没；淹没,吞没；淹没,"v. 吞没, 包住( engulf的过去式和过去分词 )","vt. 卷入, 吸进, 吞没, 使全神贯注"
20407,21204,scaffolding,scaffold,i,B,loan,loan,src-b-only|form-more-frequent,keep,脚手架；支架,脚手架；绞刑台,"n. 脚手架, 台架, (搭脚手架用的)支杆和木板, (喻)(论点等的)支柱 [化] 搭脚手架","n. 脚手架, 绞刑台 [化] 脚手架"
20409,15474,bots,bot,s,AB,loan,mono,lemma-no-gloss,keep,机器人程序；机器人,机器人程序,[医] 肤蝇[类]蛆病,"[计] 磁带开始标志, 计算机角色 [医] 肤蝇[类]幼虫"
20421,4611,blossoming,blossom,i,B,mono,mono,src-b-only,?,开花；绽放,花；开花期,v. （植物）开花( blossom的现在分词 ); 发展; 长成; 变得更加健康（或自信、成功）,"n. 花, 花开的状态, 兴旺期 vi. 开花, 兴旺, 发展"
20432,40706,cobwebs,cobweb,s,AB,mono,mono,form-more-frequent,keep,蜘蛛网,蜘蛛网,n. 蜘蛛网( cobweb的复数形式 ),"n. 蜘蛛网, 蛛丝, 混乱 vt. 使布满蛛网"
20436,24849,airmen,airman,s,AB,mono,mono,form-more-frequent,keep,飞行员；空军士兵,飞行员；空军士兵,n. 航空从业员；飞行员（airman的复数）,"n. 飞行员, 空军士兵"
20456,35578,stockholders,stockholder,s,AB,mono,mono,form-more-frequent,keep,股东,股东,n. 股东（stockholder的复数）,"n. 股东 [法] 股东, 股票持有者, 股票所有人"
20464,6543,trumpeting,trumpet,i,B,loan,loan,src-b-only,?,吹号；大声宣告,小号；喇叭,vt. 大声说出或宣告（trumpet的现在分词形式）,"n. 喇叭, 小号, 喇叭声 vi. 吹喇叭 vt. 用喇叭吹出, 吹嘘"
20512,19408,mongols,mongol,s,AB,proper,proper,lemma-proper,keep,蒙古人,蒙古人；蒙古族,n. 蒙古人( Mongol的名词复数 ),n. 先天愚型病患者
20523,22222,anklets,anklet,s,AB,mono,mono,form-more-frequent,keep,脚镯；短袜,脚链；短袜,n. 短袜；脚镣（anklet的复数）,"n. 短袜, 脚镯, 脚镣"
20552,23525,trinkets,trinket,s,AB,mono,mono,form-more-frequent,keep,小饰物；小玩意儿,小装饰品；小玩意儿,n. 小装饰品( trinket的复数形式 ); 小件饰物; 无价值的琐细杂物; 小玩意儿,"n. 小件饰物, 无价值的琐碎东西, 小玩意儿"
20570,46800,endearing,endear,i,B,mono,mono,src-b-only|form-more-frequent,keep,讨人喜欢的,使受喜爱,"a. 引起爱情的, 令人钟爱的, 可爱的","vt. 使受喜爱, 使受钟爱"
20598,34361,pheromones,pheromone,s,AB,loan,loan,lemma-no-gloss|form-more-frequent,keep,信息素；外激素,信息素；外激素,n. 信息素( pheromone的复数形式 ),[化] 性外激素; 信息激素
20602,26920,kinks,kink,s,AB,mono,mono,form-more-frequent,keep,扭结；怪癖,扭结；怪癖,n. 奇想乐队（乐队名）,"n. 扭结, 蜷缩 v. (使)扭结, (使)绞缠"
20619,23800,remanded,remand,d,AB,loan,,form-more-frequent,keep,还押；发回重审,还押候审；发回重审,v. <律>将…还押候审( remand的过去式和过去分词 ); 将…发回重审,"n. 遣回, 还押 vt. 遣回, 还押候审"
20623,22592,loafers,loafer,s,AB,mono,mono,form-more-frequent,keep,乐福鞋；懒人（复数）,懒人；乐福鞋,n. 虚度光阴者( loafer的复数形式 ); 游手好闲者; 无业游民; 平底便鞋,"n. 游手好闲的人, 懒人, 懒汉鞋 [法] 无业游民, 不务正业者, 二流子"
20638,22086,oozing,ooze,i,AB,mono,mono,form-more-frequent,keep,渗出；洋溢,渗出；慢慢流出,"v. （浓液等）慢慢地冒出, 渗出( ooze的现在分词 ); 使（液体）缓缓流出; （浓液）渗出, 慢慢流出","n. 渗流, 分泌物 v. 渗出, 泄漏"
20640,5516,avenging,avenge,i,B,loan,loan,src-b-only,?,报仇；复仇,报仇；复仇,a. 复仇的,"vt. 为...报复, 报仇"
20641,39055,etched,etch,d,AB,mono,mono,form-more-frequent,keep,蚀刻；铭刻,蚀刻；铭刻,"被侵蚀的, 被蚀刻的, 风化的","vt. 蚀刻, 蚀镂 vi. 施行蚀刻法 n. 腐蚀剂 [计] 刻蚀; 侵蚀"
20735,25840,consolidated,consolidate,d,AB,loan,loan,form-more-frequent,keep,合并的；巩固的,巩固；合并,a. 整理过的；巩固的；统一的,"vt. 巩固, 使联合, 统一 vi. 巩固 [计] 合并计算"
20761,26352,traffickers,trafficker,s,AB,loan,loan,form-more-frequent,keep,贩运者；非法交易者,贩子；非法交易者,"n. 商人, 贩子( trafficker的复数形式 ); 做（非法）买卖的人","n. 商人, 贩子 [法] 贩卖者, 买卖者, 商人"
20800,22000,encamped,encamp,d,AB,,,form-more-frequent,keep,扎营的；露宿的,扎营，露营,v. 扎营( encamp的过去式和过去分词 ),"vi. 扎营, 露营 vt. 使宿营"
20839,3971,formulas,formula,s,A,loan,loan,src-a-only,?,公式；配方（复数）,公式；配方,"pl. (专业术语)公式, 方案, 准则, 程式, 处方, 制造法, 配方, 惯用语句, 俗套话","n. 客套语, 公式, 准则 [计] 公式"
20842,14300,gratifying,gratify,i,B,loan,,src-b-only,?,令人满意的；使人高兴的,使满足，使高兴,"a. 悦人的, 令人满足的",vt. 使满足
20860,25414,symbolizes,symbolize,3,AB,loan,loan,form-more-frequent,keep,象征；代表（第三人称单数）,象征；代表,"v. 象征, 作为…的象征( symbolize的第三人称单数 )","vt. 符号化, 用符号表现 vi. 采用象征, 使用符号"
20861,26554,brainwashing,brainwash,i,AB,mono,mono,form-more-frequent,keep,洗脑,洗脑；强行灌输,n. 洗脑,n. 洗脑 vt. 对人洗脑
20887,21127,flickering,flicker,i,AB,mono,mono,form-more-frequent,keep,闪烁的；摇曳的,闪烁；颤动,"a. 闪烁的, 摇曳的, 微弱的 [计] 闪烁","n. 闪烁, 闪光, 颤动 vi. 闪动, 闪烁, 摇动, 扑动翅膀 vt. 使摇曳, 使闪烁"
20910,36762,inflamed,inflame,d,B,loan,loan,src-b-only|form-more-frequent,keep,发炎的；激动的,使发炎；激怒,"a. 红肿的, 发炎的","vt. 激怒, 点火, 激起 vi. 着火, 激动, 发炎"
20911,12800,inverted,invert,p,B,loan,,src-b-only,?,倒转的；反向的,倒置，颠倒；反转,"a. 倒转的, 反向的","a. 转化的 vt. 使反转, 使颠倒, 使转化 n. 颠倒的事物 [计] 倒置; 反转"
20937,22895,inflated,inflate,d,AB,loan,mono,form-more-frequent,keep,膨胀的；夸大的,充气；膨胀；抬高,"a. 膨胀的, 充了气的, 夸张的, 通货膨胀的","vt. 使膨胀, 使得意, 使通货膨胀, 使充气 vi. 充气, 膨胀"
20944,7004,muted,mute,d,B,loan,loan,src-b-only,?,柔和的；无声的,沉默的；哑的,"a. 变弱了的, 变柔和了的","n. 哑子, 哑音字母, 弱音器 a. 哑的, 无声的, 沉默的 vt. 减弱...的声音 vi. 排泄"
20965,45141,islanders,islander,s,AB,mono,mono,form-more-frequent,keep,岛民（复数）,岛民；岛上居民,n. 岛民( islander的复数形式 ),n. 岛民
20969,25755,deteriorating,deteriorate,i,AB,loan,loan,form-more-frequent,keep,恶化；退化,恶化；退化,"v. 恶化, 变坏( deteriorate的现在分词 )",v. (使)恶化
20971,21308,sprinklers,sprinkler,s,AB,mono,mono,form-more-frequent,keep,洒水器；喷水装置,洒水器；喷水装置,"n. 洒水器, 喷洒器( sprinkler的复数形式 ); （建筑物内的）自动喷水灭火装置","n. 洒水车, 洒水器"
20999,4981,stinging,sting,i,B,mono,mono,src-b-only,?,刺痛的；尖锐的,刺；蜇,"a. 刺人的, 刺一般的, 激烈的","n. 叮, 刺痛, 刺激, 讽刺 vt. 叮, 刺痛, 刺激, 使苦恼 vi. 叮, 刺痛"
21000,44693,assaying,assay,i,AB,,loan,form-more-frequent,keep,定量分析，化验,化验；测定；试验,[化] 试金; 分析矿物; 测定; 分析; 鉴定,"n. 试验, 化验, 分析 vt. 化验, 分析, 评价, 尝试 vi. 被验明内含成分"
21000,22300,innervated,innervate,d,AB,,,form-more-frequent,keep,受神经支配的；有神经分布的,使受神经支配；刺激,"a. [医]神经支配的 v. 使受神经支配, 促使（器官、肌肉等的）活动( innervate的过去式和过去分词 )","vt. 使受神经支配, 使神经分布于"
21000,38037,prattling,prattle,i,AB,,mono,form-more-frequent,keep,唠叨的；唠叨,唠叨；闲聊,v. （小孩般）天真无邪地说话( prattle的现在分词 ); 发出连续而无意义的声音; 闲扯; 东拉西扯,"vi. 小孩般说话, 闲聊, 胡说 vt. 天真地说 n. 闲扯, (小孩般)咿咿呀呀的话"
21011,46390,ailing,ail,i,B,mono,mono,src-b-only|form-more-frequent,keep,生病的；不景气的,使苦恼；生病,"a. 生病的 [医] 患病的, 病痛的","vt. 使苦恼 vi. 生病, 处境困难 [计] 数组互联逻辑"
21016,43908,specifications,specification,s,AB,loan,loan,form-more-frequent,keep,规格；详细说明,规格；说明书,"n. 规格, 规范, 明细单, 说明书, 详细的计划书","n. 规格, 详述, 详细说明书 [计] 规范; 形式说明; 说明; 说明书; 规格"
21036,1845,zoning,zone,i,B,loan,loan,src-b-only,?,分区规划；地带划分,地带；区域,n. 分区制 [医] 带现象(补体结合),"n. 地带, 带, 地区 vt. 环绕, 使分成地带 vi. 分成区 [计] 卡片顶部的三行区; 区; 区域"
21041,25245,stifled,stifle,p,AB,loan,loan,form-more-frequent,keep,扼制；使窒息,抑制；扼制；使窒息,堵,"vt. 使窒息, 抑止, 扼杀 vi. 窒息, 被扼杀"
21049,41645,raindrops,raindrop,s,AB,mono,mono,form-more-frequent,keep,雨滴,雨滴,"n. 雨点, 雨滴( raindrop的复数形式 )","n. 雨滴, 雨点"
21050,2600,wrought,work,d,A,mono,mono,src-a-only,?,锻造的；制成的,工作；起作用,"a. 制成的, 精细的 work的过去式和过去分词","n. 工作, 劳动, 职业, 行为, 功, 作品, 成果, 产品, 工程 vi. 工作, 劳动, 做, 运转, 起作用,…"
21105,6390,summoning,summon,i,AB,loan,loan,homograph,?,召唤；传唤（现在分词）,召唤；传唤,v. 传唤( summon的现在分词 ); 召唤; 传讯（出庭）; 鼓起（勇气）,"vt. 召唤, 召集, 号召, 振奋, 唤起, 鼓起 [经] 传唤, 传讯"
21105,10983,summoning,summons,i,B,loan,loan,src-b-only|homograph,?,召唤；传唤（现在分词）,传票；召唤,v. 传唤( summon的现在分词 ); 召唤; 传讯（出庭）; 鼓起（勇气）,"n. 召唤, 传唤, 召集, 传票 vt. 传唤, 唤出, 传到"
21130,86,downed,down,p,B,mono,mono,src-b-only,?,击落；喝下（过去式）,向下；下来,vbl. 击落,"a. 向下的 adv. 下, 下去, 降下 prep. 往下, 沿着 n. 丘陵, 软毛, 开阔的高地 [计] 向下, …"
21137,37028,ransacked,ransack,p,AB,loan,mono,form-more-frequent,keep,洗劫；翻遍（过去式）,洗劫；彻底搜查,"v. 彻底搜查( ransack的过去式和过去分词 ); 抢劫, 掠夺","vt. 到处搜索, 遍寻, 掠夺, 洗劫 [法] 洗劫, 抢劫, 掠夺"
21141,21292,skyscrapers,skyscraper,s,AB,mono,mono,form-more-frequent,keep,摩天大楼（复数）,摩天大楼,n. 摩天大楼( skyscraper的复数形式 ); 层楼高耸; 广厦高楼,"n. 摩天楼, 三角形天帆"
21174,23346,nodes,node,s,AB,loan,loan,form-more-frequent,keep,节点；结；淋巴结,节点；结,n. 节点（node的复数形式）,"n. 节, 结节, 瘤 [计] 节点; 结点"
21220,25228,tarnished,tarnish,d,AB,loan,loan,form-more-frequent,keep,失去光泽的；受损的,使失去光泽；败坏（名声）,v. 使生锈；沾污,"n. 失泽, 失泽膜, 污点 vt. 使失去光泽, 玷污 vi. 失去光泽, 被玷污"
21231,35450,conspirators,conspirator,s,AB,loan,loan,form-more-frequent,keep,阴谋者；共谋者,阴谋者；共谋者,"n. 共谋者, 阴谋家( conspirator的复数形式 )","n. 同谋者, 阴谋者, 反叛者 [法] 共谋者, 阴谋家"
21241,23170,quivering,quiver,i,AB,mono,mono,form-more-frequent,keep,颤抖的；微微震动的,颤抖；抖动,"a. 颤动的, 抖动的","n. 震动, 颤抖, 箭袋 vi. 颤抖, 振动 vt. 使颤动 a. 敏捷的"
21244,38553,cheekbones,cheekbone,s,AB,mono,mono,form-more-frequent,keep,颧骨（复数）,颧骨,"n. 面颊骨, 颧骨( cheekbone的复数形式 )",n. 颧骨
21282,15400,saturated,saturate,d,B,loan,,src-b-only,?,饱和的；浸透的,使饱和；浸透,"a. 饱和的, 渗透的 [医] 饱和的","vt. 使渗透, 浸透, 使充满, 使饱和 a. 浸透的, 饱和度高的, 深颜色的 n. 饱和化合物, 饱和脂肪酸"
21286,24919,smooches,smooch,3,AB,mono,mono,form-more-frequent,keep,亲吻（复数，口语）,接吻；拥吻,n. 接吻( smooch的名词复数 ) v. 接吻( smooch的第三人称单数 ),"n. 搂抱接吻, 污迹 vi. 搂抱着接吻 vt. 与...搂抱接吻, 弄脏"
21298,4655,boning,bon,i,AB,mono,proper,lemma-proper|homograph,keep,去骨；剔骨（现在分词）,邦（人名/地名）,n. 去(鱼)骨 [化] 测平法; 去骨; 施骨肥,a. （法）好的
21298,5295,boning,bone,i,B,mono,mono,src-b-only|homograph,?,去骨；剔骨（现在分词）,骨头；骨骼,n. 去(鱼)骨 [化] 测平法; 去骨; 施骨肥,"n. 骨头, 骨, 骨制品 vt. 剔骨 vi. 专心致志"
21305,13000,computing,compute,i,B,loan,,src-b-only,?,计算；计算机技术,计算，估算,[计] 计算,"v. 计算, 估算 n. 计算, 估算"
21343,29599,chomping,chomp,i,AB,mono,mono,form-more-frequent,keep,大声咀嚼（现在分词）,大声咀嚼,"v. 切齿, 格格地咬牙, 咬响牙齿( chomp的现在分词 )","vi. 使劲地嚼, 格格地咬"
21356,9699,constables,constable,s,AB,loan,proper,lemma-proper,keep,警察；巡官（复数）,康斯特布尔；英国风景画家,n. <英>警察( constable的复数形式 ),"n. 治安官, 警官, 总管 [法] 警察, 警官, 巡警"
21388,28060,hooters,hooter,s,AB,mono,mono,form-more-frequent,keep,汽笛；猫头鹰（复数）,汽笛；喇叭；猫头鹰,n. 汽笛( hooter的复数形式 ),"n. 呼喊的人, 汽笛, 号笛, 警笛"
21390,25229,browsing,browse,i,AB,mono,loan,form-more-frequent,keep,浏览；随意翻阅（现在分词）,浏览；随便翻阅,"[计] 浏览, 翻阅, 监视","v. 浏览, 吃草 n. 浏览, 吃草 [计] 浏览"
21395,23186,alluring,allure,i,AB,loan,loan,form-more-frequent,keep,诱人的；迷人的,魅力；诱惑力,"a. 吸引人的, 诱人的, 迷人的","vt. 引诱, 吸引 n. 魅力, 诱惑力"
21409,26509,occupants,occupant,s,AB,loan,loan,form-more-frequent,keep,居住者；占用者,居住者；占用者,n. 居住者；购买者；租赁人（occupant的复数）,"n. 占有者, 居住者, 占用者"
21423,15800,adjoining,adjoin,i,B,loan,,src-b-only,?,毗邻的；隔壁的,毗连，紧挨,"a. 邻接的, 毗连的 [机] 联接","v. 邻接, 毗连"
21494,24699,disbanded,disband,d,AB,loan,loan,form-more-frequent,keep,解散；遣散,解散；遣散,"v. （使）解散, 散伙, 解体( disband的过去式和过去分词 )","vt. 解散, 遣散 vi. 被解散"
21500,36863,signposted,signpost,d,AB,,mono,form-more-frequent,keep,有路标指示的；标记清楚的,路标；指示牌,"v. 指示牌, 标志杆( signpost的过去式和过去分词 ); 路标","n. 招牌柱, 广告柱, 路标"
21527,32889,salutations,salutation,s,AB,loan,loan,form-more-frequent,keep,问候；致意,招呼；问候语,n. 招呼( salutation的复数形式 ); 致意; 致敬; 信函中的称呼语,"n. 招呼, 寒喧, 问候"
21557,1085,docs,doc,s,AB,mono,mono,lemma-no-gloss,keep,文档；文件（口语）,医生；文档（口语）,n. 说明文件；文献,"[计] 通信部, 数字输出控制, 文档 [医] 脱氧皮质酮"
21625,30509,incinerated,incinerate,d,AB,loan,loan,form-more-frequent,keep,焚化；烧成灰,焚化；烧成灰,v. 把（废物）烧成灰烬( incinerate的过去式和过去分词 ),"vi. 烧成灰, 灰化 vt. 焚化"
21732,6987,twittering,twitter,i,AB,mono,proper,lemma-proper,keep,鸟鸣声；叽叽喳喳,推特（社交平台）；鸟鸣,n. 呢喃,"n. 啁啾, 唧唧喳喳声 vi. 啭, 啁啾, 颤抖 vt. 嘁嘁喳喳地讲, 抖动"
21762,23831,disowned,disown,d,AB,mono,mono,form-more-frequent,keep,否认；与…断绝关系,否认；与…断绝关系,"v. 否认, 否认与…有关系, 断绝与…的关系( disown的过去式和过去分词 )","vt. 否认 [计] 不认, 驱逐"
21788,23220,hoarding,hoard,i,AB,mono,mono,form-more-frequent,keep,囤积；广告牌,囤积；贮藏,"n. 贮藏, 积蓄, 囤积, 临时围墙 [经] 囤积","n. 贮藏物, 密藏的金钱 v. 囤积, 贮藏"
21836,6318,droning,drone,i,B,mono,mono,src-b-only,?,嗡嗡作响；单调地说,无人机；雄蜂,"a. 发嗡嗡声的, 声音低沉单调的","n. 雄蜂, 懒惰者, 嗡嗡的声音, 无人驾驶飞机(或船) vi. 嗡嗡作声, 混日子 vt. 低沉地说"
21856,30011,prancing,prance,i,AB,mono,loan,form-more-frequent,keep,腾跃；欢跃地走,腾跃；欢跃,v. （马）腾跃( prance的现在分词 ),"n. (马)腾跃, 昂首阔步 vi. 腾跃, 昂首阔步 vt. 使腾跃"
21875,36560,electrodes,electrode,s,AB,loan,loan,form-more-frequent,keep,电极（复数）,电极,n. 电极( electrode的复数形式 ),n. 电极 [化] 电极; 焊条; 电焊条
21904,32440,grappling,grapple,i,AB,mono,mono,form-more-frequent,keep,搏斗；努力应对,搏斗；努力应对,"=grapnel grappling iron (打捞用的)抓机, 爪钩","v. 抓住, 掌握 n. 抓住, 系紧, 掌握, 与...扭打"
21906,25846,misfits,misfit,s,AB,mono,mono,form-more-frequent,keep,不合群的人,不适应环境的人,"n. 不适应生活环境的人, 不善和别人共事的人( misfit的复数形式 )","n. 不适合, 不适合的东西, 不适应环境的人 vt. (衣着)对...不合身 vi. 不适合"
21908,22069,molesting,molest,i,AB,loan,loan,form-more-frequent,keep,骚扰；猥亵,骚扰；猥亵,v. 骚扰( molest的现在分词 ); 干扰; 调戏; 猥亵,"vt. 妨碍, 干扰, 调戏 [法] 调戏, 作弄, 恶意干涉"
21910,34806,strumming,strum,i,AB,mono,mono,form-more-frequent,keep,弹拨（琴弦）,弹拨（弦乐器）,v. （漫不经心地）弹（弦乐器）( strum的现在分词 ); （漫不经心地）弹拨,"n. 弹拨(声) v. 漫不经心地弹, 漫不经心地奏"
21969,24872,hitchhiking,hitchhike,i,AB,mono,mono,form-more-frequent,keep,搭便车旅行,搭便车旅行,v. 搭乘; <美><口>作搭便车式的旅行( hitchhike的现在分词 ),vi. 搭便车 vt. 要求(搭便车)
22000,41099,liven,lve,d,B,mono,proper,lemma-proper|src-b-only|form-more-frequent,keep,使活跃；使有生气,缩写/专名,"vt. 使高兴, 使快活 vi. 快活起来",[医][=left ventricular ejection]左心室射血
22003,31763,outdone,outdo,d,B,mono,mono,src-b-only|form-more-frequent,keep,胜过；超越（过去分词）,胜过；超越,outdo的过去分词,"vt. 超越, 胜过, 战胜"
22020,47269,perpetrated,perpetrate,d,AB,loan,loan,form-more-frequent,keep,犯（罪）；实施（过去式）,犯（罪）；施行,"v. 犯（罪）, 作（恶）, 做（坏事）( perpetrate的过去式和过去分词 )","vt. 做(恶), 犯(罪), 胡说, 恶劣地做 [法] 犯, 作, 行"
22095,27225,mathews,mathew,s,AB,proper,proper,lemma-proper|form-more-frequent,keep,马修斯（姓氏）,马修（男子名）,n. (Mathews)人名；(英)马修斯,n. 马修（男子名）
22114,3400,amazons,amazon,s,AB,proper,proper,lemma-proper,keep,亚马逊人；女战士,亚马孙；亚马逊,n. 奴役现象；亚马逊人；亚马逊鹦鹉；亚马逊女战士（Amazon的复数）,n. 亚马孙河 [医] 无乳腺者
22127,6786,routed,rout,d,AB,loan,loan,homograph,?,击溃；按路线发送,溃败,n. 已选择路径,"n. 溃败, 大败, 乌合之众, 盛大晚会 vt. 使溃败, 使败逃, 打垮, 用鼻拱, 挖起, 搜, 唤起 vi. 用…"
22127,1833,routed,route,p,B,loan,loan,src-b-only|homograph,?,击溃；按路线发送,路线；途径,n. 已选择路径,"n. 路径, 途径, 路线 vt. 确定路线, 按规定路线发送 [计] 传递, 路由设定程序"
22129,28582,haas,haa,s,AB,proper,mono,form-more-frequent,keep,哈斯（姓氏/品牌名）,哈（笑声/惊讶）,(HAA 的复数) abbr. 重型防空武器（Heavy Anti-Aircraft）,abbr. 重型防空武器（Heavy Anti-Aircraft）
22130,35344,affiliated,affiliate,d,AB,loan,loan,form-more-frequent,keep,隶属的；有关联的,使隶属；加入,a. 有关连的；附属的,"vt. 使紧密联系, 使附属, 接纳, 收养 vi. 发生联系, 参加"
22142,15543,mayans,mayan,s,AB,proper,proper,lemma-proper,keep,玛雅人,玛雅的；玛雅人,"n. 玛雅语; 玛雅人（Mayan的复数形式, 现在墨西哥及哥伦比亚等地的原住民）","a. 马雅人的, 马雅语的 n. 马雅人, 马雅语"
22171,24324,christened,christen,d,AB,loan,loan,form-more-frequent,keep,为…施洗礼；命名,为…施洗礼；命名,v. 在洗礼时为（某人）命名( christen的过去式和过去分词 ),"vt. 为...施洗礼, 命名"
22182,16434,tranquilizers,tranquilizer,s,AB,loan,loan,lemma-no-gloss,keep,镇静剂；安定药,镇静剂,n. 镇定剂；使镇定的人或物,"[医] 安定药, 镇定药"
22192,36233,demeaning,demean,i,B,loan,loan,src-b-only|form-more-frequent,keep,贬低的；有辱人格的,贬低；使失尊严,a. 降低身份的；有损人格的,"vt. 贬低身分, 贬损"
22194,22556,jangling,jangle,i,AB,loan,loan,form-more-frequent,keep,发出刺耳声；使烦躁,发出刺耳声；使烦躁,"v. 铁器相碰发出刺耳的声音( jangle的现在分词 ); 烦扰, 刺激神经","v. 吵架, (使)发出刺耳声 n. 吵嚷, 刺耳声, 空谈"
22238,22596,flogged,flog,d,AB,mono,mono,form-more-frequent,keep,鞭打；抽打,鞭打；出售（俚语）,v. 滥用( flog的过去式和过去分词 ); <非正>出售; 多次重打; 鞭策死马,"vt. 鞭打, 鞭策, 严厉的批评, 迫使"
22250,36784,embroidered,embroider,p,AB,loan,loan,form-more-frequent,keep,刺绣；渲染,刺绣；添枝加叶,a. 绣花的；刺绣的,"vt. 刺绣, 镶边, 装饰 vi. 绣花"
22278,25805,carnations,carnation,s,AB,loan,loan,form-more-frequent,keep,康乃馨；肉色,康乃馨；淡红色,"n. 麝香石竹, 康乃馨( carnation的复数形式 )","n. 康乃馨, 粉红色 [医] 肉色, 天然肉色"
22296,12777,iranians,iranian,s,AB,proper,proper,lemma-proper,keep,伊朗人（复数）,伊朗的；伊朗人,n. 伊朗人（Iranian的复数形式）,"a. 伊朗的, 伊朗语系的 n. 伊朗人, 伊朗语"
22303,1935,tanked,tank,p,B,mono,loan,src-b-only,?,惨败；暴跌,坦克；水箱,"a. 放在槽/箱/柜内的, (非正式)喝醉的","n. 槽, 箱, 柜, 罐, 池塘, 储水池, 坦克 vt. 储于箱中"
22323,28171,alterations,alteration,s,AB,loan,loan,form-more-frequent,keep,改动；修改（复数）,改变；修改,n. 改变；变更；服装修改（alteration的复数）,"n. 变更, 改动 [医] 变更"
22354,8037,shined,shine,dp,A,mono,mono,src-a-only,?,发光；擦亮（过去式）,发光；照耀；擦亮,shine的过去式和过去分词,"n. 光泽, 阳光 vt. 使发光 vi. 照耀, 发光, 发亮"
22435,11612,uploading,upload,i,AB,mono,mono,lemma-no-gloss,keep,上传,上传,v. 上传；上载（upload的ing形式）,"[计] 上装, 加载, 储入"
22444,2880,waltzing,waltz,i,B,loan,loan,src-b-only,?,跳华尔兹；轻快旋转,华尔兹；跳华尔兹,"v. 与…跳华尔兹舞( waltz的现在分词 ); 强拉, 硬拖; 轻快地走动; 旋转","n. 华尔兹舞, 圆舞曲 a. 华尔兹舞的, 圆舞曲的 vi. 跳华尔兹舞, 轻快地走动 vt. 与...跳华尔兹舞, …"
22460,36092,wheezes,wheeze,s,AB,mono,mono,form-more-frequent,keep,喘息；呼哧作响,喘息；喘鸣,"n. 喘息声( wheeze的名词复数 ) v. 喘息, 发出呼哧呼哧的喘息声( wheeze的第三人称单数 )","vi. 喘气 vt. 喘息着说 n. 喘气声, 喘息"
22462,48,willed,will,p,B,mono,mono,src-b-only,?,立遗嘱赠与；意志驱使,将；会（助动词）,a. 有...意志的,"n. 意志, 决心, 意愿, 意向, 干劲, 遗嘱 vt. 用意志的力量驱使, 决意, 愿意, 立遗嘱 vi. 下决心,…"
22467,450,warring,war,i,B,mono,mono,src-b-only,?,交战的；敌对的,战争,"a. 交战的, 敌对的, 冲突的 [法] 战争, 敌对行为","n. 战争, 战争状态, 战术, 军事, 冲突, 斗争, 竞争 vi. 进行战争, 作战, 打仗, 战斗 a. 战争的,…"
22514,3308,conning,con,i,AB,mono,loan,homograph,?,欺骗；诈骗,骗局；反对,"v. 诈骗, 哄骗( con的现在分词 ); 指挥操舵( conn的现在分词 )","vt. 精读, 仔细研究, 默记 adv. 反面地, 从反面 a. 欺诈的 n. 反对者, 反对票, 肺结核 [计] 控…"
22514,23488,conning,conn,i,B,mono,mono,src-b-only|form-more-frequent|homograph,keep,欺骗；诈骗,指挥操舵；驾船,"v. 诈骗, 哄骗( con的现在分词 ); 指挥操舵( conn的现在分词 )",vt. 指挥操舵 n. 指挥操舵
22540,5869,tater,tate,r,AB,mono,proper,lemma-proper,keep,土豆（口语）,泰特（姓氏）,[口]=potato,n. 塔特（姓氏）
22564,11973,kes,ke,s,AB,proper,proper,lemma-proper,keep,凯斯（人名/缩写）,柯（音译名/姓氏）,(ke 的复数) abbr. 动能（kinetic energy）；键入错误（Key Error）,abbr. 动能（kinetic energy）；键入错误（Key Error）
22579,24089,castrated,castrate,d,AB,loan,loan,form-more-frequent,keep,被阉割的,阉割,"a. [医]去势的, 阉割的, 去雄的 v. 阉割（动物、人）( castrate的过去式 )","vt. 阉割, 删除, 使丧失力量(或效果) [医] 去生殖腺者, 阉者, 阉, 阉割"
22588,24786,opted,opt,d,AB,loan,loan,form-more-frequent,keep,选择；决定,选择；决定,"v. 选择, 挑选( opt的过去式和过去分词 )",vi. 选择
22597,10453,austrians,austrian,s,AB,proper,proper,lemma-proper,keep,奥地利人（复数）,奥地利的；奥地利人,n. 奥地利人( Austrian的复数形式 ),"n. 奥地利人 a. 奥地利的, 奥地利人的"
22617,42920,vaccinated,vaccinate,d,AB,loan,loan,form-more-frequent,keep,已接种疫苗的,接种疫苗,"a. [医]已接种的, 种痘的, 接种过疫菌的 v. 给…接种疫苗( vaccinate的过去式和过去分词 ); 注射疫…",v. 预防接种
22641,35370,ramses,ramse,s,AB,proper,proper,lemma-proper|lemma-no-gloss|form-more-frequent,keep,拉美西斯（古埃及法老名）,拉姆斯（人名/专名）,(ramse 的复数) 拉姆齐（人名）,拉姆齐（人名）
22644,11259,iraqis,iraqi,s,AB,proper,proper,lemma-proper,keep,伊拉克人（复数）,伊拉克的；伊拉克人,伊拉克人( Iraqi的名词复数 ),"n. 伊拉克人, 伊拉克阿拉伯语 a. 伊拉克的, 伊拉克人的"
22659,26015,illustrations,illustration,s,AB,loan,loan,form-more-frequent,keep,插图；说明；例证,插图；说明,n. 插图；插画（illustration的复数）,"n. 例证, 插图 [化] 插图"
22660,37349,dismembered,dismember,d,AB,mono,loan,form-more-frequent,keep,肢解；分割,肢解；分割,"v. 分割…的肢体, 肢解( dismember的过去式和过去分词); 身首异处","vt. 割断手足, 支解, 分割"
22699,37904,extremities,extremity,s,AB,mono,loan,form-more-frequent,keep,四肢；末端,末端；极端；肢体,n. 端点( extremity的名词复数 ); 尽头; 手和足; 极窘迫的境地,"n. 极端, 极点, 困境, 绝境 [医] 肢, 端"
22741,14162,mormons,mormon,s,AB,proper,proper,lemma-proper,keep,摩门教徒,摩门教徒,n. 摩门教徒( Mormon的复数形式 ),n. 摩门教徒
22772,6278,molding,mold,i,B,mono,mono,src-b-only,?,模制；装饰线条,霉菌；模具,"n. 模制, 铸造物, 模制件, 浇铸 [化] 模塑; 模压","n. 模子, 模型, 霉 v. 形成, 塑造, 发霉"
22800,42018,parishioners,parishioner,s,AB,loan,loan,form-more-frequent,keep,教区居民,教区居民,n. 教区居民( parishioner的复数形式 ),n. 教民
22802,8025,hungarians,hungarian,s,AB,proper,proper,lemma-proper,keep,匈牙利人,匈牙利的；匈牙利语,n. 匈牙利人（Hungarian的复数）,"a. 匈牙利的, 匈牙利人的, 匈牙利语的 n. 匈牙利人, 匈牙利语"
22822,25424,defiled,defile,d,AB,loan,loan,form-more-frequent,keep,玷污；亵渎,污损；亵渎,v. 玷污( defile的过去式和过去分词 ); 污染; 弄脏; 纵列行进,"vt. 弄脏, 污损, 败坏 vi. 以纵队前进 n. 隘路, 狭道"
22849,23685,remodeling,remodel,i,A,mono,loan,src-a-only|form-more-frequent,keep,翻新；改建,改建；重塑,n. 重塑；改建；重构（remodel进行式）,"vt. 改造, 改型, 改变"
22859,6838,blogs,blog,3,B,mono,loan,src-b-only,?,博客（复数）,博客；写博客,"n. 博客, 网志（网站上记有活动、意见等的个人记录）( blog的名词复数 )",n. 博客；部落格；网络日志
22870,39357,dwellers,dweller,s,AB,mono,mono,form-more-frequent,keep,居民；居住者（复数）,居民；居住者,"n. 居民, 居住者( dweller的复数形式 )",n. 居民
22913,46390,ails,ail,3,AB,mono,mono,form-more-frequent,keep,使苦恼；生病,使苦恼；生病,abbr. 自动仪表着陆系统（Automatic Instrument Landing System）,"vt. 使苦恼 vi. 生病, 处境困难 [计] 数组互联逻辑"
22915,7479,ester,est,r,AB,loan,loan,lemma-no-gloss,keep,酯（化学）,（法语）是；东部时间,n. 酯 [化] 酯,(美国)东部时间
22961,46450,bedbugs,bedbug,s,AB,mono,mono,form-more-frequent,keep,臭虫；床虱,臭虫,"n. 臭虫, 木虱, 床虱( bedbug的复数形式 )",n. 臭虫 [医] 臭虫
23020,40161,disillusioned,disillusion,d,AB,mono,loan,form-more-frequent,keep,大失所望的；不再抱幻想的,使醒悟；使失望,"a. 幻想破灭了的, 大失所望的, 醒悟了的","n. 觉醒, 幻灭 vt. 使醒悟, 使幻想破灭"
23042,8163,halted,halt,d,AB,mono,mono,homograph,?,停止；暂停（halt过去式）,停止；中止；暂停,v. （使）停下来( halt的过去式和过去分词 ),"n. 停止, 立定, 休息 vt. 使停止, 使立定 vi. 立定, 停止, 蹒跚, 踌躇, 有缺点 [计] 停止"
23042,31732,halted,halter,p,B,mono,mono,src-b-only|form-more-frequent|homograph,keep,停止；暂停（halt过去式）,笼头；吊带衫,v. （使）停下来( halt的过去式和过去分词 ),"n. 缰绳, 笼头 [法] 绞刑, 绞索"
23061,37471,blackened,blacken,d,B,mono,mono,src-b-only|form-more-frequent,keep,变黑的；烧焦的,使变黑；抹黑,"a. （食品）涂上辣椒粉和调味品后油炸的, 熏制的 v. （使）变黑, 把…弄黑( blacken的过去式和过去分词 )…","vt. 使变黑, 诽谤 vi. 变黑"
23092,23591,replicators,replicator,s,AB,loan,loan,lemma-no-gloss|form-more-frequent,keep,复制器；复制者（复数）,复制器；复制者,(replicator 的复数) [计] 重复符 [化] 复制基因,[计] 重复符 [化] 复制基因
23100,24500,scandalmongering,scandalmonger,i,AB,,,form-more-frequent,keep,散布丑闻；传播诽谤,散布丑闻者，造谣生事者,n. 散布流言蜚语的人；散布丑闻者,"n. 专事诽谤的人, 传播丑闻的人"
23126,46954,guilders,guilder,s,AB,loan,loan,form-more-frequent,keep,盾（荷兰旧货币，复数）,荷兰盾（旧货币）,n. 盾（荷兰货币单位）( guilder的复数形式 ),n. 荷兰盾(荷兰货币单位) [经] 质
23143,27401,gnawing,gnaw,i,AB,mono,mono,form-more-frequent,keep,啃；咬（现在分词）,啃；咬；折磨,"n. 咬, 不断的苦痛 a. 咬的, 令人苦恼的","v. 咬, 啃, 侵蚀, 消耗, 折磨"
23210,265,doctored,doctor,p,B,loan,loan,src-b-only,?,篡改的；伪造的；医治过的,医生；博士,"vt.& vi. 医疗, 行医（doctor的过去式与过去分词形式）","n. 医生, 博士 vt. 授以博士学位, 诊断, 修改 vi. 行医"
23250,24132,vandals,vandal,s,AB,loan,loan,form-more-frequent,keep,破坏者；汪达尔人,破坏者；汪达尔人,"n. 故意毁坏文物者, 破坏他人财产者( vandal的复数形式 )",n. 蓄意破坏者
23259,3471,aced,ace,p,B,loan,loan,src-b-only,?,轻松通过；得A,王牌；高手,vt. 发球得分（ace的过去式与过去分词形式）,"n. 幺点, 好手, 少许, 发球得分 a. 一流的, 杰出的 [计] 应答允许, 自适应计算机试验, 自动呼叫设备, …"
23281,33395,bleats,bleat,s,AB,mono,mono,form-more-frequent,keep,咩咩叫；羊叫声,咩咩叫；哀诉,"v. （羊, 小牛）叫( bleat的第三人称单数 ); 哭诉; 发出羊叫似的声音; 轻声诉说",n. 羊的叫声 vi. 咩咩叫 vt. 以颤抖的声音说
23294,30812,bombarded,bombard,d,AB,loan,loan,form-more-frequent,keep,轰炸；连续攻击,轰炸；炮击,v. 炮击( bombard的过去式和过去分词 ); 轰炸; 连珠炮般地提问; <核>以高能量粒子或放射能冲击,"vt. 炮击, 攻击, 轰击 n. 射石炮"
23302,25631,thwarted,thwart,d,AB,mono,mono,form-more-frequent,keep,阻挠；挫败,阻挠；挫败,v. 阻挠( thwart的过去式和过去分词 ); 使受挫折; 挫败; <旧>横过,"a. 横放的 vt. 反对, 阻挠, 横过 prep. 横过 adv. 横过"
23357,47061,infuriating,infuriate,i,AB,loan,loan,form-more-frequent,keep,令人愤怒的,激怒；使大怒,"a. 令人大怒的 v. 使大怒, 激怒( infuriate的现在分词)",a. 狂怒的 vt. 激怒
23402,32209,biceps,bicep,s,AB,loan,loan,lemma-no-gloss|form-more-frequent,keep,肱二头肌,二头肌,"n. 二头肌, 臂部肌肉 [医] 二头的, 二头肌",[体]二头肌训练机
23412,18002,aztecs,aztec,s,AB,proper,proper,lemma-proper,keep,阿兹特克人,阿兹特克人；阿兹特克语,n. 阿芝特克人 a. 阿芝特克人的,"n. 阿兹特克人, 阿兹特克语 a. 阿兹特克人的"
23448,3240,zeroes,zero,3,B,loan,loan,src-b-only,?,零（复数）；无足轻重的人,零；零点,"零号, 零, 零点, 最低点, 零度, 零位, 无, 乌有, 无足轻重的人, 没价值的东西","n. 零, 零点, 零度, 无, 乌有, 最低点 a. 零的, 没有的 vt. 调零, 对(炮火等)作协调校正 [计] …"
23449,40484,impaled,impale,p,AB,loan,loan,form-more-frequent,keep,刺穿；钉住,刺穿；钉住,v. 钉在尖桩上( impale的过去式和过去分词 ),"vt. 刺穿, 使绝望, 钉住"
23457,28385,glades,glade,s,AB,mono,mono,form-more-frequent,keep,林间空地,林间空地,n. 林中空地( glade的复数形式 ),"n. 林间空地, 沼泽地"
23492,28822,maimed,maim,d,AB,mono,loan,form-more-frequent,keep,残废的；受重伤的,使残废；伤害,"a. 受伤的, 残废的","vt. 使残废, 使不能工作, 使伤残 [医] 伤残, 残废"
23493,27520,incurred,incur,d,AB,mono,loan,form-more-frequent,keep,招致；蒙受（incur 过去式）,招致；遭受,v. 遭受；招致（incur的过去分词）,"vt. 招致, 蒙受, 遭遇 [经] 招致, 蒙受, 担负"
23559,28409,mauled,maul,d,AB,loan,mono,form-more-frequent,keep,撕咬；袭击（maul 过去式）,撕裂；伤害,v. （尤指动物）撕裂…的皮肉( maul的过去式和过去分词 ); 伤害; 虐待; 粗手粗脚地摆弄,"n. 大槌 vt. 打伤, 粗手粗脚地摆弄, 抨击"
23568,7387,rhyming,rhyme,i,B,mono,loan,src-b-only,?,押韵的,韵；押韵诗,n. 押韵,"n. 韵, 押韵, 韵文 vi. 押韵 vt. 使押韵, 用韵诗表达"
23601,38324,riveting,rivet,i,AB,loan,loan,form-more-frequent,keep,引人入胜的,铆钉；吸引,"a. 非常有趣的, 引人注目的 [机] 铆接","n. 铆钉 vt. 用铆钉固定, 敲进去, 注目, 吸引住"
23609,40587,irregularities,irregularity,s,AB,loan,loan,form-more-frequent,keep,不规则；违规（复数）,不规则；异常,n. 不规则( irregularity的名词复数 ); 不平整; 不整齐; 不规则的事物,"n. 不规则, 例外, 违反规则的行为 [化] 不匀度"
23629,9629,thingies,thingy,s,AB,mono,mono,lemma-no-gloss,keep,小玩意儿（复数）,那玩意儿；东西,"n. 物（体）的, 物质的, 实际的( thingy的复数形式 )","物(体)的, 物质的, 实际的"
23673,35528,tinted,tint,p,AB,mono,loan,form-more-frequent,keep,着色的；带色的,色调；淡色,"a. 着色的, 带色彩的","n. 色彩, 浅色 vt. 染色于"
23684,24385,muddled,muddle,d,AB,mono,mono,form-more-frequent,keep,混乱的；糊涂的,混乱；糊涂状态,a. 混乱的；糊涂的；头脑昏昏然的,"vt. 混合, 使微醉, 使咬字不清晰 vi. 胡乱对付 n. 困惑, 混浊状态"
23703,24445,enriched,enrich,d,AB,loan,mono,form-more-frequent,keep,浓缩的；强化的,使丰富；使富裕,a. 浓缩的；强化的,"vt. 使富足, 使肥沃"
23710,25755,deteriorated,deteriorate,p,AB,loan,loan,form-more-frequent,keep,恶化；退化（过去式）,恶化；退化,"v. 恶化, 变坏( deteriorate的过去式和过去分词 )",v. (使)恶化
23712,9363,rewriting,rewrite,i,B,mono,mono,src-b-only,?,重写（现在分词）,重写；改写,n. 改写；重写,"vt. 重写, 改写, 改写新闻, 书面答复 vi. 修改旧作 n. 改写的作品 [计] 重写"
23739,32840,lentils,lentil,s,AB,loan,loan,form-more-frequent,keep,小扁豆,小扁豆,n. 小扁豆( lentil的名词复数 ); 小扁豆植株,n. 兵豆
23768,24171,lurks,lurk,3,AB,mono,mono,form-more-frequent,keep,潜伏；埋伏,潜伏；潜藏,"n. 潜在, 潜伏; （lurk的复数形式） vi. 潜伏, 埋伏（lurk的第三人称单数形式）","n. 潜伏, 潜行 vi. 暗藏, 潜伏, 埋伏 [计] 隐匿阅读"
23827,25447,fattening,fatten,i,AB,mono,mono,form-more-frequent,keep,易使人发胖的,使变胖；养肥,a. 正被养肥的；用于养肥禽畜的,vi. 养肥 vt. 使肥胖
23852,40565,looser,loos,r,AB,mono,mono,form-more-frequent,keep,更松的；更宽松的,厕所（英俚语，复数）,[经] 放宽,"n. 损耗, 洗手间（loo复数形式）"
23890,38854,lbs,lb,s,AB,loan,mono,lemma-no-gloss|form-more-frequent,keep,磅（重量单位，复数缩写）,磅（重量单位缩写）,磅,"磅, 文学士 [经] 磅"
23892,592,radioed,radio,p,B,loan,loan,src-b-only,?,用无线电发送（过去式）,收音机；无线电,无线电传送的,"n. 无线电, 收音机, 无线电报, 无线电广播, 无线电台 v. 用无线电发送"
23981,30301,squatters,squatter,s,AB,loan,loan,form-more-frequent,keep,擅自占住者,擅自占地者；蹲坐者,n. 蹲着的人( squatter的复数形式 ); 擅自占用房屋或土地的人,"n. 蹲着的人, 擅自占用土地或房屋者 vi. 涉水而过"
23995,24765,peacekeepers,peacekeeper,s,AB,mono,mono,form-more-frequent,keep,维和人员,维和人员；和平维护者,n. 维和士兵( peacekeeper的复数形式 ),n. (交战国间的)停火执行者(或小组)
24000,31500,decurved,decurve,p,AB,,,lemma-no-gloss|form-more-frequent,keep,向下弯曲的,向下弯曲；使下曲,a. 向下弯的,使朝下弯曲
24004,25030,staggered,stagger,p,AB,mono,mono,form-more-frequent,keep,蹒跚的；错开的,蹒跚；摇晃；使震惊,a. 吃惊的；错列的,"n. 蹒跚, 踌躇 vi. 蹒跚, 犹豫 vt. 使摇摆, 使踌躇, 交错, 错开 a. 交错的, 错开的"
24078,7635,searing,sear,i,B,mono,mono,src-b-only,?,灼热的；严厉的,煎焦表面,a. 灼热的,"a. 枯萎的, 凋谢的 vt. 烤焦, 使枯萎 vi. 凋谢, 干枯"
24112,25409,spewing,spew,i,AB,mono,mono,form-more-frequent,keep,喷出；呕吐,喷出；呕吐,v. 呕吐( spew的现在分词 ); （使某事物）喷出; 射出; （使）喷涌出,"vi. 呕吐, 喷涌 vt. 呕出, 喷 n. 呕吐物, 喷涌物"
24120,24336,blubbering,blubber,i,AB,mono,mono,form-more-frequent,keep,哭诉；抽泣,鲸脂；哭诉,[机] 提取鲸脂,"n. 鲸脂, 哭泣 v. 又哭又闹"
24133,7617,grinds,grind,3,AB,mono,mono,homograph,?,磨碎；碾,磨碎,"v. 磨碎, 嚼碎( grind的第三人称单数 ); 旋转开动; 压迫, 折磨","n. 磨, 碾, 苦差, 摩擦声, 用功的学生 vt. 磨擦, 磨碎, 磨光, 折磨, 压榨 vi. 磨, 磨碎, 苦干"
24133,5664,grinds,ground,3,B,mono,mono,src-b-only|homograph,?,磨碎；碾,地面；土地,"v. 磨碎, 嚼碎( grind的第三人称单数 ); 旋转开动; 压迫, 折磨","n. 土地, 战场, 场地, 地面, 范围 a. 土地的, 地面上的 vt. 放在地上, 使搁浅, 打基础, 给...以…"
24137,41983,medicated,medicate,p,B,loan,loan,src-b-only|form-more-frequent,keep,用药治疗的,用药治疗；给…服药,"a. 加入药品/药物的, 药制的, 食药的 [医] 含药[物]的, 药制的","vt. 用药治疗 [医] 用药治疗, 投药, 加药, 使含药"
24178,24464,embers,ember,s,AB,mono,mono,form-more-frequent,keep,余烬；余火,余烬,n. 余烬；余火；小火苗（ember的复数形式）,"n. 灰烬, 余烬"
24200,26000,narcotized,narcotize,p,AB,,,form-more-frequent,keep,被麻醉的，麻醉状态的,使麻醉；使昏睡,"v. 麻醉, 使昏迷, 起麻醉作用( narcotize的过去式和过去分词 )","vt. 麻醉, 使昏迷 vi. 起麻醉作用"
24205,4569,willies,willy,s,AB,mono,proper,lemma-proper,keep,（the willies）紧张不安,威利（人名）,"n. 焦虑不安；心惊肉跳；小鸡鸡（儿童用语, willy的复数）",n. 阴茎；阳物；柳树（等于willow）
24211,26175,blabbing,blab,i,AB,mono,mono,form-more-frequent,keep,泄露秘密；喋喋不休,泄露；瞎说,"v. 瞎说乱讲, 泄露秘密( blab的现在分词 ); 泄漏（秘密）","v. 泄漏, 胡扯"
24221,18973,romulans,romulan,s,AB,proper,proper,lemma-proper,keep,罗穆兰人（科幻种族）,罗慕伦人（星际迷航）,(Romulan 的复数) n. 罗慕伦,n. 罗慕伦
24246,32598,specialised,specialise,d,AB,loan,loan,form-more-frequent,keep,专门的；专业化的（英式）,专门研究；专攻（英式）,"a. 专门的, 特别的, 专科的, 特化的, 专化的","vt. 特加指明, 列举, 使专门化, 限定...的范围 vt.vi. (使)特化, (使)专化 vi. 成为专家, 专…"
24256,7613,homos,homo,s,AB,loan,loan,lemma-no-gloss,keep,（贬）同性恋者（复数）,人属；同性恋（俚）,n. (Homos)人名；(阿拉伯)哈穆斯 同性恋者（homo的复数） 人,[化] 最高占据轨道; 最高占据分子轨道; 最高已占分子轨道 [医] 人属
24282,43559,bering,ber,i,AB,proper,proper,lemma-proper|lemma-no-gloss|form-more-frequent,keep,白令（海峡/海）,BER（缩写）,"白令(Vitus, 1680-1741, 丹麦航海家, 白令海及白令海峡的发现者)",[计] 基本编码规则
24297,27328,wipers,wiper,s,AB,mono,mono,form-more-frequent,keep,雨刷；擦拭者,雨刷；擦拭者,n. 擦拭者( wiper的复数形式 ); 手帕; 雨刷; 接帚,"n. 揩擦的人, 刮水器, 接触电刷 [电] 接帚"
24300,36535,flip-flops,flip-flop,s,AB,mono,mono,form-more-frequent,keep,人字拖；夹趾拖鞋,人字拖；突然改变立场,n. （非正式） 政策突然转向; 政策突变 Informal. a sudden or unexpected rever…,"n. 啪嗒啪嗒的响声, 向后翻的筋斗, 突然改变, 双稳态多谐振荡器, 触发器 [计] 触发器, 劈拍"
24311,10943,sharpest,sharpe,t,AB,mono,proper,lemma-proper,keep,最锋利的；最敏锐的,夏普（姓氏）,灵敏的 尖锐的（ sharp的最高级 ）,n. 夏普指数；夏普指标；夏普（人名）
24315,10617,fora,forum,s,A,loan,loan,src-a-only,?,论坛（forum复数）,论坛；讨论会,"pl. 论坛, 讨论会, 座谈会, 广播专题讲话节目, 电视专题讲话节目, 法庭","n. 论坛, 公开讨论的广场, 法庭, 讨论会 [法] 讨论会, 专题讨论, 公共论坛"
24341,585,mikes,mike,s,AB,proper,proper,lemma-proper,keep,麦克风（复数）,迈克（人名）,"n. (=microphone)<口>话筒, 送话器, 微音器( mike的复数形式 )","vi. 偷懒, 游手好闲 n. 休息, 游手好闲, 扩音器, 话筒"
24365,29412,fascinates,fascinate,3,AB,loan,loan,form-more-frequent,keep,使着迷；吸引,使着迷；吸引,"v. 使着迷, 使极感兴趣( fascinate的第三人称单数 ); 慑住…使动弹不得","vt. 令人入神, 使着迷 vi. 入迷"
24400,28000,criminating,criminate,i,AB,,,form-more-frequent,keep,定罪的；归罪的,指控，定罪；使负罪,vt. 定罪；使负罪；责备,"vt. 控告, 定罪, 非难(谋事物) [法] 告发, 控告, 归罪"
24408,36579,roving,rove,i,B,mono,mono,src-b-only|form-more-frequent,keep,流浪的；漫游的,漫游；漂泊,"a. 徘徊的, 流动的 n. 流浪, 漫游, 粗纱","n. 徘徊, 粗纺, 流浪 vt. 漂泊于, 漫游于 vi. 流浪, 飘忽不定 reeve的过去式和过去分词"
24435,30837,vaporized,vaporize,p,AB,loan,loan,form-more-frequent,keep,蒸发；汽化,蒸发；汽化,"v. （使）蒸发, （使）汽化( vaporize的过去式和过去分词 ); 说大话, 自吹自擂",v. (使)蒸发
24487,42673,crumpled,crumple,p,AB,mono,mono,form-more-frequent,keep,皱的；揉皱的,弄皱；压垮,"a. 弄皱了的, 被扭弯的, 弯曲的 [建] 皱的, 起皱纹的, 盘曲的","vt. 弄皱, 压皱 vi. 崩溃, 变皱"
24500,36863,signposting,signpost,i,AB,,mono,form-more-frequent,keep,设置路标；指示性引导,路标；指示牌,"v. 指示牌, 标志杆( signpost的现在分词 ); 路标","n. 招牌柱, 广告柱, 路标"
24501,47038,hyperventilating,hyperventilate,i,AB,loan,loan,lemma-no-gloss|form-more-frequent,keep,过度换气,过度换气；呼吸急促,(hyperventilate 的现在分词) [医]过度呼吸,[医]过度呼吸
24505,9323,czechs,czech,s,AB,proper,proper,lemma-proper,keep,捷克人,捷克的；捷克人,n. 捷克人[语]( Czech的名词复数 ),"n. 捷克人, 捷克语 a. 捷克的, 捷克语的, 捷克人的"
24519,30420,bunting,bunt,i,AB,mono,mono,form-more-frequent,keep,彩旗；鹀（鸟）,轻打；触击（棒球）,n. 触击；旗布；白颊鸟,"n. 顶撞, 推, 轻打 vt. 顶撞, 轻打"
24526,15988,eskimos,eskimo,s,AB,proper,proper,lemma-proper,keep,爱斯基摩人（旧称）,爱斯基摩人,n. 爱斯基摩人( Eskimo的名词复数 ),n. 爱斯基摩人
24626,35170,shackled,shackle,d,AB,mono,mono,form-more-frequent,keep,束缚；戴镣铐（过去式）,束缚；给…戴镣铐,v. 给（某人）带上手铐或脚镣( shackle的过去式和过去分词 ),"n. 桎梏, 束缚物 vt. 加枷锁, 束缚"
24630,37411,semifinals,semifinal,s,AB,loan,loan,form-more-frequent,keep,半决赛（复数）,半决赛,半决赛,n. 半决赛
24645,9071,cocksuckers,cocksucker,s,AB,mono,mono,lemma-no-gloss,keep,混蛋（粗俗语，复数）,混蛋（粗俗骂语）,n. 混蛋；与男子进行口交者,"狗杂种, 浑蛋（通常指男人）"
24655,33532,impregnated,impregnate,d,AB,loan,loan,form-more-frequent,keep,使怀孕；浸透（过去式）,使怀孕；使浸透,"v. 灌注, 使饱和( impregnate的过去式和过去分词 ); 使怀孕","vt. 使怀孕, 使肥沃, 使充满, 灌输 a. 怀孕的, 充满的"
24666,34540,bloodstains,bloodstain,s,AB,mono,mono,form-more-frequent,keep,血迹（复数）,血迹；血污,n. 血迹( bloodstain的复数形式 ),n. 血迹
24677,41431,constraints,constraint,s,AB,loan,loan,form-more-frequent,keep,限制；约束（复数）,限制；约束,n. 强制( constraint的复数形式 ); 限制; 约束,"n. 强制, 约束 [计] 约束"
24684,35940,hijackers,hijacker,s,AB,mono,mono,form-more-frequent,keep,劫持者；劫机者,劫持者；劫机者,"n. 抢劫者, 劫持者( hijacker的复数形式 )","n. 强盗, 劫盗, 劫持犯 [法] 劫持者, 绑架者, 抢劫者"
24691,34627,artefacts,artefact,s,AB,loan,loan,form-more-frequent,keep,人工制品；文物,人工制品；文物,n. 人工制品（尤指有考古价值的工具或武器）( artefact的复数形式 ),"n. 人工制品, 制造物, 人为现象, 膺象, 矫作物, 古代文物 [医] 人为现象, 人工产物"
24707,12400,postponing,postpone,i,B,loan,,src-b-only,?,推迟；延期,推迟，延期,"v. 延期, 推迟( postpone的现在分词 )","vt. 延迟, 使延期, 缓办, 搁延 vi. 延缓, 延缓发作"
24721,12029,nikos,niko,s,AB,proper,proper,lemma-proper,keep,尼科斯（人名）,尼科（人名）,n. (Nikos)人名；(希)尼科斯,n. 尼克森（公司名）
24745,35212,receptors,receptor,s,AB,loan,loan,form-more-frequent,keep,受体；感受器,受体；感受器,"n. <生>感受器, 受体( receptor的复数形式 )","n. 受体, 感觉器官 [化] 接受器; 受体"
24748,29764,punters,punter,s,AB,mono,mono,form-more-frequent,keep,顾客；赌客,顾客；赌客（英俚）,"n. （赛马, 足球赛时）下赌注者( punter的复数形式 )","n. 用篙撑船的人, 船夫, 赌博者"
24763,32746,amphetamines,amphetamine,s,AB,loan,loan,form-more-frequent,keep,安非他明；兴奋剂,安非他明；苯丙胺,n. 安非他明( amphetamine的复数形式 ),"n. 苯丙胺, 安非他明 [化] 苯丙胺; 苯异丙胺; 安非他民; 1-苯基-2-丙胺"
24775,25739,clenched,clench,p,AB,mono,mono,form-more-frequent,keep,紧握；咬紧,紧握；咬紧,"v. 紧握, 抓紧, 咬紧( clench的过去式和过去分词 )","n. 牢牢抓住, 钉紧, 敲弯钉尖 vt. 紧握, 牢牢地抓住, 确定, 敲弯 vi. 握紧, 钉牢"
24782,20400,deafening,deafen,i,B,mono,,src-b-only,?,震耳欲聋的,使聋；震耳欲聋,a. 震耳欲聋的,vt. 使聋 vi. 变聋
24783,13212,court-martialed,court-martial,p,B,mono,loan,src-b-only,?,受军事法庭审判,军事法庭；军法审判,v. 以军法审判( court-martial的过去式和过去分词 ),n. 军事法庭 vt. 交军事法庭审判
24800,43390,westerners,westerner,s,AB,mono,mono,form-more-frequent,keep,西方人,西方人,"n. 西部人( westerner的复数形式 ); 西方人, 欧美人","n. 西方人, 西洋人"
24823,4150,laptops,laptop,s,AB,mono,mono,lemma-no-gloss,keep,笔记本电脑,笔记本电脑,n. 便携式电脑( laptop的复数形式 ),[计] 膝上型的
24835,47347,racketeering,racketeer,i,AB,loan,loan,form-more-frequent,keep,敲诈勒索；诈骗,诈骗者；敲诈勒索者,"n. 诈骗, 敲诈勒索","n. 敲诈者, 骗子 v. 诈骗钱财"
24839,29033,rehabilitated,rehabilitate,d,AB,loan,loan,form-more-frequent,keep,使康复；改造,使康复；改造,v. 改造（罪犯等）( rehabilitate的过去式和过去分词 ); 使恢复正常生活; 使恢复原状; 修复,"vt. 恢复原状, 修复, 使康复 [法] 恢复, 使恢复心理健康, 修复"
24900,16937,muppets,muppet,s,AB,proper,proper,lemma-proper,keep,布偶（品牌）,布偶；傻瓜,(muppet 的复数) n.提线木偶,n. 提线木偶
24922,11410,whizzing,whiz,i,B,mono,mono,src-b-only|homograph,?,嗖嗖作响；飞驰,嗖嗖飞过；能手,n. 旋离；离心分离,"n. 飕飕声, 精明的人, 专家 v. (使)飕飕作声"
24922,36902,whizzing,whizz,i,AB,mono,mono,form-more-frequent|homograph,keep,嗖嗖作响；飞驰,嗖嗖飞过；快速移动,n. 旋离；离心分离,"n. 飕飕声, 精明的人, 专家 v. (使)飕飕作声"
24956,42061,engraving,engrave,i,AB,mono,mono,form-more-frequent,keep,雕刻；版画,雕刻；铭刻,"n. 雕刻, 镌版术, 雕版","vt. 刻上, 雕刻, 铭记"
25000,24500,annualized,annualize,p,B,,,lemma-no-gloss|src-b-only,keep,年化的；按年折算的,按年计算；将（数据）年化,"a. [税收] 按年计算的（利率等）, 年度化",[经] 年度基础换算
25000,31794,cybernetics,cybernetic,s,AB,,loan,form-more-frequent,keep,控制论,控制论的,n. 控制论 [计] 控制论,a. 控制论的 [计] 控制论的
25046,3979,mins,min,s,AB,loan,proper,lemma-proper,keep,分钟（复数缩写）,敏（人名）,abbr. 需监护的未成年人（Minors In Need of Supervision）；分钟（minutes）；微惯…,abbr. 部长（Minister）；部（Ministry）
25069,41470,allotted,allot,d,AB,loan,mono,form-more-frequent,keep,分配；拨给（过去式）,分配；分派,a. 专款的；拨出的,"vt. 分配, 分摊指定 [经] (按股或按规定)分配, 配(拨)给, 规(派)定"
25080,28570,checkered,checker,p,AB,loan,loan,form-more-frequent,keep,有格子图案的；盛衰多变的,检查员；方格图案,"a. 盛衰无常的, 多波折的, 有格子花的, 有...交错着的, 变化多端的 [机] 网纹板[钢板]","n. 制止者, 查对者, 阻止者 [计] 检查程序, 检验程序, 检验器, 西洋跳棋"
25114,34932,sunbathing,sunbathe,i,B,mono,mono,src-b-only|form-more-frequent,keep,日光浴,日光浴,n. 日光浴,n. 日光浴
25115,26020,fixtures,fixture,s,AB,loan,loan,form-more-frequent,keep,固定装置；赛事,固定装置；赛事,"n. 固定附物, 固定附着物；固定财产；卡具；固定装置（fixture的复数形式）","n. 固定(状态), 固定物, 设备 [计] 夹具"
25119,8337,sawed,saw,p,AB,mono,mono,homograph,?,锯；锯开,锯子,saw的过去式和过去分词,"n. 锯子, 谚语 vt. 锯, 锯开, 来回移动 vi. 拉锯, 移动 see的过去式"
25152,31630,overstepped,overstep,d,AB,mono,mono,form-more-frequent,keep,越界；超越权限,逾越；越权,"v. 踏过, 逾越, 超出…的限度( overstep的过去式和过去分词 )","vt. 踏过, 逾越, 超出...的限度 [法] 违犯, 逾越"
25173,26706,entails,entail,3,AB,loan,loan,form-more-frequent,keep,需要；牵涉；使必要,需要；使必要；牵涉,v. 使…成为必要( entail的第三人称单数 ); 需要; 限定继承; 使必需,"vt. 使成为必需, 需要, 使承担, 遗传给 n. 限定继承"
25220,37413,infused,infuse,d,AB,loan,loan,form-more-frequent,keep,注入；浸泡（过去式）,注入；泡制（茶等）,"v. 灌输, 加入（一种特性）( infuse的过去式和过去分词 ); 沏（茶）, 泡（草药）","vt. 注入, 使充满, 泡制, 鼓舞 vi. 泡"
25231,32112,acclaimed,acclaim,d,AB,loan,loan,form-more-frequent,keep,广受赞誉的；备受推崇的,称赞；欢呼,v. 欢呼（acclaim的过去式及过去分词） a. 受到赞扬的,"n. 喝彩, 欢呼, 赞同 v. 欢呼, 喝彩, 称赞"
25258,46794,embezzling,embezzle,i,AB,loan,loan,form-more-frequent,keep,挪用；贪污,挪用；贪污,"v. 贪污, 盗用（公款）( embezzle的现在分词 )","vt. 盗用, 挪用 [经] 贪污(公款), 盗用"
25276,47485,skulking,skulk,i,AB,mono,mono,form-more-frequent,keep,潜行；鬼鬼祟祟地走动,潜行；鬼鬼祟祟地躲藏,"v. <贬>潜伏, 偷偷摸摸地走动, 鬼鬼祟祟地活动( skulk的现在分词 )","vi. 偷偷隐躲, 偷懒"
25287,31559,reputed,repute,d,AB,loan,loan,form-more-frequent,keep,据称的；有名的,名声；声望,"a. 名誉好的, 被称为...的, 有...名气的 [法] 好名誉的, 驰名的, 号称的","n. 名望, 名气, 声望 vt. 认为, 以为"
25302,33261,jabbering,jabber,i,AB,mono,mono,form-more-frequent,keep,急促不清地说；叽里咕噜,急促不清地说,v. 急切而含混不清地说( jabber的现在分词 ); 急促兴奋地说话; 结结巴巴,"v. 快而含糊地说, 吱吱喳喳地叫 n. 快而含糊不清的话"
25306,8241,tories,tory,s,AB,proper,proper,lemma-proper,keep,托利党人；保守党人,英国保守党人,英国托利派；王党保守党,"n. 托利党党员, 保守党员, 亲英分子 a. 保守分子的"
25314,41331,gawking,gawk,i,AB,mono,mono,form-more-frequent,keep,呆呆地看；瞪眼看,呆呆地看；瞪眼看,v. 呆呆地看着( gawk的现在分词 ),"n. 笨人, 呆子, 笨拙的人 vi. 痴呆着看"
25391,10487,rescheduled,reschedule,d,AB,loan,loan,lemma-no-gloss,keep,重新安排；改期,重新安排；改期,v. 重订时间表( reschedule的过去式和过去分词 ),"[计] 重安排, 重调度 [化] 修订计划"
25399,14705,albanians,albanian,s,AB,proper,proper,lemma-proper,keep,阿尔巴尼亚人（复数）,阿尔巴尼亚的；阿尔巴尼亚人,n. 阿尔巴尼亚人,n. 阿尔巴尼亚人
25458,37985,beckons,beckon,3,AB,mono,mono,form-more-frequent,keep,招手示意；吸引（第三人称单数）,招手；示意,"v. （用头或手的动作）示意, 召唤( beckon的第三人称单数 )","v. 招手示意, 召唤, 吸引 n. 表召唤的点头(或手势)"
25493,30279,discontinued,discontinue,d,AB,mono,loan,form-more-frequent,keep,已停产的；中止的,停止；中断,"v. （使）终止, 中断, 中止( discontinue的过去式和过去分词 )","vi. 中断, 终止, 停止 vt. 使中止"
25556,32970,christos,christo,s,AB,proper,proper,lemma-proper|form-more-frequent,keep,克里斯托斯（人名）,克里斯托（人名）,(christo 的复数) n. (Christo)人名；(保)赫里斯托；(英、法、葡)克里斯托,n. (Christo)人名；(保)赫里斯托；(英、法、葡)克里斯托
25561,5136,flavored,flavor,p,B,mono,loan,src-b-only,?,有…风味的,味道；风味,v. 给…调味( flavor的过去式和过去分词 ); 给…增添风趣,"n. 滋味, 调味品 vt. 加味于"
25571,4655,boned,bon,p,AB,mono,proper,lemma-proper|homograph,keep,去骨的；有…骨的,邦（人名/地名）,a. 骨骼的；去掉骨头的；用骨架撑起的；施过骨粉料的；去骨的,a. （法）好的
25571,5295,boned,bone,p,B,mono,mono,src-b-only|homograph,?,去骨的；有…骨的,骨头；骨骼,a. 骨骼的；去掉骨头的；用骨架撑起的；施过骨粉料的；去骨的,"n. 骨头, 骨, 骨制品 vt. 剔骨 vi. 专心致志"
25602,12400,distilled,distill,p,B,loan,,src-b-only,?,蒸馏的；提炼的,蒸馏；提炼,a. 由蒸馏得来的；净化的,vt. 蒸馏 vi. 滴下
25604,37703,cicadas,cicada,s,AB,loan,loan,form-more-frequent,keep,蝉（复数）,蝉,n. 蝉( cicada的名词复数 ),n. 蝉
25646,32021,instigated,instigate,d,AB,loan,loan,form-more-frequent,keep,煽动；唆使（过去式）,煽动；挑起,"v. 使（某事物）开始或发生, 鼓动( instigate的过去式和过去分词 )","vt. 教唆, 怂恿, 煽动 [法] 教唆, 煽动, 怂恿"
25649,6676,kms,km,s,AB,loan,loan,lemma-no-gloss,keep,千米（复数缩写）,千米；公里（缩写）,abbr. 知识管理系统（Knowledgebase Management System）,"[医] 千米, 公里"
25700,15600,overheating,overheat,i,B,mono,,src-b-only,?,过热；过度加热,过热，使过热,[经] 过分的经济活动,vt. 使过热 vi. 变得过热
25722,28374,potholes,pothole,s,AB,mono,mono,form-more-frequent,keep,坑洼；路面凹坑,路面坑洞,n. 壶穴( pothole的复数形式 ),n. 壶穴
25732,9151,buddhists,buddhist,s,AB,loan,proper,lemma-proper,keep,佛教徒,佛教徒,n. 佛教徒（Buddhist的复数）,n. 佛教徒 a. 佛教的
25793,13427,colombians,colombian,s,AB,proper,proper,lemma-proper,keep,哥伦比亚人,哥伦比亚的,n. 哥伦比亚人( Colombian的复数形式 ),n. 哥伦比亚人 a. 哥伦比亚的
25800,1787,piloting,pilot,i,B,loan,loan,src-b-only,?,驾驶；引导,飞行员；领航员,n. 领港,"n. 飞行员, 领航员, 航船者, 导向器, 驾驶仪, 向导, 领导人 vt. 领航, 驾驶, 引导, 试用 a. 引导…"
25818,12100,majored,major,p,B,loan,,src-b-only,?,主修,主要的；重大的,a. 主要的；重要的；主修的；较多的 n. [人类] 成年人；主修科目；陆军少校 vi. 主修 n. (Major)人名…,"n. 主修课, 成年人, 陆军少校 a. 主要的, 较多的, 大部分的, 成年的, 严重的 vi. 主修 [计] 主要,…"
25832,12570,tooting,toot,i,B,mono,mono,src-b-only,?,鸣笛；吹奏,（喇叭）嘟嘟响,n. 图庭（位于伦敦南部）,"n. 嘟嘟声, 作乐 vi. 吹喇叭 vt. 吹奏出"
25842,33290,breastfeeding,breastfeed,i,B,mono,mono,src-b-only|form-more-frequent,keep,母乳喂养,母乳喂养,"v. 用母乳喂养, 哺乳( breastfeed的现在分词 )","vt.& vi. 用母乳喂养, 哺乳"
25902,10446,persians,persian,s,AB,proper,proper,lemma-proper,keep,波斯人；波斯猫（复数）,波斯的；波斯人,"n. 波斯（现称伊朗）的, 波斯人的, 波斯语的( Persian的复数形式 )","n. 波斯人, 波斯语"
25913,27698,abnormalities,abnormality,s,AB,loan,loan,form-more-frequent,keep,异常；畸形（复数）,异常；畸形,n. 畸形；异常情况（abnormality的复数形式）,"n. 反常, 畸形, 变态 [化] 反常; 非正态性"
25929,29334,quirks,quirk,s,AB,mono,mono,form-more-frequent,keep,怪癖；奇特的习惯（复数）,怪癖；奇特的巧合,"n. 奇事, 巧合( quirk的复数形式 ); 怪癖","n. 古怪举动, 俏皮话, 急转"
25937,30722,imperfections,imperfection,s,AB,loan,loan,form-more-frequent,keep,瑕疵；缺点（复数）,不完美；缺点,n. 不合格折贴（imperfection的复数）,"n. 不完美, 缺点 [化] 缺陷; 疵点; 毛病"
26024,1050,martins,martin,s,AB,proper,proper,lemma-proper,keep,马丁（姓氏复数）,马丁（人名）,n. 马丁斯（男子名）,"n. 马丁, 圣马丁鸟"
26048,46794,embezzled,embezzle,d,AB,loan,loan,form-more-frequent,keep,挪用；贪污（过去式）,挪用；贪污,"v. 贪污, 盗用（公款）( embezzle的过去式和过去分词 )","vt. 盗用, 挪用 [经] 贪污(公款), 盗用"
26066,37315,concocted,concoct,d,AB,loan,loan,form-more-frequent,keep,调制；编造（过去式）,编造；调制,v. 将（尤指通常不相配合的）成分混合成某物( concoct的过去式和过去分词 ); 调制; 编造; 捏造,"vt. 调合, 捏造, 编造 [建] 调制, 混合"
26100,3085,normans,norman,s,AB,proper,proper,lemma-proper,keep,诺曼人（复数）,诺曼人,n. 诺曼人 a. 诺曼第的；诺曼第人的；诺曼第语的,a. 诺曼第语的；诺曼第人的
26134,353,coupling,couple,i,B,loan,loan,src-b-only,?,联结；联轴器,一对；夫妇；几个,"n. 联结, 结合, 耦合 [计] 耦合","n. 对, 夫妇, 数个 vt. 使成双, 连接, 使成婚, 把...联系起来 vi. 结合, 成婚"
26160,35810,snowboarding,snowboard,i,AB,mono,mono,form-more-frequent,keep,单板滑雪,滑雪板；单板滑雪,v. 测雪板(snowboard的现在分词 ) n. 单板滑雪; 滑板滑雪; 滑雪板,n. 滑雪板
26185,7300,brazilians,brazilian,s,AB,proper,proper,lemma-proper,keep,巴西人,巴西的；巴西人,"(Brazilian 的复数) n. 巴西人 a. 巴西的, 巴西人的","n. 巴西人 a. 巴西的, 巴西人的"
26186,8337,saws,saw,s,AB,mono,mono,homograph,?,锯子（复数）,锯子,"n. 锯( saw的复数形式 ); 谚语, 格言 v. 往复移动( saw的第三人称单数 ); 浸( soak的过去式和…","n. 锯子, 谚语 vt. 锯, 锯开, 来回移动 vi. 拉锯, 移动 see的过去式"
26195,5184,collared,collar,p,B,mono,mono,src-b-only,?,有领的；被抓住的,衣领；领子,"a. 有领圈的, 上了轭/颈圈的, (肉)成卷的","n. 衣领, 颈圈 vt. 控制, 扭住衣领, 给...装上领子"
26198,36113,southerners,southerner,s,AB,mono,mono,form-more-frequent,keep,南方人,南方人,"n. 南方人, 居住在南方的人( southerner的复数形式 )",n. 南方人
26249,42593,inconsistencies,inconsistency,s,AB,loan,loan,form-more-frequent,keep,不一致；矛盾（复数）,不一致；矛盾,n. 矛盾( inconsistency的名词复数 ),"n. 不一致, 易变, 前后矛盾的事物 [法] 前后矛盾, 不一致"
26253,28608,labourers,labourer,s,AB,loan,loan,form-more-frequent,keep,劳工；工人（复数）,体力劳动者,"n. （尤指户外的）体力劳动者, 劳工, 工人( labourer的复数形式 )","n. 劳动者, 干体力工作的工人, 劳工 [机] 劳动者"
26260,27727,enacted,enact,d,AB,mono,mono,form-more-frequent,keep,颁布；制定（法律）,颁布；实施；扮演,"v. 制定（法律）, 通过（法案）( enact的过去式和过去分词 )","vt. 制定法律, 扮演, 颁布 [法] 法令, 法规, 条例"
26290,47656,unnerving,unnerve,i,AB,mono,mono,form-more-frequent,keep,令人不安的；使人紧张的,使失去勇气；使不安,[医] 除神经法,"vt. 使失去勇气, 使胆怯, 使不能自制 [医] 除神经"
26323,29108,dumas,duma,s,AB,proper,loan,form-more-frequent,keep,大仲马/小仲马（法国姓氏）,杜马（俄罗斯议会）,[医] 足雅司病,n. 杜马(俄国会)
26334,44072,advertisers,advertiser,s,AB,loan,mono,form-more-frequent,keep,广告商（复数）,广告商；登广告者,n. 登广告的人( advertiser的复数形式 ); 报幕员,"n. 做广告者, 广告客户 [经] 广告商, 广告者"
26365,22842,mews,mew,s,B,mono,mono,src-b-only,?,马厩改建的住宅；小巷,喵喵叫；猫叫声,"n. 小街, 街道, 小巷, 马厩","n. 猫叫声, 海鸥 vi. 咪咪叫 n. 鹰笼, 巢, 隐匿处 vt. 关进笼子"
26392,12085,smurfs,smurf,s,AB,proper,proper,lemma-proper,keep,蓝精灵（复数）,蓝精灵,(smurf 的复数) n. 拆分洗钱（者）,n. 拆分洗钱（者）
26412,29746,shoals,shoal,s,AB,mono,mono,form-more-frequent,keep,浅滩；鱼群（复数）,鱼群；浅滩,n. 浅滩( shoal的名词复数 ); 沙洲; 鱼群; 大量,"n. 浅水, 浅滩, 沙洲, 鱼群, 暗礁, 潜在危险 a. 浅的 vi. 鱼成群而游, 变浅 vt. 使变浅"
26418,4741,bas,ba,s,AB,proper,proper,lemma-proper|lemma-no-gloss,keep,巴斯（姓氏/缩写）,巴（人名/学位缩写）,n. BASIC程序的扩展名,"文学士 [计] 基本汇编程序, 布尔代数, 总线可用"
26432,28971,ogling,ogle,i,AB,mono,mono,form-more-frequent,keep,色迷迷地看；盯视（现在分词）,色迷迷地看；盯着看,"v. （向…）抛媚眼, 送秋波( ogle的现在分词 )",n. 眉目传情 vt. 挑逗地注视 vi. 做媚眼
26453,1037,jakes,jake,s,AB,proper,proper,lemma-proper,keep,厕所；茅房,杰克（人名）,n. 厕所,"a. 满意的, 上等的 n. 乡下佬, 家伙"
26473,31541,blacklisted,blacklist,d,AB,mono,mono,form-more-frequent,keep,列入黑名单,黑名单,v. 把（某人）列入黑名单( blacklist的过去式 ),n. 黑名单
26499,13587,band-aids,band-aid,s,AB,proper,proper,lemma-proper,keep,创可贴；临时补救,创可贴；权宜之计,n. 创可贴；护创膏布（Band-Aid的复数）,"a. 补缀的, 权宜的"
26500,12800,overwriting,overwrite,i,B,,,src-b-only,?,覆盖写入；覆写,覆盖写入；改写（原有内容）,"n. 盖写法, 重写法 v. 写在…上面, 写得过多( overwrite的现在分词 )","vi. 写得过多(或长) vt. 写得过多, 用华丽文体写, 写在...上面 [计] 改写"
26568,27332,midlands,midland,s,AB,mono,mono,form-more-frequent,keep,中部地区；内陆,中部地区；内陆,n. 英国中部,"n. 中部地方, 内地"
26597,27228,poppers,popper,s,AB,mono,mono,form-more-frequent,keep,亚硝酸酯吸入剂；爆米花,爆米花机；罂粟（俚）,"n. 发出砰的响声的人（或物）, 服药成瘾者( popper的复数形式 )",n. 发出砰的响声的人
26618,40798,bludgeoned,bludgeon,d,AB,mono,mono,form-more-frequent,keep,用重物猛击,用棍棒猛击；胁迫,"v. 用大头棒打, 重击( bludgeon的过去式和过去分词 )","n. 大头棒 [法] 棍, 棍打"
26641,30422,subsidies,subsidy,s,AB,loan,loan,form-more-frequent,keep,补贴；津贴（复数）,补贴；津贴,"n. 补贴, 津贴, 补助金( subsidy的名词复数 )","n. 补助金, 津贴 [经] 补助金, 津贴, 补贴"
26647,14000,perforated,perforate,d,B,loan,,src-b-only,?,穿孔的；有孔的,穿孔，打洞；刺穿,"v. 穿孔于, 在…上打眼( perforate的过去式和过去分词 ); （在纸张等上）打齿孔[孔眼线]","vt. 穿孔于, 刺穿, 打孔穿透 vi. 穿孔, 穿过 a. 有孔的, 穿孔的"
26649,13389,armenians,armenian,s,AB,proper,proper,lemma-proper,keep,亚美尼亚人（复数）,亚美尼亚的；亚美尼亚人,[医]亚美尼亚人,"a. 亚美尼亚的, 亚美尼亚人的 n. 亚美尼亚人, 亚美尼亚语"
26665,29373,carats,carat,s,AB,loan,loan,form-more-frequent,keep,克拉（宝石重量单位，复数）,克拉；开（金纯度）,n. （宝石的重量单位）克拉( carat的复数形式 ),"n. 克拉 [化] 开; 克拉(宝石、金刚石重量单位,等于0.2克)"
26743,33002,underlined,underline,d,AB,mono,mono,form-more-frequent,keep,在…下划线；强调（过去式）,在……下画线；强调,a. 下划线的,"vt. 在...下面划线, 作...的衬里, 强调 n. 下划线, 图下说明文字 [计] 加下划线; 下划线"
26770,14496,incas,inca,s,AB,proper,proper,lemma-proper,keep,印加人（复数）,印加人；印加帝国,(inca 的复数) n. 印加；印加人,n. 印加；印加人
26856,97,offed,off,p,B,mono,mono,src-b-only,?,杀死了；干掉了,离开；关闭,"vi. [用于祈使句]走开, 滚开, 站开（off的过去式与过去分词形式）","a. 关着的, 不再生效的, 处于...境况的, 休假的, 空闲的 adv. 走开, ...掉, ...下, 休息, 出…"
26926,5760,leaped,leap,pd,A,mono,mono,src-a-only,?,跳跃（leap 过去式）,跳跃；跃过；猛增,leap的过去式和过去分词,"n. 跳跃, 剧增, 急变, 被越过之物 vi. 跳跃, 突然经过 vt. 跃过, 使跃过"
26954,670,rooming,room,i,B,mono,mono,src-b-only,?,住宿；合租,房间；空间,n. 房间出租,"n. 房间, 空位, 场所 vi. 住宿, 居住 vt. 留宿"
26965,25852,recreated,re-create,p,B,loan,loan,src-b-only|homograph,?,再创造；重现,重新创造；再现,v. 再创造( recreate的过去式和过去分词 ); 再现; 消遣; 娱乐,vt. 重新创作
26965,11243,recreated,recreate,p,B,loan,mono,src-b-only|homograph,?,再创造；重现,重现；再创造；消遣,v. 再创造( recreate的过去式和过去分词 ); 再现; 消遣; 娱乐,"v. (使)得到休养, (使)得到娱乐, 再创造"
26969,19600,elongated,elongate,d,B,loan,,src-b-only,?,拉长的；细长的,拉长，伸长,"v. 延长, 加长( elongate的过去式和过去分词 )","v. 延长, (使)伸延 a. 伸长的"
26977,7468,mics,mic,s,AB,mono,loan,lemma-no-gloss,keep,麦克风（复数，口语）,麦克风（口语）,"(MIC 的复数) [计] 介质接口, 连接器","[计] 介质接口, 连接器"
26980,30020,fertilized,fertilize,d,AB,loan,loan,form-more-frequent,keep,受精的；施肥的,施肥；使受精,n. 已受精的,"vt. 施肥, 使丰饶, 使受精"
26995,32476,intensified,intensify,dp,AB,loan,loan,form-more-frequent,keep,加强；加剧（过去式）,加强；加剧,"v. （使）增强, （使）加剧( intensify的过去式和过去分词 )",vt. 加强 vi. 强化
27023,36386,pled,ple,p,AB,loan,proper,lemma-proper|form-more-frequent,keep,恳求（plead 过去式）,Ple（缩写/人名）,"为...辩护, 以...作为答辩, 以...为借口, 以...为理由, 辩护, 申明, 抗辩, 恳求",abbr. 个性化学习环境（Personal Learning Environment）
27030,42012,comprised,comprise,p,AB,loan,loan,form-more-frequent,keep,由……组成；包含,包括；由…组成,v. 由…组成；包含（comprise的过去分词）,"vt. 包含, 构成"
27032,10093,belgians,belgian,s,AB,proper,proper,lemma-proper,keep,比利时人,比利时的；比利时人,n. 比利时人( Belgian的复数形式 ),n. 比利时人 a. 比利时的
27062,5204,scamming,scam,i,B,mono,mono,src-b-only,?,诈骗；行骗,骗局；诈骗,"v. 欺诈, 诓骗(scam的变形)","n. 骗局, 诡计；故事"
27069,3129,jerseys,jersey,s,AB,proper,proper,lemma-proper,keep,运动衫；泽西岛,运动衫；泽西岛,"n. 毛线衫, 毛织运动衫；上衣（jersey的复数形式）",n. 运动衫
27087,43171,writhing,writhe,i,B,mono,mono,src-b-only|form-more-frequent,keep,扭动挣扎的,扭动；翻滚；痛苦挣扎,v. （因极度痛苦而）扭动或翻滚( writhe的现在分词 ),"n. 扭动, 盘绕, 苦恼 vt. 扭曲, 缠绕 vi. 蠕动, 扭动身体, 盘绕, 遭受苦难"
27100,33429,reprisals,reprisal,s,AB,loan,loan,form-more-frequent,keep,报复，报复行动,报复；报复行动,n. 报复（行为）( reprisal的复数形式 ),"n. 报复, 报仇, 报复性劫掠 [法] 复仇, 报复, 报复性暴力为"
27102,34473,dividends,dividend,s,AB,loan,loan,form-more-frequent,keep,红利，股息；好处,股息；红利,n. 红利( dividend的复数形式 ); 股息; 被除数; （足球彩票的）彩金,"n. 被除数, 股利 [计] 被除数"
27124,27241,pattering,patter,i,AB,mono,mono,form-more-frequent,keep,发出嗒嗒声；喋喋不休,轻快的敲击声；急速说话,"v. 发出急速轻的拍声, 嗒嗒地跑( patter的现在分词 )","n. 急速拍打声, 轻快脚步声, 行话, 快板, 饶舌 vi. 急速地说, 滴答地响, 祷告, 念经, 念顺口溜 vt.…"
27153,5622,het,heat,pd,A,mono,mono,src-a-only,?,兴奋的，激动的（俚语）,热；高温,abbr. 重型设备运输车（Heavy Equipment Transporter）；高爆曳光弹（High-Explos…,"n. 热, 热度, 体温, 高潮 vi. 加热, 激昂, 加剧 vt. 把...加热, 使激动"
27173,33079,diluted,dilute,d,AB,mono,loan,form-more-frequent,keep,稀释的；淡化的,稀释；削弱,a. 稀释的；无力的,"vt. 冲淡, 稀释 a. 淡的, 稀释的"
27200,19926,fides,fide,3,AB,,loan,lemma-no-gloss,keep,信任，诚信（拉丁语借词）,善意的（bona fide）,"[法] 诚实, 信用, 忠实",[体]国际棋联
27232,28762,pensioners,pensioner,s,AB,loan,loan,form-more-frequent,keep,领养老金者（pensioner 复数）,领养老金者,n. 领取退休、养老金或抚恤金的人( pensioner的复数形式 ),"n. 领取抚恤金者, (英国剑桥大学的)自费生, 为金钱所收买的人, 帮佣 [法] 领取退休金者, 领取抚恤金者"
27316,18524,gauls,gaul,s,AB,proper,proper,lemma-proper,keep,高卢人（复数）,高卢；高卢人,n. 高卢人；高卢族,n. 高卢（位于欧洲西部）；高卢人
27336,23691,harrowing,harrow,i,AB,mono,proper,lemma-proper,keep,令人痛苦的；揪心的,耙；哈罗（地名/学校）,"a. 痛心的, 悲惨的 [医] 神经纤维松解法","n. 哈罗公学, 耙 vt. 耙掘, 伤害, 使苦恼 vi. 被耙松"
27430,9663,shamans,shaman,s,A,loan,loan,src-a-only,?,萨满；巫师,萨满；巫师,(shaman 的复数) n. 萨满教巫医 [法] 巫师,n. 萨满教巫医 [法] 巫师
27456,12938,listings,listing,s,AB,mono,mono,lemma-no-gloss,keep,列表；清单；挂牌信息,列表；清单,表,"[计] 列表, 清单, 编目 [经] 挂牌, 上市, 编表"
27485,31955,swingers,swinger,s,AB,mono,mono,form-more-frequent,keep,摇摆者；交换伴侣者,摇摆者；换偶者,"n. 摆动（或挥动）的人, 赶时髦的人( swinger的复数形式 )","n. 赶时髦的人, 摆动的人, 摆动的物, 有力的事物, 轰动的事物, 责打者"
27547,34591,paratroopers,paratrooper,s,AB,loan,loan,form-more-frequent,keep,伞兵,伞兵,n. 伞兵( paratrooper的复数形式 ),n. 伞兵
27564,13200,saxons,saxon,s,AB,proper,proper,lemma-proper,keep,撒克逊人,撒克逊人,n. 撒克逊人（Saxon的复数）,n. 撒克逊人
27566,32477,kindling,kindle,i,AB,mono,mono,form-more-frequent,keep,引火物；点火柴,点燃；激起,"n. 点火, 发火, 兴奋","vt. 点燃, 使着火, 引起, 照亮 vi. 着火, 激动, 发亮"
27586,7605,seething,seethe,i,B,mono,mono,src-b-only,?,沸腾的；怒火中烧的,沸腾；翻滚,"a. 沸腾的, 火热的","vi. 冒泡, 沸腾 vt. 使煮沸, 使浸透 n. 翻腾"
27622,11243,recreating,recreate,i,B,loan,mono,src-b-only,?,再创造；消遣（现在分词）,重现；再创造；消遣,v. 再创造( recreate的现在分词 ); 再现; 消遣; 娱乐,"v. (使)得到休养, (使)得到娱乐, 再创造"
27624,5024,vacuuming,vacuum,i,B,loan,loan,src-b-only,?,用吸尘器打扫（现在分词）,真空；吸尘器,n. 真空处理；资料移除,"n. 真空, 空间, 真空吸尘器 a. 真空的, 产生真空的, 利用真空的 vt. 用吸尘器打扫"
27646,47040,hysterics,hysteric,s,AB,loan,loan,form-more-frequent,keep,歇斯底里发作；狂笑,歇斯底里的；情绪失控的,"n. 歇斯底里的发作 [医] 癔病爆发, 歇斯底里爆发","a. 癔病的, 歇斯底里的 n. 癔病患者"
27650,40838,amassed,amass,d,AB,loan,loan,form-more-frequent,keep,积聚；积累,积累；积聚,"vt. 积聚, 积累","vt. 积聚, 堆积"
27657,42015,eroded,erode,d,AB,loan,loan,form-more-frequent,keep,侵蚀；逐渐削弱,侵蚀；逐渐削弱,"a. 被侵蚀的, 损坏了","vt. 腐蚀, 侵蚀 vi. 受腐蚀"
27689,19000,localized,localize,d,B,loan,,src-b-only,?,局部的；局限的,使本地化；定位,a. 小范围的；局部的；地区的,"vt.vi. 使地方化, 使具有地方性, 使限制于局部, 确定起源, 集中, 局限 [计] 局部化, 定位, 定域"
27732,31501,grasslands,grassland,s,AB,mono,mono,form-more-frequent,keep,草原（复数）,草原；草地,"n. 草原, 牧场( grassland的复数形式 )","n. 牧草地, 草原"
27775,41721,resounding,resound,i,B,loan,mono,src-b-only|form-more-frequent,keep,响亮的；巨大的,回响；回荡,"a. 响亮的, 轰动的","vi. 回响, 鸣响, 反响, 驰名, 被传遍 vt. 使回响, 传颂"
27776,36821,cymbals,cymbal,s,AB,loan,loan,form-more-frequent,keep,钹（复数）,铙钹,圆盘式张力装置,n. 铙钹
27787,3607,carpeting,carpet,i,B,loan,loan,src-b-only,?,地毯；铺地毯,地毯,"n. 地毯料, 地毯","n. 地毯, 地毯状物 vt. 铺以地毯, 铺盖"
27793,159,coursing,course,i,B,loan,loan,src-b-only,?,奔流；追踪（现在分词）,课程；过程,n. 追赶；奔驰；携带猎犬狩猎,"n. 课程, 路线, 过程, 一道菜, 道路 v. 追, (使)跑"
27798,13000,upheld,uphold,p,B,mono,,src-b-only,?,支持；维持（过去式）,支持，维护， uphold（维持原判）,uphold的过去式和过去分词,"vt. 支撑, 赞成, 鼓励, 举起, 坚持 [法] 确认, 赞成, 支持"
27816,30686,empowering,empower,i,AB,loan,loan,form-more-frequent,keep,赋权的；增强自信的,授权；使强大,v. 授权( empower的现在分词 ); 准许; 增加（某人的）自主权; 使控制局势,"vt. 授予权力, 允许, 使能够 [法] 授权, 准许, 转委"
27841,33980,wiles,wile,s,AB,mono,mono,form-more-frequent,keep,诡计；花招,诡计；花招,"n. 诡计, 骗人的把戏, 圈套, 奸计, 欺骗, 欺诈","n. 诡计, 狡猾 vt. 引诱, 诱骗, 消遣"
27889,34442,orcs,orc,s,AB,mono,mono,form-more-frequent,keep,兽人（奇幻生物）,兽人；半兽人,n. 奥克斯（半兽人）,n. 虎鲸；乐队；妖魔（等于orca）
27894,38119,linds,lind,s,AB,proper,proper,lemma-proper|form-more-frequent,keep,林兹（人名/简称）,林德（姓氏）,n. 【植物】欧椴,n. 利德（姓氏）
27954,3170,e-mailing,e-mail,i,B,loan,loan,lemma-no-gloss|src-b-only,keep,发电子邮件,电子邮件,v. 电子邮件( e-mail的现在分词 ),[计] 电子邮件
27956,6786,routing,rout,i,AB,loan,loan,homograph,?,路由；路线安排,溃败,[计] 路由选择; 布线,"n. 溃败, 大败, 乌合之众, 盛大晚会 vt. 使溃败, 使败逃, 打垮, 用鼻拱, 挖起, 搜, 唤起 vi. 用…"
27956,1833,routing,route,i,B,loan,loan,src-b-only|homograph,?,路由；路线安排,路线；途径,[计] 路由选择; 布线,"n. 路径, 途径, 路线 vt. 确定路线, 按规定路线发送 [计] 传递, 路由设定程序"
28000,40290,restructuring,restructure,i,B,loan,loan,src-b-only|form-more-frequent,keep,重组；结构调整,重组；调整结构,[计] 重构的,"vt. 更改结构, 重建, 调整"
28011,37457,baptised,baptise,d,AB,loan,loan,form-more-frequent,keep,施洗；洗礼（过去式）,给…施洗礼（英式拼写）,"vt., vi. baptise的变形","vt. 给...施洗礼, 命名, 使纯化, 洗炼"
28103,34714,flailing,flail,i,AB,mono,mono,form-more-frequent,keep,乱挥；挣扎,胡乱摆动；挥舞,v. 鞭打( flail的现在分词 ); 用连枷脱粒; （臂或腿）无法控制地乱动; 扫雷坦克,"n. 连枷 v. 用连枷打, 打"
28112,34654,renamed,rename,d,AB,mono,loan,form-more-frequent,keep,重新命名；改名,重新命名；改名,"v. 给…重新取名, 改名( rename的过去式和过去分词 )","vt. 重新命名, 再命名, 给...改名 [计] 重命名; DOS内部命令:更改文件名"
28116,32614,oppressors,oppressor,s,AB,loan,loan,form-more-frequent,keep,压迫者（复数）,压迫者,"n. 压迫者, 暴君( oppressor的复数形式 )","n. 压迫者, 压制者 [法] 压迫者, 压制者, 强迫者"
28155,36471,astounded,astound,p,AB,loan,loan,form-more-frequent,keep,震惊的；大吃一惊的,使震惊；使惊骇,v. 使惊愕（astound的过去式和过去分词） a. 受惊骇的；被震惊的,"vt. 使惊骇, 使大惊"
28176,34720,retailers,retailer,s,AB,loan,loan,form-more-frequent,keep,零售商,零售商,"n. 零售商, 零售店( retailer的复数形式 )","n. 零售商人, 传播的人 [经] 零售商"
28206,39793,waning,wane,i,AB,mono,mono,form-more-frequent,keep,渐弱的；衰退的,减弱；衰退,n. 减弱；月亏,"n. 减少, 衰微, 败落, 亏缺, 月亏 vi. 变小, 亏缺, 衰落, 消逝, 退潮"
28259,41171,singed,singe,p,AB,mono,mono,form-more-frequent,keep,烧焦；烫焦（过去式）,烧焦；燎毛,"v. 浅表烧焦( singe的过去式和过去分词 ); （毛发）燎, 烧焦尖端[边儿]","v. 烧焦, 烤焦"
28315,38945,knockers,knocker,s,AB,mono,mono,form-more-frequent,keep,门环；（俚）乳房,门环；吹毛求疵者,n. <俚>（女人的）一对乳房（用此词会冒犯女性）; 门环( knocker的复数形式 ); 吹毛求疵的人,"n. 敲击者(或物), 敲门者, 门环 [电] 开锤"
28316,30316,seeping,seep,i,AB,mono,mono,form-more-frequent,keep,渗漏；渗出,渗漏；渗透,v. （液体）渗( seep的现在分词 ); 渗透; 渗出; 漏出,"vi. 渗出, 渗流, 漏 n. 小泉, 水陆两用吉普车"
28348,31487,barnacles,barnacle,s,AB,loan,mono,form-more-frequent,keep,藤壶（复数）,藤壶；附着物,n. 眼镜,"n. 北极雁, 藤壶"
28377,41204,fidgeting,fidget,i,B,mono,mono,src-b-only|form-more-frequent,keep,坐立不安；摆弄,坐立不安；摆弄,"v. 坐立不安, 烦躁( fidget的现在分词 )","vi. 坐卧不安, 摆弄 vt. 使烦乱, 使不安 n. 烦躁不安, 坐立不安的人"
28408,37367,breast-feeding,breast-feed,i,B,mono,mono,src-b-only|form-more-frequent,keep,母乳喂养,母乳喂养,n. (用)母奶喂养 [医] 人乳哺育,"vt. (用)母奶喂养(婴孩), 给...喂奶"
28420,36346,calibrated,calibrate,d,AB,loan,loan,form-more-frequent,keep,校准的；标定的,校准；标定,v. 校准使...标准化；校准（calibrate的过去分词）,"vt. 测定口径, 校准, 使标准化, 调整 [化] 校准"
28438,16200,endorphins,endorphin,s,AB,loan,,lemma-no-gloss,keep,内啡肽（复数）,内啡肽,n. 脑内啡; 安多芬; 内啡肽。是一种内成性（脑下垂体分泌）的类吗啡生物化学合成物激素。它是由脑下垂体和脊椎动物的丘脑…,[化] 内啡肽
28465,17916,trappings,trapping,s,AB,mono,mono,lemma-no-gloss,keep,装饰；标志性服饰,诱捕；困住,"n. 马饰, 服饰, 礼服, 装饰品, 外部标志","[计] 设陷, 陷入, 俘获 [化] 截留; 捕俘"
28493,13185,african-americans,african-american,s,AB,proper,proper,lemma-proper,keep,非裔美国人,非裔美国人,(african-american 的复数) n. 非裔美国人；美国黑人,n. 非裔美国人；美国黑人
28515,830,winded,wind,p,A,mono,mono,src-a-only,?,喘不过气的,风,"a. 呼吸...的, 风化的, 气急的 wind的过去式和过去分词","n. 风, 气息, 气味, 呼吸, 风声, 趋势, 空谈, 卷绕, 弯曲 vt. 使通风, 嗅出, 使喘气, 吹号角, …"
28556,33073,shingles,shingle,3,B,loan,loan,src-b-only|form-more-frequent,keep,带状疱疹,木瓦；鹅卵石滩,n. 带状疱疹 [医] 带状疱疹,"n. 墙面板, 小招牌"
28563,28946,subscribers,subscriber,s,AB,loan,loan,form-more-frequent,keep,订阅者；用户（复数）,订阅者；用户,"n. 订阅者, 认股人；捐款人（subscriber复数形式）","n. 签署者, 捐献者, 订户 [经] 定户"
28589,39575,courtiers,courtier,s,AB,loan,loan,form-more-frequent,keep,朝臣（复数）,朝臣；廷臣,"n. 侍臣, 廷臣( courtier的复数形式 )","n. 侍臣, 奉承者"
28602,34636,marinated,marinate,p,AB,loan,loan,form-more-frequent,keep,腌制的,腌制；浸泡,vt. 把…浸泡于腌泡汁中（marinate的过去式与过去分词形式）,vt. 用腌泡汁腌/泡(肉/鱼)
28614,1996,dolled,doll,p,AB,mono,proper,lemma-proper,keep,打扮（doll up 过去式）,洋娃娃；玩偶,v. 把…打扮漂亮( doll的过去式和过去分词 ),"n. 洋娃娃, 无头脑的美丽女人"
28674,8859,norwegians,norwegian,s,AB,proper,proper,lemma-proper,keep,挪威人,挪威的；挪威人,n. 挪威人（Norwegian的复数）,"n. 挪威人, 挪威语 a. 挪威的, 挪威人的, 挪威语的"
28678,35466,clamouring,clamour,i,AB,loan,loan,form-more-frequent,keep,大声要求；喧嚷,喧闹；大声要求,"v. 喧哗, 吵闹( clamour的现在分词 ); 大声地要求或抗议",n. 喧闹 v. 大声地要求
28745,21021,brainstorming,brainstorm,i,B,mono,mono,src-b-only,?,头脑风暴；集思广益,头脑风暴；集思广益,"自由讨论, 发表独创[创造]性意见, 智力爆发",n. 灵机一动 v. 集体讨论
28755,16545,blasters,blaster,s,AB,mono,mono,lemma-no-gloss,keep,爆破者；冲击波,爆破者；冲击波,"(blaster 的复数) [计] 熔固器, 装置","[计] 熔固器, 装置"
28825,5076,jeeps,jeep,s,AB,proper,proper,lemma-proper,keep,吉普车（复数）,吉普车,n. 吉普车（Jeep的复数形式）,n. 吉普车 vi. 乘吉普车 vt. 用吉普车运
28878,11556,afghans,afghan,s,AB,proper,proper,lemma-proper,keep,阿富汗人；阿富汗毯,阿富汗人；阿富汗毛毯,"n. 阿富汗人, 阿富汗语, 阿富汗毛毯( Afghan的复数形式 )","a. 阿富汗的, 阿富汗人的 n. 阿富汗人, 阿富汗语, 阿富汗毛毯"
28917,29348,cutlets,cutlet,s,AB,loan,loan,form-more-frequent,keep,肉片；肉排（复数）,肉片；炸肉饼,"n. （供烧烤、煎、炸用的）肉片, 肉饼, 炸肉排( cutlet的复数形式 )","n. 肉片, 炸肉片, 炸肉排"
28944,47639,undergarments,undergarment,s,AB,mono,loan,form-more-frequent,keep,内衣；衬衣,内衣；衬衣,"n. 内衣, 贴身衣( undergarment的复数形式 )","n. 内衣, 衬衣"
28972,5635,limos,limo,s,AB,loan,loan,lemma-no-gloss,keep,豪华轿车(复数),豪华轿车,(limo 的复数) [医] 柠檬,[医] 柠檬
28999,8894,birdies,birdie,3,B,mono,mono,src-b-only|homograph,?,小鸟(昵称)；小鸟球,小鸟；小鸟球,n. 小鸟儿( birdie的名词复数 ) v. 小鸟儿( birdie的第三人称单数 ),n. 小鸟
28999,19688,birdies,birdy,s,AB,mono,mono,homograph,?,小鸟(昵称)；小鸟球,小鸟（儿语）,n. 小鸟儿( birdie的名词复数 ) v. 小鸟儿( birdie的第三人称单数 ),"a. 如鸟的, 多鸟的"
29016,36694,hikers,hiker,s,AB,mono,mono,form-more-frequent,keep,徒步旅行者,徒步旅行者,"n. 远足者, 长途旅行者( hiker的复数形式 )",n. 徒步旅行者
29034,9556,vas,va,s,AB,loan,proper,lemma-proper|lemma-no-gloss,keep,血管；导管（缩写）,弗吉尼亚州（缩写）,"[医] 管, 脉管",[医] 视敏度
29037,29426,presided,preside,p,AB,loan,loan,form-more-frequent,keep,主持；主管,主持；主管,"v. 主持, 主管( preside的过去式和过去分词 )","vi. 统辖, 当主人, 主持 [法] 主持, 负责, 指挥"
29046,34657,neutrinos,neutrino,s,AB,loan,loan,form-more-frequent,keep,中微子,中微子,n. 中微子( neutrino的名词复数 ),n. 中微子 [化] 中微子; 微中子
29057,16662,kovacs,kovac,s,A,proper,proper,lemma-proper|lemma-no-gloss|src-a-only,keep,科瓦奇（姓氏）,科瓦奇（姓氏）,[人名] 科瓦奇,
29121,3023,motoring,motor,i,B,mono,loan,src-b-only,?,驾车；汽车运动,发动机；马达,"n. 驾车, 乘汽车","n. 马达, 发动机, 原动力, 汽车 a. 马达的, 发动机的, 汽车的, 发动的 vt. 推动, 以汽车载运 vi.…"
29135,29408,slurred,slur,p,AB,mono,mono,form-more-frequent,keep,含糊地说； slur 的过去式,污辱；含糊发音,v. 含糊地说出( slur的过去式和过去分词 ); 含糊地发…的声; 侮辱; 连唱,"n. 连音符, 诽谤, 玷污, 印刷模糊 vt. 草率地看过, 忽略, 含糊地念 vi. 模糊不清"
29168,42134,furnishings,furnishing,s,AB,loan,loan,form-more-frequent,keep,家具；陈设,家具；陈设,n. 家具；供应；穿戴用品（furnishing的复数）,"n. 家具, 服饰品, 陈设品, 设备"
29170,29508,foraging,forage,i,AB,loan,loan,form-more-frequent,keep,觅食；搜寻,觅食；搜寻,"v. 搜寻（食物）, 尤指动物觅（食）( forage的现在分词 ); （尤指用手）搜寻（东西）","n. 粮草, 饲料, 搜寻粮草 vt. 喂, 掠夺, 搜寻粮秣 vi. 搜寻粮草, 掠夺"
29188,14000,mentoring,mentor,i,B,loan,,src-b-only,?,指导；辅导,导师，良师益友,n. mentoring是一种工作关系。mentor通常是处在比mentee更高工作职位上的有影响力的人。他/她有比‘m…,"n. 指导者, 良师益友"
29196,16002,rearranging,rearrange,i,B,mono,loan,src-b-only,?,重新安排；整理,重新安排；整理,v. 重新安排( rearrange的现在分词 ); 重新布置; 改变既定的（计划等）; 做无用功,"vt. 再排列, 重新整理 [计] 重新排列; 重新整理"
29207,20663,byrnes,byrne,s,AB,proper,proper,lemma-proper,keep,伯恩斯（姓氏）,伯恩（人名）,"伯恩斯(①姓氏 ②James francis, 1879-1972, 美国政治家及法学家)",n. 伯恩（姓氏）
29216,32823,debtors,debtor,s,AB,loan,loan,form-more-frequent,keep,债务人（复数）,债务人；借方,"n. 债务人, 借方( debtor的复数形式 )","n. 债务人, 借主, 借方 [法] 负债者, 债务人, 借方"
29281,45313,personalized,personalize,p,B,loan,mono,src-b-only|form-more-frequent,keep,个性化的；定制的,个性化；使个人化,a. 个人化的；个性化的,"vt. (贬)使个人化, 体现, 使人格化, 在(物品)上标明姓名/标出地址/标出记号"
29301,5988,wording,word,i,B,mono,mono,src-b-only,?,措辞；用词,措辞；用言语表达,"n. 用词, 措词","n. 话, 消息, 词, 诺言, 命令 vt. 用言辞表达 [计] 字"
29315,29642,radiating,radiate,i,AB,loan,loan,form-more-frequent,keep,辐射；散发,辐射；散发；流露,a. 辐射的,"vt. 放射, 散发, 辐射, 传播, 广播 vi. 发光, 辐射, 流露 a. 有射线的, 辐射状的"
29376,24378,reprogrammed,reprogram,d,AB,loan,loan,lemma-no-gloss,keep,重新编程；改写,重新编程；改写程序,"v. 改编, 程序重调( reprogram的过去式和过去分词 )","[计] 可改编程序, 重编程序"
29384,35637,trills,trill,s,AB,loan,loan,form-more-frequent,keep,颤音；抖动声,颤音,"n. 颤声, 抖音, 啭声( trill的名词复数 ) v. 用抖动的声音说, 用卷舌发音, 发出抖动的声音( tril…","n. 颤声, 颤音, 啭鸣 vt. 用颤声说, 用颤音唱 vi. 发出颤音"
29424,16852,popsicles,popsicle,s,AB,proper,proper,lemma-proper,keep,冰棒（复数）,冰棒；棒冰,冰棍；棒冰,n. 冰棍
29467,47616,traipsing,traipse,i,AB,loan,mono,form-more-frequent,keep,无精打采地走,疲惫地走；闲荡,v. 漫步( traipse的现在分词 ); 拖曳; 在…游荡; 走过,"vi. 闲荡, 疲惫地走 n. 闲荡"
29475,597,toms,tom,s,AB,proper,proper,lemma-proper,keep,汤姆（人名复数）,汤姆（人名）,abbr. 臭氧总量绘图系统（Total Ozone Mapping Spectrometer）,"n. 雄性动物, 雄猫"
29517,43077,countermeasures,countermeasure,s,AB,loan,mono,form-more-frequent,keep,对策；反制措施,对策；反制措施,n. 对策；[军] 对抗措施（countermeasure的复数）,"n. 对策, 反抗手段, 反措施 [法] 对策, 反对手段, 抵制措施"
29527,38170,hamas,hama,s,AB,proper,proper,lemma-proper|lemma-no-gloss|form-more-frequent,keep,哈马斯（组织）,哈马（叙利亚城市）,n. 伊斯兰抵抗运动,哈马[叙利亚西部城市]
29589,16357,nylons,nylon,s,AB,loan,proper,lemma-proper,keep,尼龙长袜,尼龙,n. 尼龙长袜,n. 尼龙 [化] 尼龙; 聚酰胺纤维
29602,46028,interconnected,interconnect,d,AB,loan,loan,form-more-frequent,keep,相互关联的,互连,"v. 互相连接, 互相联系( interconnect的过去式和过去分词)",vt. 使互相连接
29632,46009,particulates,particulate,s,AB,loan,loan,form-more-frequent,keep,颗粒物（复数）,微粒的,"n. 微粒, 粒子( particulate的复数形式 )",n. 微粒 a. 微粒的
29655,31726,omitted,omit,d,AB,loan,mono,form-more-frequent,keep,省略；遗漏；忽略,省略；遗漏,a. 省略了的；省去的,"vt. 省略, 删除, 疏忽, 遗漏 [化] 省略"
29713,4872,flooring,floor,i,B,mono,mono,src-b-only,?,地板材料；地板,地板；楼层,"n. 地板, 地板材料, 铺地板","n. 地板, 楼层, 底部, 底价 vt. 铺地板, 打倒 n. 地面, 地板, 基底 [计] 基底"
29869,3461,pms,pm,s,AB,loan,loan,lemma-no-gloss,keep,经前综合征（缩写）,首相；下午,"[计] 过程监控系统, 计划管理系统 [医] 孕马血清激素","出纳员, 军需官 [计] 调相, 性能管理, 处理模块, 程序存储器"
29911,33683,foreclosed,foreclose,d,AB,loan,loan,form-more-frequent,keep,取消赎回权（过去式）,取消抵押品赎回权,v. 取消（抵押品）赎回权( foreclose的过去式和过去分词 ); 取消（抵押人的）赎回抵押品的权利; 排除; 阻…,"vt. 阻止, 排除, 预先处理, 取消抵押品赎回权 vi. 取消抵押品赎回权"
29956,16000,plummeting,plummet,i,B,loan,,src-b-only,?,骤降；暴跌（现在分词）,垂直落下，暴跌,"v. 垂直落下, 骤然跌落( plummet的现在分词 )","n. 测深锤, 铅坠 vi. 垂直落下"
29983,19896,vos,vo,s,AB,proper,proper,lemma-proper,keep,沃斯（人名/缩写）,沃（人名/缩写）,abbr. 虚拟操作系统（Virtual Operating System）；声控录制系统（Voice Operatio…,abbr. 口头命令（Verbal Order）
30012,38867,sanctified,sanctify,pd,AB,loan,loan,form-more-frequent,keep,神圣化的；圣洁的,使神圣；赐福于,"a. 神圣化的, 认可的, 批准的","vt. 使神圣, 奉献给神, 使成为神圣之物"
30089,8007,loathing,loathe,i,B,mono,mono,src-b-only,?,厌恶；憎恨,厌恶；憎恨,"n. 非常讨厌, 嫌恶, 极不情愿","vt. 厌恶, 憎恶"
30090,41626,squelching,squelch,i,AB,mono,mono,form-more-frequent,keep,发出咕叽声；压制,压制；发出咕叽声,"v. 发吧唧声, 发扑哧声( squelch的现在分词 ); <美>制止; 压制; 遏制","n. 嘎吱声, 压碎的一堆, 使对手哑口无言的话 vt. 压碎, 镇压, 使咯吱咯吱响 vi. 咯吱咯吱响, 涉水而过 …"
30175,37650,fras,fra,s,AB,proper,proper,lemma-proper|form-more-frequent,keep,弗拉斯（人名）,弗拉（人名/缩写）,(fra 的复数) abbr. 联邦铁路局（Federal Railroad Administration）；联邦储备法…,abbr. 联邦铁路局（Federal Railroad Administration）；联邦储备法（Federal R…
30176,16000,plummeted,plummet,d,B,loan,,src-b-only,?,骤降；暴跌（过去式）,垂直落下，暴跌,"v. 垂直落下, 骤然跌落( plummet的过去式和过去分词 )","n. 测深锤, 铅坠 vi. 垂直落下"
30177,40503,streamlined,streamline,d,AB,mono,mono,form-more-frequent,keep,流线型的；精简的,精简；使简化,"a. 流线的, 流线型的, 集成一个整体的, 现代化了的, 精简了的, 合理化了的","n. 流线, 流线型 vt. 使成流线型, 使合理化"
30181,17200,predetermined,predetermine,d,B,loan,,src-b-only,?,预先决定的；注定的,预先决定，注定,a. 业已决定的；先已决定的,"vt. 预先决定, 预先查明 [经] 预定的, 先定的"
30199,36018,scavenging,scavenge,i,B,mono,loan,src-b-only|form-more-frequent,keep,拾荒；搜寻（现在分词）,（在废弃物中）搜寻；食腐,[化] 除气; 除气法; 清除的 [医] 清除,"vt. 打扫, 排除废气, 在...中找有用之物, 以...为食, 清除 vi. 清扫"
30203,30817,minos,mino,s,AB,proper,proper,lemma-proper|form-more-frequent,keep,米诺斯（希腊神话王）,美浓（日本地名）,[计] 米诺斯,n. 日本劳工阶级所穿的草制外衣
30232,23685,remodeled,remodel,pd,A,loan,loan,src-a-only,?,改建；重塑（过去式）,改建；重塑,a. 改造的；改制的 v. 改造（remodel的过去式及过去分词）；重建,"vt. 改造, 改型, 改变"
30251,35923,slobbering,slobber,i,AB,mono,mono,form-more-frequent,keep,流口水；垂涎（现在分词）,流口水；垂涎,[医] 垂涎,"vi. 垂涎, 流口水, 情不自禁地说 vt. 流口水弄湿, 口齿不清地说, 处事马虎 n. 口水, 涎, 过分动情的话…"
30322,36814,descendents,descendent,s,AB,loan,loan,form-more-frequent,keep,后裔；子孙（复数）,下降的；后代的,n. 后裔（descendent的复数）,"a. 下降的, 降落的, 世袭的 [医] 下行的, 降的"
30372,17900,mementos,memento,s,A,loan,,src-a-only,?,纪念品,纪念物，引起回忆的东西,"n. 纪念品, 令人回忆的东西( memento的名词复数 )","n. 纪念物, 令人回忆的东西"
30377,602,felled,fell,d,AB,mono,mono,homograph,?,砍倒；击倒,跌倒（fall的过去式）,"v. 砍倒, 打倒( fell的过去式 ); 砍倒, 打倒( fell的过去式和过去分词 ); 来临; 成为","vt. 击倒 n. 一季所伐的木材, 折缝 a. 凶猛的, 可怕的 fall的过去式"
30455,46856,florins,florin,s,AB,loan,loan,form-more-frequent,keep,弗罗林（金币名）,弗罗林（旧币）,"n. 弗罗林, 一种货币( florin的复数形式 )",n. 弗罗林(货币)
30463,39754,rescuers,rescuer,s,AB,loan,loan,form-more-frequent,keep,救援者；营救人员,救援者,n. 救援者（rescuer的复数）,n. 救助者
30511,44531,diggs,digg,s,AB,proper,proper,lemma-proper|form-more-frequent,keep,迪格斯（人名）,掘客（新闻聚合网站）,(digg 的复数) abbr. 户推荐,abbr. 户推荐
30515,38272,spurned,spurn,p,AB,mono,mono,form-more-frequent,keep,拒绝；摒弃（过去式）,拒绝；摒弃,"v. 一脚踢开, 拒绝接受( spurn的过去式和过去分词 )","n. 踢开, 拒斥 vt. 踢开, 冷落, 践踏, 唾弃 vi. 藐视, 摒弃"
30622,36000,growers,grower,s,AB,mono,mono,form-more-frequent,keep,种植者；栽培者（复数）,种植者；栽培者,雏,"n. 栽培者, 生长物"
30640,36854,peepers,peeper,s,AB,mono,mono,form-more-frequent,keep,眼睛（俚语，复数）,偷窥者；窥视者,n. 窥视者；私家侦探,"n. 窥视者, 嘀咕的人, (非正式)眼睛, (美)(非正式)私家侦探"
30644,41405,seashells,seashell,s,AB,mono,mono,form-more-frequent,keep,海贝壳（复数）,海贝壳,"n. 贝壳, 海洋贝类(seashell的复数形式); 海中软体动物的壳, 贝壳( seashell的复数形式 )",n. 海贝壳
30733,32455,eggshells,eggshell,s,AB,mono,mono,form-more-frequent,keep,蛋壳,蛋壳；蛋壳色,"n. 蛋壳, 易碎的东西( eggshell的复数形式 )",n. 蛋壳
30760,31588,kickbacks,kickback,s,AB,mono,mono,form-more-frequent,keep,回扣；佣金,回扣；佣金,"n. 激烈反应( kickback的复数形式 ); 佣金, 回扣","n. 回答, 反扑, 退还 [电] 蹴后"
30774,8021,ex-girlfriends,ex-girlfriend,s,AB,mono,mono,lemma-no-gloss,keep,前女友,前女友,(ex-girlfriend 的复数) 前女友,前女友
30776,43391,fuming,fume,i,AB,mono,loan,form-more-frequent,keep,愤怒的；冒烟的,烟；气体；发怒,"[医] 熏的, 熏蒸的","n. 臭气, 烟, 激怒 vt. 熏 vi. 冒烟"
30809,13483,trojans,trojan,s,AB,proper,proper,lemma-proper,keep,特洛伊人；木马程序,特洛伊人；木马程序,"n. 特洛伊木马, 木马程式；脱罗央群","a. 特洛伊的, 特洛伊人的 n. 特洛伊人, 勤勉的人, 勇士"
30818,31246,weekdays,weekday,s,AB,mono,mono,form-more-frequent,keep,在工作日；平日,工作日（周一至周五）,"adv. 在每个周日, 在平时每天","n. 周日, 平日 [计] 工作日"
30827,167,mothering,mother,i,B,mono,mono,src-b-only,?,母亲般的照料,母亲,"n. 省亲, 育儿","n. 母亲, 修女院长 vt. 产生, 照看, 收养"
30832,29530,blockers,blocker,s,AB,mono,mono,lemma-no-gloss,keep,阻碍物；阻断剂,阻挡者；阻断剂,n. 阻断剂; 护航者; 雏形锻模(blocker的复数形式),"[医] 阻滞物, 阻滞剂, 阻滞抗体"
30836,11993,pakistanis,pakistani,s,AB,proper,proper,lemma-proper,keep,巴基斯坦人,巴基斯坦的；巴基斯坦人,n. 巴基斯坦人（Pakistani的复数）,a. 巴基斯坦的 n. 巴基斯坦人
30846,35750,waterways,waterway,s,AB,mono,mono,form-more-frequent,keep,水道；航道,水路；航道,"n. 水路, 航道( waterway的复数形式 ); 河渠","n. 航道, 水路 [法] 水道, 水路航道"
30873,42754,macaroons,macaroon,s,AB,loan,loan,form-more-frequent,keep,蛋白杏仁饼,蛋白杏仁饼；马卡龙,n. 蛋白杏仁饼干,n. 蛋白杏仁饼干
30874,34730,sandbags,sandbag,s,AB,mono,mono,form-more-frequent,keep,沙袋,用沙袋堵；胁迫,"n. 沙袋( sandbag的名词复数 ) v. 堆沙袋, 用沙袋打( sandbag的第三人称单数 )","n. 沙袋 vt. 堆沙袋于, 用沙袋打"
30942,25590,denser,dens,r,AB,loan,mono,lemma-no-gloss,keep,更密集的,兽穴；书房（复数）,a. 密集的；浓厚的（dense的比较级） n. (Denser)人名；(英)登泽,"[医] 牙, 齿"
31013,38298,insinuations,insinuation,s,AB,mono,loan,form-more-frequent,keep,暗示；含沙射影,暗示；含沙射影,n. 暗示；暗讽；间接的讽刺,"n. 暗示, 暗讽 [法] 暗指, 暗示, 暗讽"
31063,38793,cataracts,cataract,s,AB,loan,loan,form-more-frequent,keep,白内障；大瀑布（cataract 复数）,白内障；大瀑布,n. 大瀑布( cataract的复数形式 ); <医>白内障,"n. 大瀑布, 奔流, 暴雨, 白内障 [医] 内障, 白内障"
31088,19493,prussians,prussian,s,AB,proper,proper,lemma-proper,keep,普鲁士人,普鲁士的；普鲁士人,a. ☉普鲁士的；普鲁士人的 n. 普鲁士人；＝Old Prussian,"a. 普鲁士的, 普鲁士语的, 普鲁士式的 n. 普鲁士人, 普鲁士语"
31117,21150,polaroids,polaroid,s,AB,proper,proper,lemma-proper,keep,宝丽来照片,宝丽来（品牌）,[光] 偏振片,n. 人造偏振片 [化] 偏振片
31121,40643,zlotys,zloty,s,AB,loan,loan,form-more-frequent,keep,兹罗提（波兰货币）,兹罗提（波兰货币）,(zloty 的复数) n. 兹罗提(波兰货币单位),n. 兹罗提(波兰货币单位)
31149,34543,schoolmates,schoolmate,s,AB,mono,mono,form-more-frequent,keep,同学,同学；校友,"n. 同学, 校友( schoolmate的复数形式 )","n. 同窗, 同学"
31155,31925,migs,mig,s,AB,proper,proper,lemma-proper|form-more-frequent,keep,米格战机,米格（战机/人名）,(Mig 的复数) n. 米格飞机,n. 米格飞机
31197,35986,daffodils,daffodil,s,AB,mono,loan,form-more-frequent,keep,水仙花,水仙花,"n. 黄水仙, （黄）水仙花( daffodil的复数形式 )",n. 水仙花 a. 水仙花色的
31221,18207,stds,std,s,AB,mono,loan,lemma-no-gloss,keep,性传播疾病（缩写）,性传播疾病（缩写）,(STD 的复数) [计] 标准,[计] 标准
31253,34806,strums,strum,3,AB,mono,mono,form-more-frequent,keep,弹拨（吉他等）,弹拨（弦乐器）,v. （漫不经心地）弹（弦乐器）( strum的第三人称单数 ); （漫不经心地）弹拨,"n. 弹拨(声) v. 漫不经心地弹, 漫不经心地奏"
31280,26311,sliders,slider,s,AB,mono,mono,lemma-no-gloss,keep,滑块；小汉堡,滑块；滑动器；小汉堡,(slider 的复数) [电] 滑动器,[电] 滑动器
31307,26466,jesuits,jesuit,s,AB,proper,proper,lemma-proper,keep,耶稣会士,耶稣会士,n. 耶稣会；耶稣会士（Jesuit的复数）,"n. 耶稣会信徒, 阴险的人, 阴谋家"
31315,265,doctoring,doctor,i,B,loan,loan,src-b-only,?,篡改；行医,医生；博士,n. 刮除；医治,"n. 医生, 博士 vt. 授以博士学位, 诊断, 修改 vi. 行医"
31356,16100,instilled,instill,p,B,mono,,src-b-only,?,逐渐灌输；徐徐培养,逐渐灌输；滴注,"v. <美>逐渐使某人获得（某种可取的品质）, 逐步灌输( instill的过去式和过去分词 )","vt. 滴注, 慢慢地灌输"
31361,5073,stadiums,stadium,s,A,loan,loan,src-a-only,?,体育场（复数）,体育场；运动场,n. 体育馆；露天大型运动场（stadium的复数）,"n. 露天大型运动场 [医] 期, 病期"
31420,5629,ras,ra,s,AB,proper,proper,lemma-proper|lemma-no-gloss,keep,（缩写）拉斯；埃塞俄比亚王子,拉（埃及太阳神）,[计] 行地址选通,"正规陆军(美国), (英国)皇家艺术学会, 常备军, 正规军 [计] 重复地址"
31427,35011,stipulated,stipulate,p,AB,loan,loan,form-more-frequent,keep,规定；约定（过去式）,规定；约定,vt.& vi. 规定; 约定 a. [法]合同规定的,"v. 规定, 保证"
31459,44985,wetlands,wetland,s,AB,mono,mono,form-more-frequent,keep,湿地（复数）,湿地,"n. 潮湿的土壤, 沼泽地( wetland的复数形式 )","n. 湿地, 沼泽地 [经] 湿地"
31481,15000,incited,incite,p,B,loan,,src-b-only,?,煽动；激起,煽动；鼓动,"v. 刺激, 激励, 煽动( incite的过去式和过去分词 )","vt. 刺激, 激励, 引诱 [法] 鼓动, 煽动"
31536,39512,unger,ung,r,AB,proper,proper,lemma-proper|form-more-frequent,keep,昂格尔（姓氏）,翁（姓氏/音译）,n. 昂格尔（姓名）,"n. (Ung)人名；(柬)黄(用于名字第一节), 翁；(瑞典、匈)翁格 abbr. （拉）软膏（unguentum, …"
31579,8034,blowed,blow,d,A,mono,mono,src-a-only,?,吹（blow 的方言过去式）,吹；刮（风）,blow的过去式或过去分词,"n. 吹, 打击, 殴打, 花开 v. 吹, 风吹, 吹响, 开花"
31611,574,grouping,group,i,B,loan,loan,src-b-only,?,分组；归类,组；群体,n. 分组 [计] 组,"n. 团体, 组, 团, 群 v. 聚合, 成群 [计] 创建组; 组, 用户组"
31632,6576,pinged,ping,p,B,mono,mono,src-b-only,?,发出砰声；发送信息,砰声；网络延迟信号,v. <非正>发出砰的声响( ping的过去式和过去分词 ),"n. 砰(子弹击中时的声音), 报时的最后一声, 声脉冲 vi. 砰(铛)地发声 [计] internet网络包测程序,…"
31786,15491,usted,ust,d,AB,loan,proper,lemma-proper,keep,您（西班牙语）,乌斯特（人名/缩写）,(ust 的过去分词) abbr. 圣托马斯大学（University of Santo Tomas的缩写）；台湾联合大…,abbr. 圣托马斯大学（University of Santo Tomas的缩写）；台湾联合大学系统；无烟烟草生产商
31820,46790,electrolytes,electrolyte,s,AB,loan,loan,form-more-frequent,keep,电解质,电解质；电解液,"n. <化>电解液, 电解质( electrolyte的复数形式 )","n. 电解物, 电解质, 电解液 [化] 电解质"
31883,10900,ips,ip,s,AB,loan,mono,lemma-no-gloss,keep,知识产权（缩写）,知识产权；网际协议,[计] 英寸/秒,"[计] 初始排列, 指令指示器, 互连网协议"
31885,7535,downloads,download,s,AB,mono,mono,lemma-no-gloss,keep,下载,下载,n. 下载（download的复数）,"[计] 卸载, 下栽"
31889,33489,serfs,serf,s,AB,loan,loan,form-more-frequent,keep,农奴,农奴,"n. 农奴, 奴隶( serf的复数形式 ); 像农奴般遭受奴役的人","n. 农奴, 奴隶, 服苦役的人"
31909,42722,appropriations,appropriation,s,AB,loan,loan,form-more-frequent,keep,拨款；挪用,挪用；拨款；占用,n. 挪用（appropriation的复数形式）,"n. 拨用, 挪用, 拨款 [经] 拨款, 挪用"
31922,32197,jefferies,jeffery,s,AB,proper,proper,lemma-proper|form-more-frequent,keep,杰弗里斯（人名）,杰弗里（人名）,杰弗里斯（男子名）,n. 杰弗里（人名）
31987,20200,gillies,gilly,s,AB,proper,proper,lemma-proper,keep,（姓氏）吉利斯,吉利（人名/昵称）,"(Gilly 的第三人称 -s形式) n.侍从, 男仆","n. 侍从, 男仆"
31999,33776,rinds,rind,s,AB,mono,mono,form-more-frequent,keep,外皮；果皮,外皮；果皮,n. （瓜、果等的）皮( rind的复数形式 ); 外皮; （干酪等）外皮; 硬皮,"n. 树皮, 壳, 外表 vt. 削皮, 剥壳"
32069,15666,syrians,syrian,s,AB,proper,proper,lemma-proper,keep,叙利亚人,叙利亚的；叙利亚人,n. 叙利亚人（Syrian的复数）,"n. 叙利亚人, 叙利亚语 a. 叙利亚语的, 叙利亚人的"
32082,4886,beheld,behold,p,B,mono,mono,src-b-only,?,看见；注视（behold 过去式）,看；注视,behold的过去式和过去分词,"vt. 看到, 注视 vi. 看"
32162,42520,skitters,skitter,s,AB,mono,mono,form-more-frequent,keep,轻快地跑动（第三人称单数）,轻快地跑动；掠过,"v. 掠过水面, 沿水面拉动鱼钩钓鱼, 使掠过水面( skitter的第三人称单数 )","vi. 飞掠而过, 蹦跳 vt. 使掠过水面"
32171,34732,amphibians,amphibian,s,AB,loan,loan,form-more-frequent,keep,两栖动物（复数）,两栖动物,n. 两栖动物( amphibian的复数形式 ); 水陆两用车; 水旱两生植物; 水陆两用飞行器,"a. 两栖类的, 水陆两用的 n. 两栖动物, 水旱两生植物, 水陆两用飞机"
32204,47437,scalding,scald,i,AB,mono,loan,form-more-frequent,keep,滚烫的；灼热的,烫伤；烫洗,"a. 滚烫的, 将近沸腾的, 沸腾的, 灼人的, 尖锐辛辣的 [化] 烫伤","n. 烫伤, 烫洗 v. 烫伤, 烫洗"
32225,33558,cloves,clove,s,AB,loan,loan,form-more-frequent,keep,丁香（香料）,丁香；蒜瓣,"n. [植物]丁香, 公丁香（clove的复数）",n. 丁香 cleave的过去式
32227,38791,pandering,pander,i,AB,mono,mono,form-more-frequent,keep,迎合；纵容,迎合；纵容,v. 迎合（他人的低级趣味或淫欲）( pander的现在分词 ); 纵容某人; 迁就某事物,"vi. 勾引, 怂恿, 卑劣地迎合 n. 拉皮条者, 怂恿者, 助恶者"
32233,2812,coles,cole,s,AB,proper,proper,lemma-proper,keep,科尔斯（姓氏/品牌）,科尔（姓氏/男子名）,[医] 阴茎,"n. 芸苔属植物, 海甘蓝"
32264,41650,neutered,neuter,d,AB,loan,loan,form-more-frequent,keep,阉割；使无效,中性的；无性的,n. 无性动物；中性名词；阉割动物 a. 中性的；不及物的；无性的,"a. 中性的, 不及物的, 生殖器不完全的 n. 中性词, 无性动物, 阉割动物"
32275,34663,razed,raze,d,AB,loan,loan,form-more-frequent,keep,夷平；摧毁,夷平；彻底摧毁,"v. 彻底摧毁, 将…夷为平地( raze的过去式和过去分词 )","vt. 毁灭, 刮去, 把...夷为平地, 消除, 抹去, 破坏"
32315,12229,romanians,romanian,s,AB,proper,proper,lemma-proper,keep,罗马尼亚人,罗马尼亚的；罗马尼亚人,a. 罗马尼亚的；罗马尼亚人的 n. 罗马尼亚人；罗马尼亚语,"n. 罗马尼亚人, 罗马尼亚语 a. 罗马尼亚的"
32333,4875,roofing,roof,i,B,mono,mono,src-b-only,?,屋顶材料；盖屋顶,屋顶；车顶,n. 盖屋顶,"n. 屋顶, 室顶 vt. 给...盖屋顶, 遮蔽"
32337,15200,extradited,extradite,p,B,loan,,src-b-only,?,引渡,引渡（逃犯等）,v. 引渡( extradite的过去式和过去分词 ),"vt. 引渡, 获取(逃犯等)的引渡 [法] 引渡, 使被引渡"
32379,35978,patronising,patronise,i,B,mono,loan,src-b-only|form-more-frequent,keep,居高临下的；屈尊的,以高人一等的态度对待；光顾,vt. （英）保护（等于patronize）,"vt. 庇护, 资助, 赞助, 保护, 光顾, 惠顾, 对...以恩人自居"
32380,33845,contours,contour,s,AB,loan,loan,form-more-frequent,keep,轮廓；等高线,轮廓；等高线,"n. 外形, 轮廓( contour的名词复数 ); 地图上表示相同海拔各点的)等高线",n. 轮廓 vt. 画轮廓 a. 显示轮廓的 [计] 轮廓
32412,41630,conked,conk,d,AB,mono,mono,form-more-frequent,keep,（口）昏睡；敲击头部,敲击头部；昏倒,"a. 出故障的, 停止的","n. 鼻, 头 vi. 坏掉, 出毛病, 昏迷 vt. 敲...的头"
32431,44824,telecommunications,telecommunication,s,AB,loan,loan,form-more-frequent,keep,电信,电信,"n. 电信, 通讯, 电信学 [电] 电通信","n. 电讯, 远距离通讯, 无线电通讯 [计] 远程通信, 电信"
32466,43243,idolized,idolize,p,AB,loan,loan,form-more-frequent,keep,崇拜；极度喜爱（过去式）,崇拜；偶像化,v. 将（某人）当作偶像崇拜( idolize的过去式和过去分词 ),"vt. 把...当偶像崇拜, 极端崇拜, 醉心于 vi. 崇拜偶像"
32474,7373,tailoring,tailor,i,B,loan,loan,src-b-only,?,裁缝业；定制,裁缝,"n. 裁缝业, 做衣服, 成衣, 剪裁, 制作","n. 裁缝, 成衣匠 vt. 缝制, 制作, 使适应 vi. 做裁缝"
32557,6252,balling,ball,i,B,mono,mono,src-b-only,?,成球；狂欢（俚语）,球,[化] 成球,"n. 球, 舞会, 球状物 v. 捏成球形"
32561,46762,downsizing,downsize,i,AB,mono,mono,form-more-frequent,keep,裁员；缩小规模,裁员；缩小规模,[计] 小型化,vt. 以较小尺寸设计；缩小尺寸；裁减人数
32562,35403,hibernating,hibernate,i,AB,loan,mono,form-more-frequent,keep,冬眠；蛰伏,冬眠,"v. （某些动物）冬眠, 蛰伏( hibernate的现在分词 )","vi. 过冬, 冬眠, 避寒"
32567,16800,enthralled,enthrall,p,B,mono,,src-b-only,?,着迷的；被吸引的,迷住，使着迷,"v. 迷住, 吸引住( enthrall的过去式和过去分词 ); 使感到非常愉快","vt. 迷惑, 奴役, 迷住"
32577,35432,begets,beget,3,AB,mono,mono,form-more-frequent,keep,产生；引起；生育,产生；生育,"v. <文>为…之生父( beget的第三人称单数 ); 产生, 引起","vt. 为某人之生父, 招致, 产生, 引起"
32583,3424,caesars,caesar,s,AB,proper,proper,lemma-proper,keep,凯撒（人名/酒店品牌）,凯撒,n. 凯撒大帝；独裁者,"n. 恺撒, 暴君"
32600,10798,ccs,cc,s,AB,mono,loan,lemma-no-gloss,keep,碳捕集与封存（缩写）,抄送；毫升,[化] 中国化学会,"复写本 [计] 中央计算机, 中央控制台, 通道命令, 通信中心, 条件码, 循环检验, 抄送"
32629,1640,welling,well,i,B,mono,mono,src-b-only,?,涌出；涌起（现在分词）,好地；健康的,n. 威林（姓氏）；威灵电机（商品名称）,"n. 井, 泉水, 源泉, 好 v. 涌出 a. 健康的, 良好的, 适宜的, 恰当的 adv. 很好地, 适当地, 好…"
32637,3205,mos,mo,s,AB,loan,proper,lemma-proper,keep,月份（缩写）；巨量,莫（人名缩写）；瞬间,"[计] 管理操作系统, 金属氧化物半导体","n. 顷刻, 瞬间, 函购, 邮购, 军医, 军医主任, 汇票, 邮政汇票 [化] 分子轨道"
32667,1450,lowing,low,i,B,mono,mono,src-b-only,?,牛哞哞叫（现在分词）,低的（地）,n. 牛鸣,"n. 低点, 低价, 低, 牛叫声 a. 低的, 消沉的, 低等的, 浅的, 卑贱的 adv. 低下地, 谦卑地, 低 …"
32751,6612,comming,com,i,AB,mono,mono,lemma-no-gloss,keep,来（come 的变体拼写）,网站域名后缀；公司,(COM 的现在分词) [计] 计算机输出缩微胶片; 计算机输出胶片缩微机,[计] 计算机输出缩微胶片; 计算机输出胶片缩微机
32757,1845,zoned,zone,p,B,loan,loan,src-b-only,?,（口语）走神的；分区的,地带；区域,"a. 佩带象征处女的环带的, 划成区带的, 处女(般)的","n. 地带, 带, 地区 vt. 环绕, 使分成地带 vi. 分成区 [计] 卡片顶部的三行区; 区; 区域"
32770,97,offing,off,i,B,mono,mono,src-b-only,?,附近；即将发生,离开；关闭,"n. 海面, 离岸距离","a. 关着的, 不再生效的, 处于...境况的, 休假的, 空闲的 adv. 走开, ...掉, ...下, 休息, 出…"
32806,4195,harbors,harbor,3,B,mono,mono,src-b-only,?,港口；避难所,港口；避难所,n. 海港( harbor的名词复数 ); 海湾; 避难所; 躲藏处,"n. 港, 避难所 v. 庇护, 藏匿, (使)入港停泊"
32874,14588,toros,toro,s,AB,loan,proper,lemma-proper,keep,公牛（西班牙语复数）,托罗（姓氏/公牛）,(toro 的复数) n. （斗牛用的）公牛,n. （斗牛用的）公牛
32975,5000,transitioning,transition,i,B,loan,,src-b-only,?,过渡；转变,过渡，转变,转向（transition的现在分词） 过渡（transition的现在分词）,"n. 转变, 转换, 变迁, 过渡时期, 临时转调 [化] 跃迁"
33037,31538,dissed,diss,p,B,mono,mono,lemma-no-gloss|src-b-only,keep,侮辱；轻视,侮辱；贬低（俚语）,v. 羞辱（diss的过去分词）,迪丝草纤维
33060,41370,ensuing,ensue,i,B,loan,loan,src-b-only|form-more-frequent,keep,随后的；接着的,接着发生；随之而来,a. 接著发生的,"vi. 跟着发生, 继起 vt. 追求"
33109,12551,glitches,glitch,s,AB,mono,mono,lemma-no-gloss,keep,小故障；小毛病,小故障；小毛病,"n. 小过失, 差错( glitch的复数形式 )",[计] 假信号
33115,5160,pocketed,pocket,p,B,mono,mono,src-b-only,?,把…据为己有；装入口袋,口袋；衣兜,[体]运动员被挤在人群里,"n. 口袋, 钱袋, 钱, 容器 vt. 装...在口袋里, 隐藏, 抑制, 私吞, 搁置, 击...入袋 a. 袖珍的…"
33141,34670,pixels,pixel,s,AB,loan,loan,form-more-frequent,keep,像素（复数）,像素,n. 像素；像素点（pixel的复数）,n. 像素 [计] 象素
33152,5125,x-rayed,x-ray,p,B,mono,mono,src-b-only,?,用 X 光检查,X射线；X光片,v. 照X光( x-ray的过去式 ),"a. X射线的 vt. 用X光检查, 照X光 vi. 使用X光"
33195,25540,texans,texan,s,AB,proper,proper,lemma-proper,keep,得克萨斯人,得克萨斯人,n. 德克萨斯人（Texan的复数形式）；德州人队（足球队名）,"a. 得克萨斯州的 n. 得克萨斯州的人, 得克萨斯人"
33218,43490,bungled,bungle,p,AB,mono,mono,form-more-frequent,keep,搞砸；弄糟,搞砸；笨手笨脚地做,"v. 搞糟, 完不成( bungle的过去式和过去分词 ); 笨手笨脚地做; 失败; 完不成","v. 拙劣地工作, 粗制滥造, 把...搞糟 n. 粗劣, 失误, 笨拙"
33304,43962,customized,customize,d,AB,loan,mono,form-more-frequent,keep,定制的；个性化的,定制；按需修改,n. 自定义；客制化；自定义级别,"vt. 定制, 按规格改制, 定做 [计] 定制"
33310,39220,doting,dote,i,AB,mono,mono,form-more-frequent,keep,溺爱的；偏爱的,溺爱；昏聩,"a. 偏爱的, 溺爱的","vi. 昏聩, 溺爱"
33321,13558,rainforests,rainforest,s,AB,mono,mono,lemma-no-gloss,keep,热带雨林,雨林,n. （热带）雨林( rainforest的复数形式 ),[生态]雨林
33387,33426,opiates,opiate,s,AB,loan,loan,form-more-frequent,keep,鸦片制剂；麻醉剂,鸦片制剂；麻醉剂,"n. 鸦片制剂（通常用于镇痛或催眠）( opiate的复数形式 ); 缓和, 减轻","n. 鸦片制剂, 镇静剂 a. 含鸦片的, 催眠的 vt. 使麻醉, 使缓和"
33396,14426,teleported,teleport,p,B,loan,loan,src-b-only,?,瞬间移动；远距传送,瞬间移动；传送,v. （心灵学用语）心灵运输（物体、人）( teleport的过去式和过去分词 ),vt.(心灵学用语)心灵运输(物体、人)
33403,35189,inhibited,inhibit,d,AB,loan,mono,form-more-frequent,keep,拘谨的；受抑制的,抑制；阻止,"a. 抑制情感的, 约束行动的 [计] 禁止的, 抑制的","vt. 禁止, 抑制 vi. 起抑制作用"
33406,41245,lemmings,lemming,s,AB,loan,mono,form-more-frequent,keep,旅鼠；盲从者,旅鼠；盲从者,n. 旅鼠( lemming的复数形式 ),n. 旅鼠
33420,4330,shrunken,shrink,d,A,mono,mono,src-a-only,?,皱缩的；缩小的,收缩；退缩,a. 缩小的 shrink的过去分词,"n. 收缩, 萎缩, 回避 vi. 收缩, 退缩, 萎缩, 缩小, 回避 vt. 使收缩, 使缩小"
33421,47715,yammering,yammer,i,AB,mono,mono,form-more-frequent,keep,不停抱怨；喋喋不休,抱怨；喋喋不休,"v. 叹息, 哭泣, 抱怨( yammer的现在分词 )","vi. 哀号, 哭泣, 嗥叫 vt. 抱怨 n. 哭诉, 废话"
33443,3209,booed,boo,p,B,mono,mono,src-b-only,?,发出嘘声；喝倒彩,嘘（表示不满）,v. 发出嘘声( boo的过去式和过去分词 ),"v. 嘘(某人), 喝倒彩 interj. 嘘"
33447,16900,overlay,overlie,p,B,mono,,src-b-only,?,覆盖；叠加,躺在……上面，覆盖在……之上,"n. 覆盖, 覆盖图, 使负担过重 overlie的过去式 [计] 覆盖, 覆盖图","vt. 躺在...上面, 压在...上面, 盖得使窒息, 压得...闷死"
33464,15755,thunderbirds,thunderbird,s,AB,proper,proper,lemma-proper,keep,雷鸟；雷霆鸟（神话/剧名）,雷鸟（神话/品牌）,[电影]雷鸟惊航,interj. 妙哇!
33476,5829,strolled,stroll,p,B,loan,mono,src-b-only,?,漫步；闲逛,散步；闲逛,vi. 散步（stroll的过去式形式）,"n. 闲逛, 漫步 v. 闲逛, 漫步"
33504,40012,stirrups,stirrup,s,AB,mono,mono,form-more-frequent,keep,马镫,马镫；镫骨,n. 马蹬( stirrup的复数形式 ),"n. 马镫, 镫具, U形物 [化] 钢箍"
33505,28041,athenians,athenian,s,AB,proper,proper,lemma-proper,keep,雅典人,雅典人；雅典的,n. 雅典人,"n. 雅典人 a. 雅典的, 雅典人的"
33512,6794,canvassed,canvas,d,AB,mono,loan,homograph,?,游说；拉票；调查,帆布；画布,v. （在政治方面）游说( canvass的过去式和过去分词 ); 调查（如选举前选民的）意见; 为讨论而提出（意见等）…,"n. 帆布, 画布, 油画 [化] 帆布"
33512,16210,canvassed,canvass,p,B,mono,mono,src-b-only|homograph,?,游说；拉票；调查,拉票；游说；调查,v. （在政治方面）游说( canvass的过去式和过去分词 ); 调查（如选举前选民的）意见; 为讨论而提出（意见等）…,"n. 细查, 讨论, 游说 vt. 彻底检查, 向...拉票或拉生意, 讨论 vi. 游说"
33550,38727,resurfaced,resurface,p,AB,mono,mono,form-more-frequent,keep,重新出现；重铺路面,重新出现；重铺路面,"v. 给（路等）铺设新路面( resurface的过去式和过去分词 ); 重新升至表面, 重新露面",vi. 重铺路面 vi. 重新露面
33596,39107,brigands,brigand,s,AB,loan,loan,form-more-frequent,keep,强盗；土匪（复数）,强盗；土匪,"n. 土匪, 强盗( brigand的复数形式 )","n. 土匪, 强盗 [法] 土匪, 盗贼"
33613,1560,cruelest,cruel,t,A,loan,mono,src-a-only,?,最残忍的,残酷的；残忍的,a. 残酷的；残忍的；残暴的；故意使别人遭受痛苦的；以他人的痛苦为乐的；令人痛苦的,"a. 残酷的, 令人极痛苦的 [法] 残忍的, 残酷的"
33718,38188,zealots,zealot,s,AB,loan,loan,form-more-frequent,keep,狂热者；极端分子,狂热者；极端分子,"n. 热心者, 狂热者( zealot的复数形式 )","n. 热心者, 狂热者, 犹太教狂热信徒 [法] 狂热分子, 激烈分子"
33736,10756,saudis,saudi,s,AB,proper,proper,lemma-proper,keep,沙特阿拉伯人（复数）,沙特阿拉伯的,沙特阿拉伯人的（Saudi的名词复数） 沙特阿拉伯国家的（Saudi的名词复数）,a. 沙乌地阿拉伯（人或语）的
33757,39578,cartwheels,cartwheel,s,AB,mono,mono,form-more-frequent,keep,侧手翻（复数）,侧手翻；车轮,"n. （大车）车轮( cartwheel的名词复数 ); 侧手翻, 侧身筋斗","n. 车轮(货车的车轮), 侧手翻"
33784,2880,waltzes,waltz,3,B,loan,loan,src-b-only,?,华尔兹舞曲（复数）,华尔兹；跳华尔兹,"n. 华尔兹舞( waltz的名词复数 ); 华尔兹舞曲 v. 与…跳华尔兹舞( waltz的第三人称单数 ); 强拉,…","n. 华尔兹舞, 圆舞曲 a. 华尔兹舞的, 圆舞曲的 vi. 跳华尔兹舞, 轻快地走动 vt. 与...跳华尔兹舞, …"
33789,37105,sickened,sicken,d,AB,mono,mono,form-more-frequent,keep,使厌恶；生病（过去式）,使恶心；生病,"v. （使）生病( sicken的过去式和过去分词 ); 使厌恶, 使恶心","vt. 患病, 使厌倦, 使恶心 vi. 生病, 作呕"
33866,33800,jazzed,jaz,p,AB,mono,proper,lemma-proper|homograph,keep,兴奋的；热情的,爵士（人名/音乐简称）,vt. 把…奏成爵士音乐（jazz的过去式与过去分词形式）,n. (Jaz)人名；(苏丹)贾兹
33866,2824,jazzed,jazz,p,B,mono,loan,src-b-only|homograph,?,兴奋的；热情的,爵士乐,vt. 把…奏成爵士音乐（jazz的过去式与过去分词形式）,"n. 爵士乐, 喧闹 a. 爵士乐的, 喧吵的 vi. 演奏爵士乐, 跳爵士舞, 游荡 vt. 奏爵士乐, 使活泼"
33867,31538,dissing,diss,i,AB,mono,mono,lemma-no-gloss,keep,侮辱；贬低（俚语）,侮辱；贬低（俚语）,v. 迪丝草纤维( diss的现在分词 ),迪丝草纤维
33895,42158,treetops,treetop,s,AB,mono,mono,form-more-frequent,keep,树梢,树梢,n. 树稍( treetop的复数形式 ),n. 树稍
33900,42162,yrs,yr,s,AB,mono,mono,lemma-no-gloss|form-more-frequent,keep,年（years 缩写）,年（year 缩写）,abbr. 年（years）；你们的（yours）,[计] 年 [经] 年
33919,23254,frolicking,frolic,i,B,mono,mono,src-b-only,?,嬉戏,嬉戏；欢闹,v. 嬉戏( frolic的现在分词 ),"n. 嬉戏 vi. 嬉戏 a. 嬉戏的, 欢乐的"
33943,12100,majoring,major,i,B,mono,,src-b-only,?,主修,主要的；重大的,major（以…为专业）的现在分词形式,"n. 主修课, 成年人, 陆军少校 a. 主要的, 较多的, 大部分的, 成年的, 严重的 vi. 主修 [计] 主要,…"
34039,39620,alles,alle,s,AB,loan,loan,form-more-frequent,keep,一切（德语）,（德语）林荫道,(alle 的复数) n. 政府彩票组织国际协会；阿莱（电影名称）,n. 政府彩票组织国际协会；阿莱（电影名称）
34105,16559,firewalls,firewall,s,AB,mono,mono,lemma-no-gloss,keep,防火墙（复数）,防火墙,"(firewall 的复数) [计] 放火墙, 隔离","[计] 放火墙, 隔离"
34109,12200,pedaling,pedal,i,A,loan,,src-a-only,?,踩踏板；骑车,足的；脚踏的,vt.& vi. 踩自行车的踏板（pedal的现在分词形式）,"n. 踏板, 脚蹬子 a. 脚的, 脚踏的 vt. 用脚踏动 vi. 踩踏板, 骑车"
34175,38324,rivets,rivet,s,AB,loan,loan,form-more-frequent,keep,铆钉,铆钉；吸引,n. 铆钉( rivet的名词复数 ) v. 铆接( rivet的第三人称单数 ); 把…固定住; 吸引; 引起某人的注…,"n. 铆钉 vt. 用铆钉固定, 敲进去, 注目, 吸引住"
34214,41370,ensued,ensue,p,AB,loan,loan,form-more-frequent,keep,接着发生；随之而来,接着发生；随之而来,"v. 接着发生, 因而产生( ensue的过去式和过去分词 )","vi. 跟着发生, 继起 vt. 追求"
34303,18398,analyses,analyse,3,B,loan,loan,src-b-only|homograph,?,分析（analysis的复数）,分析,"pl. 分析, 检验, 解析, 分解","vt. 分析, 细察, 分解 [经] 分析"
34303,3217,analyses,analysis,s,AB,loan,loan,homograph,?,分析（analysis的复数）,分析；解析,"pl. 分析, 检验, 解析, 分解",n. 分析 [计] 分析机; 分析员; 分析; 分析程序
34320,6627,tutored,tutor,p,B,loan,loan,src-b-only,?,辅导；指导（过去式）,导师；家庭教师,v. 当家庭教师( tutor的过去式和过去分词 ); 任大学导师; 任课,"n. 家庭教师, 导师, 助教, 监护人 vt. 当...的教师, 教, 指导, 约束, 克制 vi. 当家庭教师, 受…"
34326,36460,semi-finals,semi-final,s,AB,loan,loan,form-more-frequent,keep,半决赛,半决赛,n. 半决赛( semi-final的复数形式 ),n. 半决赛; 准决赛; 复赛
34329,12837,hrs,hr,s,AB,loan,loan,lemma-no-gloss,keep,小时（hours缩写）,小时（hour 缩写）,abbr. 高分辨率光谱仪（High Resolution Spectrometer）,[经] 小时
34400,45007,cohorts,cohort,s,AB,loan,loan,form-more-frequent,keep,一群同伴；同伙,一群；同批人,n. 军团; （古罗马军队的）步兵大队( cohort的复数形式 ); 一群人; 同伙; 支持者,n. 一群；步兵大队；支持者；共同特点的一群人
34500,31763,outdid,outdo,p,B,mono,mono,src-b-only,?,胜过；超越（过去式）,胜过；超越,outdo的过去式,"vt. 超越, 胜过, 战胜"
34531,40830,tassels,tassel,s,AB,loan,loan,form-more-frequent,keep,流苏；穗,流苏；穗,n. 流苏（tassel的复数形式）,"n. 流苏, 缨, 穗 vt. 装缨于, 摘下...穗 vi. 抽穗"
34609,16168,bulgarians,bulgarian,s,AB,proper,proper,lemma-proper,keep,保加利亚人（复数）,保加利亚的；保加利亚人,n. 保加利亚人[语]( Bulgarian的复数形式 ),n. 保加利亚人；保加利亚语
34616,36626,instalments,instalment,s,AB,loan,loan,form-more-frequent,keep,分期付款；分期刊载,分期付款；连载的一期,n. 一部分( instalment的复数形式 ); 一集; 每一期摊付的款项; 分期付款,"n. 就职, 装设, 分期付款"
34641,12983,ukrainians,ukrainian,s,AB,proper,proper,lemma-proper,keep,乌克兰人（复数）,乌克兰的；乌克兰人,乌克兰人,a. 乌克兰的；乌克兰人的
34651,40923,sparklers,sparkler,s,AB,mono,mono,form-more-frequent,keep,烟花棒；闪光物,烟花棒；闪耀之物,"n. 闪烁发光物（尤指烟火）, <口>宝石( sparkler的复数形式 )","n. 钻石, 花炮, 烟火, 才华焕发的人"
34742,23753,whupped,whup,p,AB,mono,mono,lemma-no-gloss,keep,痛打；击败（过去式）,痛打；击败,(whup 的过去时) [美俚]大胜,[美俚]大胜
34748,11787,eyeballing,eyeball,i,B,mono,mono,src-b-only,?,注视；打量,眼球,"[计] 目视检查, 目测",n. 眼球 [医] 眼球
34765,9974,acs,ac,s,AB,loan,loan,lemma-no-gloss,keep,急性冠脉综合征（缩写）,交流电；空调（缩写）,"[计] 高级通信服务, 先进密码系统, 汇编管理系统, 自动控制系统 [医] 阳极通电声","公元前 [计] 存取周期, 累加器, 声耦合器, 交流, 应用控制, 自动检查, 自动计算机"
34779,47061,infuriated,infuriate,d,AB,loan,loan,form-more-frequent,keep,激怒的；狂怒的,激怒；使大怒,"v. 使大怒, 激怒( infuriate的过去式和过去分词 )",a. 狂怒的 vt. 激怒
34820,34976,environmentalists,environmentalist,s,AB,loan,mono,form-more-frequent,keep,环保主义者（复数）,环保主义者,"n. 环境保护论者, 人类生态学者( environmentalist的复数形式 )",n. 环保人士
34826,35025,flecks,fleck,s,AB,mono,mono,form-more-frequent,keep,斑点；微粒（复数）,斑点；微粒,"n. 斑点, 小点( fleck的名词复数 ); 癍","n. 斑点, 雀斑, 斑纹 vt. 使起斑点, 使有斑纹, 使有斑驳"
34915,30156,airbags,airbag,s,AB,mono,mono,lemma-no-gloss,keep,安全气囊（复数）,安全气囊,(airbag 的复数) [机] 空气囊,[机] 空气囊
34925,43695,laminated,laminate,p,B,mono,loan,src-b-only|form-more-frequent,keep,层压的；覆膜的,层压；覆膜,"a. 用薄片层压制成, 切成薄片, 把...分成薄片, 由薄片迭成/覆盖的, 层压板 [计] 层压的, 叠层的","vt. 制成薄板, 制成箔 vi. 分成薄片 a. 薄板状的 n. 层积塑胶板, 薄片制品 [计] 层压"
34939,35931,facets,facet,s,AB,loan,loan,form-more-frequent,keep,方面；刻面,方面；刻面,n. （宝石或首饰的）小平面( facet的复数形式 ); （事物的）面; 方面,"n. (多面体的)面, 方面, 琢面 [医] 小平面, 小面"
34965,10810,ches,ch,s,A,proper,loan,lemma-no-gloss|src-a-only,keep,切斯（人名）,章；频道,abbr. 中国水利协会（Chinese Hydraulic Engineering Society）；套管井勘探服务,"[计] 改变, 通道, 信道, 字符, 检验"
35021,9231,joules,joule,s,AB,loan,proper,lemma-proper,keep,焦耳（能量单位，复数）,焦耳，英国物理学家,n. 焦耳( joule的复数形式 ),n. 焦耳 [化] 焦耳
35086,46468,blathering,blather,i,AB,mono,mono,form-more-frequent,keep,喋喋不休；胡扯,胡扯；喋喋不休,"v. 说蠢话, 胡说( blather的现在分词 )","vi. 说废话 n. 废话, 胡说"
35092,42547,capsized,capsize,p,AB,mono,loan,form-more-frequent,keep,（船）倾覆（过去式）,（船）倾覆,"v. （使船）翻, 倾覆( capsize的过去式和过去分词 )","v. 翻覆, 倾覆"
35181,37105,sickens,sicken,s,AB,mono,mono,form-more-frequent,keep,使厌恶；使生病,使恶心；生病,"v. （使）生病( sicken的第三人称单数 ); 使厌恶, 使恶心","vt. 患病, 使厌倦, 使恶心 vi. 生病, 作呕"
35231,42848,animators,animator,s,AB,loan,loan,form-more-frequent,keep,动画师；动画制作者,动画师；动画制作者,n. 动画片绘制者( animator的复数形式 ),"n. 赋与生气者, 鼓舞者, 漫画制作者"
35233,15024,grammys,grammy,s,AB,proper,proper,lemma-proper,keep,格莱美奖,格莱美奖,(Grammy 的复数) n. 格兰密唱片奖,n. 格兰密唱片奖
35264,10590,starships,starship,s,AB,mono,mono,lemma-no-gloss,keep,星际飞船,星际飞船,(starship 的复数) 恒星飞船,恒星飞船
35276,970,deviled,devil,pd,A,loan,loan,src-a-only,?,加辣调味的,魔鬼；恶魔,a. 蘸了很多芥末的,"n. 魔鬼 vt. 折磨, 戏弄"
35296,6180,pent,pen,p,A,mono,mono,src-a-only,?,被关押的；压抑的,钢笔；笔,"a. 被关禁的, 被关起来的 n. 单斜顶棚","n. 钢笔, 笔, 笔调, 笔杆子, 作家, 围栏, 栅栏, 禽畜 vt. 写, 关入栏中, 囚禁 vi. 动笔, 写作"
35340,34000,bloomers,bloomer,s,AB,mono,mono,lemma-no-gloss,keep,灯笼裤；女式短裤,失误；开花植物,n. 灯笼裤,布卢默(姓氏)
35348,36230,baubles,bauble,s,AB,loan,loan,form-more-frequent,keep,小装饰品；华而不实之物,小玩意儿；华而不实之物,n. 小玩意( bauble的复数形式 ); 华而不实的小件装饰品; 无价值的东西; 丑角的手杖,"n. 美观而无价值的东西, 玩具, 小玩意"
35353,10846,victorians,victorian,s,AB,proper,proper,lemma-proper,keep,维多利亚时代的人,维多利亚时代的,n. 维多利亚时代,"a. 英国维多利亚女王时代的, 笃信宗教的, 讲究体面的 n. 维多利亚女王时代的英国人"
35396,47169,miscarried,miscarry,pd,AB,mono,loan,form-more-frequent,keep,流产；失败（过去式）,流产；失败,v. （指妇女）流产( miscarry的过去式和过去分词 ); （指计划等）失败,"vi. 失败, 被误送, 流产 [医] 流产"
35511,8582,torpedoed,torpedo,p,B,loan,loan,src-b-only,?,用鱼雷击沉；彻底破坏,鱼雷,vt. 用鱼雷袭击（torpedo的过去式与过去分词形式）,"n. 鱼雷, 水雷, 地雷 vt. 用鱼雷袭击, 破坏"
35530,20400,expedited,expedite,p,B,loan,,src-b-only,?,加快；加速处理,加速；促进；迅速完成,v. 加快进展( expedite的过去式和过去分词 ); 迅速完成,"vt. 加快, 促进, 发出 a. 畅通的, 无阻碍的, 迅速的, 方便的"
35566,36597,dislodged,dislodge,d,AB,mono,loan,form-more-frequent,keep,移开；驱逐,移开；逐出,"v. 把…赶出, 从…逐出, 把…移去( dislodge的过去式和过去分词 )","vt. 逐出, 使移动, 驱逐 vi. 离开原位"
35600,41586,pixies,pixy,s,AB,mono,mono,form-more-frequent,keep,小精灵,小精灵；淘气鬼,"n. 小精灵, 小仙子( pixie的名词复数 )","n. 小精灵, 小鬼, 小淘气 a. 淘气的, 恶作剧的"
35674,4099,finns,finn,s,AB,proper,proper,lemma-proper,keep,芬兰人（复数）,芬兰人；芬恩（人名）,n. 芬兰人( Finn的名词复数 ),n. 芬兰人
35714,21000,conquistadors,conquistador,s,A,loan,,src-a-only,?,西班牙征服者（复数）,征服者（尤指16世纪西班牙征服美洲者）,"(conquistador 的复数) n. 西班牙征服者, 征服者","n. 西班牙征服者, 征服者"
35822,33691,rivas,riva,s,AB,proper,proper,lemma-proper,keep,里瓦斯（姓氏/地名）,里瓦（人名/品牌）,(riva 的复数) n. 莉娃（女子名）,n. 莉娃（女子名）
35833,45373,carbohydrates,carbohydrate,s,AB,loan,loan,form-more-frequent,keep,碳水化合物（复数）,碳水化合物,"n. 碳水化合物, 糖类( carbohydrate的复数形式 ); 淀粉质或糖类食物","n. 碳水化合物, 糖类 [化] 糖类; 碳水化合物"
35856,42462,chaperoning,chaperon,i,AB,loan,loan,form-more-frequent|homograph,keep,陪伴；护送（chaperone 现在分词）,陪护人；监护人,"v. 陪伴, 伴随（未婚少女）( chaperon的现在分词 ); 作女子陪伴人, 作监护人( chaperone的现在…",n. 年长女伴 vt. 伴护
35856,13713,chaperoning,chaperone,i,B,loan,loan,src-b-only|homograph,?,陪伴；护送（chaperone 现在分词）,陪护人；监护人,"v. 陪伴, 伴随（未婚少女）( chaperon的现在分词 ); 作女子陪伴人, 作监护人( chaperone的现在…",n. 年长女伴 vt. 伴护
35866,43343,immobilized,immobilize,d,AB,loan,loan,form-more-frequent,keep,使不动；固定（immobilize 过去式）,使不能动；固定,"v. 使不动, 使固定( immobilize的过去式和过去分词 )","vt. 使不动, 使固定, 使不能移动 [医] 制动, 固定"
35886,9155,screenings,screening,s,AB,mono,mono,lemma-no-gloss,keep,放映；筛查（复数）,筛查；放映,n. 筛后残余的物；筛屑；残渣,"[医] 筛选, 筛分(如普查癌、结核等病), 萤光屏检查"
35925,12188,borgias,borgia,s,AB,proper,proper,lemma-proper,keep,波吉亚家族,波吉亚（家族名）,n. (Borgias)人名；(希)博尔亚斯,n. 博尔吉亚（意大利15、16世纪权门家族）
35954,38063,sayers,sayer,s,AB,proper,mono,form-more-frequent,keep,塞耶斯（姓氏）,说话者；预言者,n. 塞耶斯（姓氏）,n. 说话的人
36022,24049,munchkins,munchkin,s,AB,mono,proper,lemma-proper,keep,小矮人；小甜甜圈（复数）,芒奇金人；小矮人,"(munchkin 的复数) n. 小巧玲珑的人, 忙个不停的人","n. 小巧玲珑的人, 忙个不停的人"
36026,8525,atms,atm,s,AB,proper,mono,lemma-no-gloss,keep,自动取款机（复数）,自动取款机,先进的交通管理系统,[计] 自动出纳机; 异步传输方式
36027,19920,hobbits,hobbit,s,AB,proper,proper,lemma-proper,keep,霍比特人（复数）,霍比特人（虚构种族）,哈比人,n. （英国作家J R R Tolkien笔下的）
36158,24517,legos,lego,s,AB,proper,proper,lemma-proper,keep,乐高积木（复数）,乐高（积木品牌）,(lego 的复数) n. 乐高积木（商标名）,n. 乐高积木（商标名）
36162,37460,slavs,slav,s,AB,proper,loan,form-more-frequent,keep,斯拉夫人（复数）,斯拉夫人,n. 斯拉夫人( Slav的名词复数 ),a. 斯拉夫人的；斯拉夫语的
36201,7085,quizzes,quiz,3,B,mono,loan,src-b-only,?,测验；小考,测验；知识竞赛,n. 智力比赛；小测验（quiz复数形式）,"n. 考查, 课堂测验, 恶作剧, 智力测验 vt. 戏弄, 考查, 恶作剧"
36225,8014,hebrews,hebrew,s,AB,proper,proper,lemma-proper,keep,希伯来人；希伯来书,希伯来语；希伯来人,n. [圣经]希伯来书（新约之一卷）,"n. 希伯来人, 希伯来语, 犹太人 a. 希伯来人的, 希伯来语的"
36290,41425,secretions,secretion,s,AB,loan,loan,form-more-frequent,keep,分泌物；分泌（复数）,分泌物；分泌,n. 分泌（物）( secretion的复数形式 ),"n. 分泌, 分泌物, 分泌液, 隐蔽 [医] 分泌; 分泌物"
36306,813,favoring,favor,i,B,loan,loan,src-b-only,?,偏爱；支持（现在分词）,恩惠；帮助；赞成,"a. 顺利的, 有利的","n. 好意, 喜爱 vt. 赐予, 支持, 喜欢, 证实"
36338,41233,geraniums,geranium,s,AB,loan,loan,form-more-frequent,keep,天竺葵（复数）,天竺葵,n. 天竺葵( geranium的复数形式 ),"n. 老鹳草属植物, 天竺葵 [化] 老鹳草"
36478,130,betters,better,s,AB,mono,mono,homograph,?,更优秀者；上司,更好的,n. 长辈；胜于己者,a. 较好的 adv. 比较好
36492,36582,castaways,castaway,s,AB,mono,mono,form-more-frequent,keep,（船难）漂流者；被遗弃者,漂流者；被抛弃的人,"n. 被抛弃的人, 坐船遇难者, 漂流者( castaway的复数形式 )","n. 被抛弃的人, 坐船遇难者 a. 被抛弃的, 遭难的"
36576,37985,beckoning,beckon,i,AB,mono,mono,form-more-frequent,keep,招手示意；吸引,招手；示意,a. 引诱人的；令人心动的,"v. 招手示意, 召唤, 吸引 n. 表召唤的点头(或手势)"
36617,1580,ricks,rick,s,AB,mono,proper,lemma-proper,keep,干草堆（rick 的复数）,里克（男子名）,n. 干草堆( rick的名词复数 ) v. 堆成垛( rick的第三人称单数 ),n. 草堆 vt. 把...堆成垛
36734,5258,dollies,dolly,s,AB,proper,proper,lemma-proper,keep,洋娃娃（复数）；手推车,洋娃娃；手推车,"abbr. dolophine pills 盐酸美沙酮药片 n. 玩具娃娃( dolly的名词复数 ); 台车, 摄影机…","n. 洋娃娃, (洗衣用)捣棒 vi. 移动车 vt. 用移动车移动"
36763,3699,honing,hon,i,AB,mono,mono,lemma-no-gloss|homograph,keep,磨练；磨刀,亲爱的（称呼）,[化] 珩磨,[化] δ-羟基-γ-氧代正缬氨酸 [医] 羟氧基正缬氨酸
36763,23189,honing,hone,i,B,mono,mono,src-b-only|homograph,?,磨练；磨刀,磨炼；磨快,[化] 珩磨,"n. 磨刀石, 抱怨, 想念 vt. 用磨刀石磨, 磨练"
36766,32802,engels,engel,s,AB,proper,proper,lemma-proper,keep,恩格斯（姓氏）,恩格尔（姓氏）,n. 恩格斯（德国社会主义哲学家）,n. 恩格尔（恩格尔 德国的统计学家）；英杰尔（日本品牌）
36785,8231,axed,ax,p,B,mono,mono,src-b-only|homograph,?,砍；削减（axe 过去式）,斧头；解雇,v. （用斧）砍( axe的过去式和过去分词 ); 精简（机构等）; 大量削减（经费等）,"n. 斧头 vt. 用斧削或砍, 削减"
36785,5279,axed,axe,d,AB,mono,mono,homograph,?,砍；削减（axe 过去式）,斧头；削减,v. （用斧）砍( axe的过去式和过去分词 ); 精简（机构等）; 大量削减（经费等）,"n. 斧, 斧头 vt. 削减(人员、经费、计划、机构等)"
36802,15799,sicilians,sicilian,s,AB,proper,proper,lemma-proper,keep,西西里人（复数）,西西里的；西西里人,n. 西西里岛人( Sicilian的复数形式 ),a. 西西里岛的
36804,2453,patterned,pattern,p,B,loan,loan,src-b-only,?,有图案的；有规律的,图案；模式,a. 被组成图案的,"n. 模范, 典型, 式样, 样品, 图案, 格调, 模式 vt. 模仿, 仿造, 以图案装饰 vi. 形成图案 [计]…"
36806,12987,yahoos,yahoo,s,AB,proper,proper,lemma-proper,keep,粗人；野人（复数）,雅虎（品牌）,n. 雅虎( yahoo的复数形式 ); （英国作家Swift小说中<<格列佛游记>>中的）人行兽; yahoo此字可追…,"n. 人面兽心的人, 乡愚, 粗汉"
36826,39316,acrobatics,acrobatic,s,AB,loan,loan,form-more-frequent,keep,杂技；特技飞行,杂技的；技艺高超的,"n. 杂技, 杂技表演","a. 杂技演员的, 杂技的"
36869,8095,regs,reg,s,AB,loan,proper,lemma-proper,keep,规章；条例（复数）,雷格（男子名）；登记,n. 海军学校规则,abbr. [计]注册表文件；寄存器（register ）
36885,19801,gophers,gopher,s,AB,loan,loan,lemma-no-gloss,keep,地鼠；囊地鼠（复数）,地鼠；黄鼠,n. 非常热心的人；勤杂工；骗子新手；打地鼠（gopher的复数） v. 打地洞；盲目地开掘矿藏（gopher的三单形式…,[计] 信息检索工具
37042,12255,samaritans,samaritan,s,AB,proper,proper,lemma-proper,keep,撒玛利亚人；善心人组织,乐善好施者；撒玛利亚人,"n. <宗>撒马利坦会; 撒马利亚人, 撒马利亚人的( Samaritan的复数形式 ); 见义勇为者",n. 乐善好施者
37089,30060,scrounging,scrounge,i,B,mono,mono,src-b-only,?,乞讨；搜寻，蹭取,乞讨；搜寻,"v. 乞讨, 骗取( scrounge的现在分词 )","vt. 乞讨, 搜寻 vi. 东张西望, 搜寻, 乞讨"
37135,38086,slavers,slaver,s,AB,mono,mono,form-more-frequent,keep,奴隶贩子；垂涎者,流口水；垂涎,n. 口水( slaver的名词复数 ); 奉承; <史>贩运奴隶的船; 胡言 v. 流口水( slaver的第三人称单…,"n. 奴隶商人, 奴隶贩卖船, 口水 vi. 垂涎, 淌口水, 奉承 vt. 淌口水弄脏"
37145,24821,gayest,gaye,t,AB,loan,proper,lemma-proper,keep,最快乐的；最花哨的,盖伊（人名）,a. 快乐的；华美的,"盖伊（Gay的变体, 人名）"
37197,602,felling,fell,i,AB,mono,mono,homograph,?,砍伐；击倒,跌倒（fall的过去式）,"n. 二重接缝, 咬口折缝；伐木","vt. 击倒 n. 一季所伐的木材, 折缝 a. 凶猛的, 可怕的 fall的过去式"
37243,47437,scalded,scald,p,AB,mono,loan,form-more-frequent,keep,烫伤的；被烫的,烫伤；烫洗,v. （沸水等）烫伤（皮肤）( scald的过去式和过去分词 ); 把（尤指牛奶）加热到接近沸腾,"n. 烫伤, 烫洗 v. 烫伤, 烫洗"
37250,38962,talkies,talky,s3,AB,mono,mono,form-more-frequent,keep,有声电影,多话的；对白多的,n. <口>有声电影( talkie的复数形式 ),a. 对话过多的
37352,1787,piloted,pilot,p,B,loan,loan,src-b-only,?,驾驶；引导,飞行员；领航员,"先导控制的, 带先导阀的, 有人驾驶的","n. 飞行员, 领航员, 航船者, 导向器, 驾驶仪, 向导, 领导人 vt. 领航, 驾驶, 引导, 试用 a. 引导…"
37353,5024,vacuumed,vacuum,p,B,loan,loan,src-b-only,?,用吸尘器打扫,真空；吸尘器,vt. 用真空吸尘器清扫（vacuum的过去式形式）,"n. 真空, 空间, 真空吸尘器 a. 真空的, 产生真空的, 利用真空的 vt. 用吸尘器打扫"
37369,6838,blogging,blog,i,B,mono,loan,src-b-only,?,写博客,博客；写博客,n. 写网志；博客,n. 博客；部落格；网络日志
37427,40483,sufferers,sufferer,s,AB,loan,loan,form-more-frequent,keep,患者；受苦者（复数）,患者；受苦者,"n. 受害者, 受难者( sufferer的复数形式 ); 患病者","n. 受难者, 被害者, 患者 [法] 受害者, 受难者"
37517,40584,salas,sala,s,AB,proper,loan,form-more-frequent,keep,萨拉斯（姓氏）,厅；房间（西语借词）,(sala 的复数) n. 大厅,n. 大厅
37551,4257,dinged,ding,p,B,mono,mono,src-b-only,?,使凹陷；发出叮声,叮当响；发出叮声,vi. 响；执拗地讲 vt. 反复地说给人家听 n. 钟声 n. (Ding)人名；(英、德、缅)丁,"vi. 响, 连响, 反复告诫 vt. 反复告诉 n. 钟声"
37594,3115,laboring,labor,i,B,loan,loan,src-b-only,?,劳作；苦干,劳动；劳工,a. 劳动的,"n. 劳动, 努力, 工作, 劳工, 分娩 vi. 劳动, 努力, 苦干 vt. 详细分析, 使厌烦"
37617,9630,wellingtons,wellington,s,AB,mono,proper,lemma-proper,keep,威灵顿长靴,惠灵顿（地名）；长筒靴,n. 威灵顿防水长筒靴,n. 惠灵顿长靴
37652,39235,ousted,oust,d,AB,loan,loan,form-more-frequent,keep,驱逐；罢免,驱逐；罢免,v. 驱逐( oust的过去式和过去分词 ); 革职; 罢黜; 剥夺,"vt. 逐出, 罢黜, 剥夺, 驱逐 [法] 驱逐, 剥夺, 免职"
37785,1935,tanking,tank,i,B,mono,loan,src-b-only,?,惨败；急剧下跌,坦克；水箱,地下室防水层,"n. 槽, 箱, 柜, 罐, 池塘, 储水池, 坦克 vt. 储于箱中"
37810,15719,reuniting,reunite,i,B,loan,loan,src-b-only,?,重聚；使再统一,重聚；使再联合,"v. （使某人或某物）再次联合, 重聚( reunite的现在分词 )",v. (使)再联合
37829,20581,fraid,fray,pd,A,mono,loan,src-a-only,?,害怕的（afraid 口语缩略）,打斗；争吵,n. 胆小鬼,"n. 磨损, 打架, 争论 vt. 使磨损 vi. 被磨损"
37843,39577,landmines,landmine,s,AB,mono,mono,form-more-frequent,keep,地雷（复数）,地雷；隐患,"n. 潜在的冲突; 地雷, 投伞水雷( landmine的复数形式 )","n. 地雷, 投伞水雷"
37902,46056,loggers,logger,s,AB,mono,mono,form-more-frequent,keep,伐木工；记录器,伐木工；记录器,n. 伐木工人（logger的复数形式）,"n. 樵夫, 圆木装车机 [计] 记录器; 注册器; 登记器"
37960,43257,gmos,gmo,s,AB,loan,loan,form-more-frequent,keep,转基因生物（缩写）,转基因生物,(gmo 的复数) n. [医][=garamycin ointment]庆大霉素油膏,n. [医][=garamycin ointment]庆大霉素油膏
37964,3240,zeroed,zero,p,B,mono,loan,src-b-only,?,归零；瞄准,零；零点,[医]调了零点的,"n. 零, 零点, 零度, 无, 乌有, 最低点 a. 零的, 没有的 vt. 调零, 对(炮火等)作协调校正 [计] …"
37975,31317,snorkeling,snorkel,i,A,loan,loan,src-a-only,?,浮潜,潜水呼吸管,v. 用通气管潜泳,n. 通气管
38067,2880,waltzed,waltz,p,B,loan,loan,src-b-only,?,跳华尔兹；轻快走动,华尔兹；跳华尔兹,"v. 与…跳华尔兹舞( waltz的过去式和过去分词 ); 强拉, 硬拖; 轻快地走动; 旋转","n. 华尔兹舞, 圆舞曲 a. 华尔兹舞的, 圆舞曲的 vi. 跳华尔兹舞, 轻快地走动 vt. 与...跳华尔兹舞, …"
38161,39585,staffers,staffer,s,AB,mono,mono,form-more-frequent,keep,职员（复数）,职员；员工,"n. 编辑, 职员( staffer的复数形式 )",n. (一名)职员(尤指编辑或记者)
38200,43764,secreted,secrete,d,AB,loan,mono,form-more-frequent,keep,分泌；藏匿,分泌；隐藏,"v. （尤指动物或植物器官）分泌( secrete的过去式和过去分词 ); 隐匿, 隐藏","vt. 隐秘, 隐藏, 隐匿, 分泌 [医] 分泌"
38205,16553,filipinos,filipino,s,AB,proper,proper,lemma-proper,keep,菲律宾人（复数）,菲律宾人；菲律宾语,n. 菲律宾人（Filipino的复数）,n. 菲律宾人
38209,38453,loyalists,loyalist,s,AB,mono,loan,form-more-frequent,keep,忠诚者；保皇派,忠诚者；保皇派,"n. （持现政权忠诚的人, (对统治者）效忠者, 反对独立者（loyalist的复数形式）","n. 忠诚的人, 反对独立者, 反佛朗哥派的人"
38350,856,gasses,gas,3,B,loan,loan,src-b-only,?,气体（复数）；毒气,气体；汽油,n. 气( gas的名词复数 ); 毒气; （用于照明、加热、烧饭等的）可燃气体; 麻醉气 v. [美国俚语]使激动( …,"n. 气体, 汽油, 瓦斯 [化] 气体; 煤气; 瓦斯; 毒气"
38373,41036,satanists,satanist,s,AB,proper,proper,lemma-proper|form-more-frequent,keep,撒旦教徒,撒旦崇拜者,"(satanist 的复数) n. 撒旦崇拜者, 撒旦崇拜主义者; [亦作 s-]邪恶的人；穷凶极恶的人","n. 撒旦崇拜者, 撒旦崇拜主义者; [亦作 s-]邪恶的人；穷凶极恶的人"
38380,46745,disinherited,disinherit,d,AB,loan,loan,form-more-frequent,keep,剥夺继承权,剥夺继承权,"v. 剥夺继承权, 剥夺特权( disinherit的过去式和过去分词 )",vt. 剥夺...的继承权 [法] 剥夺继承权
38425,7261,marathons,marathon,s,AB,loan,proper,lemma-proper,keep,马拉松；持久活动,马拉松,n. 马拉松赛跑；耐力的考验 a. 马拉松式的；有耐力的 vi. 参加马拉松赛跑,"n. 马拉松, 耐力的考验"
38429,14027,barfed,barf,p,B,mono,mono,src-b-only,?,呕吐,呕吐（俚语）,v. 呕吐( barf的过去式和过去分词 ),v. 呕吐
38494,41078,straddling,straddle,i,AB,mono,mono,form-more-frequent,keep,跨坐；横跨（现在分词）,跨坐；骑跨,v. 叉开腿( straddle的现在分词 ); 跨坐; 横跨…的两边; 跨越…的两边,"n. 跨坐, 观望 v. 跨坐, 两腿叉开坐, 观望"
38515,35432,begotten,beget,d,B,mono,mono,src-b-only,?,生育；产生（过去分词）,产生；生育,beget的过去分词,"vt. 为某人之生父, 招致, 产生, 引起"
38545,7707,minas,mina,s,AB,proper,proper,lemma-proper,keep,米纳斯（地名/人名）,米娜（女子名）,[地名] [厄瓜多尔、古巴、乌拉圭、印度尼西亚] 米纳斯,n. 迈纳(古希腊单位)
38576,4195,harbored,harbor,p,B,mono,mono,src-b-only,?,怀有；藏匿（过去式）,港口；避难所,v. 心怀( harbor的过去式和过去分词 ); 庇护; 避入安全地; （船）入港停泊,"n. 港, 避难所 v. 庇护, 藏匿, (使)入港停泊"
38580,32199,bluer,blu,r,AB,loan,loan,lemma-no-gloss,keep,更蓝的（blue 比较级）,蓝色的（变体）,染蓝检验工,[计] 基本连接单元
38691,12930,picketing,picket,i,B,mono,loan,src-b-only,?,罢工纠察；示威,纠察员；尖桩,"[经] 罢工工人劝阻工人上班, 工人纠察线","n. 桩, 尖桩, 警戒哨, 巡逻艇, 纠察队 vt. 围住, 警戒, 派...担任纠察 vi. 担任纠察"
38764,42371,rasping,rasp,i,AB,mono,mono,form-more-frequent,keep,刺耳的；锉磨般的,锉；发出刺耳声,"a. 锉磨声的, 令人焦躁的","n. 粗锉刀, 刺耳声 vt. 用粗锉刀锉, 粗声粗气地说 vi. 粗锉, 锉磨, 发刺耳声"
38862,42583,hittites,hittite,s,AB,proper,proper,lemma-proper|form-more-frequent,keep,赫梯人（古代民族）,赫梯人；赫梯语,"(Hittite 的复数) n. 赫梯人, 赫梯人语 a. 赫梯人的","n. 赫梯人, 赫梯人语 a. 赫梯人的"
38884,43470,theologians,theologian,s,AB,loan,loan,form-more-frequent,keep,神学家,神学家,"n. 神学家, 宗教研究家( theologian的复数形式 )",n. 神学者
38915,11781,avalanches,avalanche,3,B,loan,loan,src-b-only,?,雪崩；大量涌至,雪崩；大量涌至,n. 雪崩( avalanche的名词复数 ),"n. 雪崩, 山崩, 大量 vi. 崩塌 vt. 大量涌至"
38993,24378,reprogramming,reprogram,i,AB,loan,loan,lemma-no-gloss,keep,重新编程；改造,重新编程；改写程序,"[计] 改编程序, 重编程序","[计] 可改编程序, 重编程序"
39021,5636,spas,spa,s,AB,loan,proper,lemma-proper,keep,温泉浴场（复数）,温泉；水疗中心,n. 矿泉( spa的复数形式 ); 矿泉疗养地; （矿泉）旅游胜地,"n. 矿泉, 温泉浴场, 矿泉治疗地 [计] 软件出版者协会"
39025,45192,nibs,nib,s,AB,mono,mono,form-more-frequent,keep,笔尖（复数）；大人物,钢笔尖；笔尖,"n. 上司, 大人物","n. 嘴, 笔尖 vt. 装尖头, 削尖, 修换(笔)尖"
39042,7182,bourbons,bourbon,s,AB,proper,proper,lemma-proper|lemma-no-gloss,keep,波旁威士忌（复数）,波旁威士忌,n. (曾于16～19世纪在法国、西班牙、那不勒斯建立王朝的)波旁家族的成员；【植物】波旁蔷薇,[机] 波旁
39074,42531,expended,expend,d,AB,loan,loan,form-more-frequent,keep,花费；耗尽（过去式）,花费；消耗,v. 花费( expend的过去式和过去分词 ); 使用（钱等）做某事; 用光; 耗尽,"vt. 花费, 消耗, 用光"
39123,2169,secs,sec,s,AB,loan,loan,lemma-no-gloss,keep,秒（复数，口语）,秒（second 缩写）；片刻,abbr. 半导体设备通信标准（SEMI Equipment Communication Standard）,"[计] 秒, 辅助 [化] 尺寸排阻色谱法"
39276,11150,pagers,pager,s,AB,mono,mono,lemma-no-gloss,keep,寻呼机（复数）,寻呼机；传呼机,n. 寻呼机( pager的复数形式 ),[计] 页调度程序
39281,13500,manicured,manicure,d,B,loan,,src-b-only,?,修剪整齐的；精心修饰的,修指甲；美甲,a. （草坪、花园）修剪整齐的,"n. 修指甲术, 修指甲, 修指甲师 vt. 修指甲, 修剪"
39282,40564,collectibles,collectible,s,AB,loan,loan,form-more-frequent,keep,收藏品（复数）,可收藏的；值得收藏的,"n. 可收集的, 可代收的( collectible的名词复数 )","a. 可收集的, 可搜集的, 可征收的 [经] 可收回的"
39409,4613,tuckered,tucker,p,B,mono,proper,lemma-proper|src-b-only,keep,筋疲力尽的,塔克（姓氏）；食物,"v. 使疲倦, 使衰弱( tucker的过去式和过去分词 )","n. 打横褶的人, 打褶装置 vt. 使疲倦, 使筋疲力尽"
39423,39950,buccaneers,buccaneer,s,AB,loan,loan,form-more-frequent,keep,海盗（复数）,海盗；冒险家,n. 海盗( buccaneer的复数形式 ); 掠夺者,n. 海盗 vi. 做海盗
39552,42998,warbles,warble,3,AB,mono,loan,form-more-frequent,keep,鸟鸣；颤声唱,鸟鸣；颤声唱,"n. 鸟啭, 颤声( warble的名词复数 ) v. 鸟鸣, 用柔和的颤声唱( warble的第三人称单数 )","n. 用颤音唱的歌, 鸟啭, 颤声 v. 鸟鸣, 用柔和的颤声唱"
39715,1558,trafficked,traffic,p,B,loan,loan,src-b-only,?,贩卖；非法交易,交通；运输,vt. 用…作交换（traffic的过去式与过去分词形式）,"n. 交通, 通行, 运输, 交通量, 贸易, 交易, 交往, 通信量 vi. 交易, 做买卖 vt. 用...作交换 …"
39825,553,messaged,message,p,B,loan,loan,src-b-only,?,发消息；通知,消息；信息,vt. 通知（message的过去式与过去分词形式）,"n. 消息, 通讯, 讯息, 教训, 预言, 广告词 vt. 通知 vi. 通报, 报告, 报信 [计] 报文; 消息;…"
39925,255,cased,case,p,B,loan,loan,src-b-only,?,装箱的；踩点的,情况；案件；箱子,v. 包装；装入（case的过去式和过去分词形式）,"n. 情形, 情况, 箱, 容器, 事实, 病例, 案例, 框子 vt. 装箱, 包盖"
39977,42737,dockers,docker,s,AB,proper,mono,form-more-frequent,keep,码头工人；多克斯（品牌）,码头工人,n. 码头工人( docker的复数形式 ),n. 码头工人
39989,97,offs,off,3,B,mono,mono,src-b-only,?,起跑；出发（口语）,离开；关闭,n. 偏移；关闭状态；低价股票（off的复数）,"a. 关着的, 不再生效的, 处于...境况的, 休假的, 空闲的 adv. 走开, ...掉, ...下, 休息, 出…"
40122,47660,unsealed,unseal,d,AB,mono,mono,form-more-frequent,keep,未密封的,开启；拆封,"未密封的, 打开的","vt. 开封, 开启, 使解除束缚"
40151,39122,carthaginians,carthaginian,s,AB,proper,proper,lemma-proper,keep,迦太基人,迦太基的；迦太基人,(Carthaginian 的复数) a. 迦太基的 n. 迦太基人,a. 迦太基的 n. 迦太基人
40157,9026,pcs,pc,s,AB,mono,mono,lemma-no-gloss,keep,个人电脑（复数）,个人电脑；政治正确,[计] 个人通信业务 [化] 青霉素类抗生素,"个人计算机 [计] 外部控制, 个人计算机, 光电导体, 伪码"
40255,9365,cadillacs,cadillac,s,AB,proper,proper,lemma-proper,keep,凯迪拉克（豪车品牌）,凯迪拉克（品牌）,(Cadillac 的复数) n. 卡迪拉克牌轿车,n. 卡迪拉克牌轿车
40273,41142,twiddling,twiddle,i,AB,mono,mono,form-more-frequent,keep,摆弄；无所事事,摆弄；捻弄,v. （心不在焉地）捻弄( twiddle的现在分词 ),"vt. 捻弄, 玩弄, 旋弄 vi. 旋弄 n. 捻弄"
40322,24821,gayer,gaye,r,AB,loan,proper,lemma-proper,keep,更快乐的；更同性恋的,盖伊（人名）,"a. 华美的, 快乐的","盖伊（Gay的变体, 人名）"
40365,14088,cis,ci,s,AB,loan,loan,lemma-no-gloss,keep,顺式的；顺性别的,居里（单位符号）；词素变体,"[计] 中央信息系统, 字符指令系统, 计算机信息服务, 用户信息系统","[计] 输入, 通信接口, 计算机工业, 配置项 [化] 化学电离"
40387,47243,overstayed,overstay,d,AB,mono,mono,form-more-frequent,keep,逗留过久；逾期滞留,停留过久；逾期逗留,"v. 逗留过久, 停留超过（时间）( overstay的过去式和过去分词 )",vt. 呆得超过...的限度 vi. 在(市场)上耽误过久而坐失良机
40434,40098,ides,ide,s,AB,loan,loan,lemma-no-gloss,keep,（古罗马历）月中日,圆腹雅罗鱼；IDE缩写,n. 古罗马历中3、5、7、10月的第15日或者其余各月份的第13日,"集成电路设备 [计] 集成电路设备, 集成式驱动器电子设备接口"
40454,41133,additives,additive,s,AB,loan,loan,form-more-frequent,keep,添加剂,添加剂；附加物,"n. 添加剂, 食物添加剂；附加剂","a. 添加的, 附加的, 加法的, 累积的 n. 添加物"
40486,46183,soldering,solder,i,AB,loan,loan,form-more-frequent,keep,焊接,焊接；焊料,[计] 锡焊 [化] 钎焊; 软钎焊,"n. 焊接剂, 接合物 v. 施以焊接, 焊合, 联结"
40604,8241,staffing,staff,i,B,mono,mono,src-b-only,?,人员配备；员工安排,员工；职员；全体人员,[计] 人员指挥 [经] 配备职工,"n. 全体人员, 工作班子, 棍棒, 杆, 拐杖, 支柱, 权杖 a. 职员的, 雇员的, 参谋的 vt. 为...配备…"
40618,8639,brest,br,t,AB,proper,proper,lemma-proper|lemma-no-gloss,keep,布列斯特（地名）,BR（缩写；巴西/英国）,n. 布雷斯特（法国一座军港城市）,[计] 总线请求 [化] 生物试剂
40709,15800,preconceived,preconceive,d,B,loan,,src-b-only,?,预想的；先入为主的,预先构想，事先形成看法,"a. 预想的, 先入为主的",vt. 事先认为
40729,960,busses,bus,3,B,mono,mono,src-b-only,?,公共汽车（复数）,公共汽车,n. 汽车（bus的复数）,n. 公共汽车 [计] 总线; 汇流条; 母线
40761,7225,sponging,sponge,i,B,mono,loan,src-b-only,?,白吃白拿；寄生于他人,海绵,[医] 海绵擦法,"n. 海绵, 海绵状的东西 vt. 用海绵擦拭, 吸收掉, 抹掉 vi. 采集海绵, 海绵般吸收"
40800,22877,fizzing,fizz,i,B,mono,mono,src-b-only,?,嘶嘶冒泡,起泡；发出嘶嘶声,"v. （液体, 通常指饮料）起泡, 发嘶嘶声( fizz的现在分词 )","vi. 嘶嘶响, 显示兴奋 n. 嘶嘶声, 兴奋, 活力"
40864,45747,microns,micron,s,AB,loan,loan,form-more-frequent,keep,微米（复数）,微米,n. 微米( micron的复数形式 ),n. 微米 [计] 微米
40914,42015,eroding,erode,i,AB,loan,loan,form-more-frequent,keep,侵蚀；腐蚀,侵蚀；逐渐削弱,"v. 侵蚀, 腐蚀( erode的现在分词 ); 逐渐毁坏, 削弱, 损害","vt. 腐蚀, 侵蚀 vi. 受腐蚀"
40936,28024,stonewalling,stonewall,i,B,mono,mono,src-b-only,?,拖延阻挠；拒绝合作,拖延；阻挠,"n. 防守挡击, 妨碍议事, 石墙","vi. 防守挡击, 围以石墙, 妨碍或阻碍"
41003,24999,estes,este,s,AB,proper,proper,lemma-proper,keep,埃斯蒂斯（姓氏/地名）,埃斯特（人名）,(este 的复数) abbr. 工程的特殊试验设备（Engineering Special Test Equipmen…,abbr. 工程的特殊试验设备（Engineering Special Test Equipment）
41025,2084,bounded,bound,d,AB,mono,mono,homograph,?,有界的；受限制的,必定的；受约束的,a. 有界限的,"n. 跃, 回跳, 范围, 边界 a. 受约束的, 装有封面的, 有义务的, 关联的, 被束缚的, 准备去...的, 便…"
41079,4842,stoning,stone,i,B,mono,mono,src-b-only,?,石刑；投石,石头；果核；宝石,n. 河床铺石,"n. 石头, 宝石, 果核, 纪念碑, 结石 vt. 投扔石子, 铺石头 a. 石的, 石制的, 完全的"
41102,43520,weenies,weeny,s,AB,mono,mono,form-more-frequent,keep,小香肠；小人物,极小的；微小的,"n. 微小的, 细小的( weenie的复数形式 )","a. 微小的, 细小的"
41153,7387,rhymed,rhyme,p,B,loan,loan,src-b-only,?,押韵；作韵诗,韵；押韵诗,a. 押韵的,"n. 韵, 押韵, 韵文 vi. 押韵 vt. 使押韵, 用韵诗表达"
41167,16190,tibetans,tibetan,s,AB,proper,proper,lemma-proper,keep,藏族人；西藏人,西藏的；藏语,n. 藏族 a. 藏族的,"a. 西藏的 n. 藏语, 西藏人"
41172,12600,diagnoses,diagnose,3,B,loan,,src-b-only|homograph,?,诊断（复数）,诊断；判断,"pl. 诊断, 判断, 调查分析",v. 诊断
41172,12000,diagnoses,diagnosis,s,AB,loan,,homograph,?,诊断（复数）,诊断；识别疾病,"pl. 诊断, 判断, 调查分析",n. 诊断 [计] 诊断
41254,19061,frenchies,frenchy,s,AB,proper,proper,lemma-proper,keep,法国人（昵称）；法斗,法国式的；法国味,"(Frenchy 的复数) a. 法国式的, 法国风味的 n. 法国人","a. 法国式的, 法国风味的 n. 法国人"
41306,17257,venetians,venetian,s,AB,proper,proper,lemma-proper,keep,威尼斯人；百叶窗,威尼斯的,(Venetian 的复数) a. 威尼斯的 n. 威尼斯人,a. 威尼斯的 n. 威尼斯人
41361,47357,reacquainted,reacquaint,d,AB,loan,loan,form-more-frequent,keep,重新熟悉；再次结识,重新熟悉；使再认识,"(reacquaint 的过去分词) vt. 重新认识, 重新熟悉","vt. 重新认识, 重新熟悉"
41423,40844,condoning,condon,i,AB,loan,proper,lemma-proper|homograph,keep,宽恕；纵容,康登（人名）,"v. 容忍, 宽恕, 原谅( condone的现在分词 )",n. 康登（姓氏）
41423,17000,condoning,condone,i,B,loan,,src-b-only|homograph,?,宽恕；纵容,宽恕，容忍,"v. 容忍, 宽恕, 原谅( condone的现在分词 )","vt. 赦, 宽恕 [法] 宽恕, 不咎, 抵销"
41557,47149,manhandled,manhandle,p,AB,mono,mono,form-more-frequent,keep,粗暴对待（过去式）,粗暴对待；用力搬动,[电影]狼溪,"vt. 人工推动, 粗暴地对付"
41628,43490,bungling,bungle,i,AB,mono,mono,form-more-frequent,keep,笨手笨脚的,搞砸；笨手笨脚地做,"a. 笨拙的, 粗劣的","v. 拙劣地工作, 粗制滥造, 把...搞糟 n. 粗劣, 失误, 笨拙"
41685,47568,swatches,swatch,s,AB,mono,mono,form-more-frequent,keep,样品布；色卡,样品；色卡；布样,"(swatch 的复数) n. 样品, 样本","n. 样品, 样本"
41720,13000,interlocking,interlock,i,B,mono,,src-b-only,?,互锁的；联锁的,互锁，连结,a. 连锁的 [化] 咬合; 咬合作用,"v. (使)连结, (使)连锁 n. 连锁, 连结 [计] 相关; 互锁"
41785,11591,overthrew,overthrow,p,B,mono,mono,src-b-only,?,推翻；打倒,推翻；打倒,overthrow的过去式,"n. 推翻, 瓦解, 倾覆 vt. 打倒, 推翻, 倾覆"
41793,5910,leant,lean,pd,A,mono,mono,src-a-only,?,倚靠；倾斜（英式过去式）,倾斜；倚靠；倾向,lean的过去式和过去分词,"n. 瘦肉, 倾斜, 倾斜度 a. 瘦的, 贫乏的, 歉收的 vi. 倚靠, 倾斜, 依赖 vt. 使倾斜"
41827,41890,jellybeans,jellybean,s,AB,mono,mono,form-more-frequent,keep,软心豆粒糖,软心豆粒糖,(jellybean 的复数) n.豆形软糖的一种,n. 豆形软糖的一种
41833,31761,redesigned,redesign,d,AB,loan,mono,lemma-no-gloss,keep,重新设计（过去式）,重新设计,"a. 修订的, 重建的, 重新设计的 v. 重新设计( redesign的过去式和过去分词 )",[化] 重新设计
41958,22960,morphing,morph,i,B,loan,loan,lemma-no-gloss|src-b-only,keep,变形；变体（现在分词）,变形；变体,n. 变形,"[计] 形态, 词态"
41992,43825,egging,eg,i,AB,mono,loan,form-more-frequent|homograph,keep,怂恿；鼓励,例如（缩写）,"vt. 煽动, 怂恿（egg的现在分词形式） n. 在烹调中将蛋混入或敷在食品表面",abbr. [拉]例如（exempli gratia）；[网络用语]邪恶的笑（Evil Grin）
41992,780,egging,egg,i,B,mono,mono,src-b-only|homograph,?,怂恿；鼓励,蛋；卵,"vt. 煽动, 怂恿（egg的现在分词形式） n. 在烹调中将蛋混入或敷在食品表面","n. 蛋, 卵 vt. 挑唆, 煽动, 调蛋黄"
42050,36566,skyrocketed,skyrocket,p,B,mono,mono,src-b-only,?,猛涨；飙升（过去式）,暴涨；猛增,"v. 突升, 猛涨( skyrocket的过去式和过去分词 )","vi. 飞涨, 突升 n. 焰火"
42203,14837,blitzed,blitz,p,B,mono,loan,src-b-only,?,烂醉的；被闪电战袭击的,闪电战；突袭,"a. 极累的, 烂醉如泥的 v. 用闪电战攻击( blitz的过去式 )",n. 闪电战 vt. 以闪电战攻击
42239,5510,dcs,dc,s,AB,proper,proper,lemma-proper|lemma-no-gloss,keep,DCS 系统（缩写）,直流电；华盛顿特区,[计] 分布式计算机系统,"直流电 [计] 数据单元, 数据中心, 数据代码, 数据通信, 数据控制, 数字控制, 直流"
42272,31927,babylonians,babylonian,s,AB,proper,proper,lemma-proper,keep,巴比伦人（复数）,巴比伦的；巴比伦人,"(Babylonian 的复数) a. 巴比伦的, 罪恶的","a. 巴比伦的, 罪恶的"
42283,14000,mentored,mentor,p,B,loan,,src-b-only,?,指导；辅导（过去式）,导师，良师益友,v. （无经验之人的）有经验可信赖的顾问( mentor的过去式和过去分词 ),"n. 指导者, 良师益友"
42285,43111,cairns,cairn,s,AB,proper,loan,form-more-frequent,keep,石堆；凯恩斯（地名）,石堆；石冢,n. 凯恩斯（澳大利亚港口）,"n. 石堆纪念碑, 石冢, 堆石界标"
42354,43284,celebs,celeb,s,AB,loan,loan,form-more-frequent,keep,名人（复数，口语）,名人（celebrity 的缩略）,n. [俚]名人；名流（celeb的复数）,n. 著明人士
42421,47400,rhinestones,rhinestone,s,AB,loan,loan,form-more-frequent,keep,莱茵石；人造钻石,人造钻石；莱茵石,"n. 莱茵石, 人造钻石( rhinestone的复数形式 )",n. 莱茵石
42433,15347,dominos,domino,s,A,loan,loan,src-a-only,?,多米诺骨牌,多米诺骨牌,n. 多米诺骨牌（domino的复数形式）,"n. 化装外衣, 面具, 骨牌, 多米诺骨牌"
42753,5134,skied,ski,p,B,mono,loan,src-b-only|homograph,?,滑雪（过去式）,滑雪板；滑雪,v. 滑雪( ski的过去式和过去分词 ),n. 滑雪橇 vi. 滑雪
42753,390,skied,sky,pd,AB,mono,mono,homograph,?,滑雪（过去式）,天空,v. 滑雪( ski的过去式和过去分词 ),"n. 天空, 天色, 天堂 vt. 击向空中, 挂在高处 vi. 高涨"
42798,8945,scrolling,scroll,i,B,mono,loan,src-b-only,?,滚动（屏幕）,滚动（屏幕）；卷轴,n. 卷动,"n. 卷轴, 画卷, 名册, 条幅, 滚动 v. (使)成卷形 [计] 滚动"
42834,17494,semis,semi,s,AB,loan,mono,lemma-no-gloss,keep,半决赛；半挂车,半挂卡车；半（前缀）,n. 半制成品,[计] 半
42877,30308,rechecked,recheck,d,AB,mono,mono,lemma-no-gloss,keep,重新检查（过去式）,重新检查；复核,(recheck 的过去分词) [计] 复查 [化] 复验,[计] 复查 [化] 复验
42891,5577,untying,untie,i,B,mono,mono,src-b-only,?,解开；松开,解开；松开,untie的现在分词,vt. 解开 vi. 松开
42917,43093,reformers,reformer,s,AB,loan,mono,form-more-frequent,keep,改革者（复数）,改革者；改良者,n. 社会改革者( reformer的复数形式 ),"n. 改革家, 改革运动者 [化] 转化炉; 转化器; 重整器; 重整炉"
42949,26210,joyriding,joyride,i,B,mono,mono,src-b-only,?,偷车兜风,偷车兜风；飙车,"[法] 疯狂驱车, 偷车者","n. 驾车兜风, 偷车乱开, 乘汽车兜风, 追求享受的行动, 胡作非为"
42952,3168,humoring,humor,i,B,mono,loan,src-b-only,?,迁就；纵容,幽默；心情,"v. 迎合, 牵就, 顺应( humor的现在分词 )","n. 幽默, 诙谐, 心情 vt. 迎合, 牵就, 顺应"
43150,15721,chinamen,chinaman,s,AB,mono,proper,lemma-proper,keep,（旧，贬）中国人,中国佬（贬义）；中国人,n. 中国佬,n. 中国佬
43235,47656,unnerved,unnerve,d,AB,mono,mono,form-more-frequent,keep,使紧张；使失去勇气,使失去勇气；使不安,"a. 气馁的, 丧失勇气的, 失常的, 烦恼不安的","vt. 使失去勇气, 使胆怯, 使不能自制 [医] 除神经"
43344,41703,phoenicians,phoenician,s,AB,proper,proper,lemma-proper,keep,腓尼基人,腓尼基的；腓尼基人,"(Phoenician 的复数) a. 腓尼基的, 腓尼基人的 n. 腓尼基人","a. 腓尼基的, 腓尼基人的 n. 腓尼基人"
43382,20500,desiccated,desiccate,d,B,loan,,src-b-only,?,干燥的；脱水的,使干燥，脱水；使（食物）干缩保存,"a. 干的, 粉状的 v. 使干燥(desiccate的过去式); 变干","vt. 使干, 干贮 vi. 变干"
43466,43632,crustaceans,crustacean,s,AB,loan,loan,form-more-frequent,keep,甲壳类动物,甲壳类动物,n. 甲壳纲动物（如蟹、龙虾）( crustacean的复数形式 ),a. 甲壳纲的 n. 甲壳纲动物
43494,47466,shelved,shelve,d,AB,mono,mono,form-more-frequent,keep,搁置；置于架上,搁置；把…放架上,a. 搁置的；废置不用的,"vt. 放置架子上, 搁置 vi. 渐渐倾斜"
43524,14426,teleporting,teleport,i,B,loan,loan,src-b-only,?,瞬移；远距传送,瞬间移动；传送,v. （心灵学用语）心灵运输（物体、人）( teleport的现在分词 ),vt.(心灵学用语)心灵运输(物体、人)
43578,8331,pasting,paste,i,B,mono,mono,src-b-only,?,粘贴；痛打,粘贴；涂抹,"n. 裱糊, 涂；粘合","n. 面团, 面食, 浆糊, 糊状物, 粘贴, 用拳重击 vt. 用浆糊粘, 张贴, 狠狠地打 [计] 粘贴"
43616,8639,brer,br,r,AB,mono,proper,lemma-proper|lemma-no-gloss,keep,兄弟（方言称呼）,BR（缩写；巴西/英国）,n. 兄弟,[计] 总线请求 [化] 生物试剂
43638,17076,tacs,tac,s,AB,proper,mono,lemma-no-gloss,keep,战术（缩写）,战术（tactical 缩写）,(TAC 的复数) [计] 东京大学自动计算机,[计] 东京大学自动计算机
43727,3464,shanghaied,shanghai,p,AB,mono,proper,lemma-proper,keep,诱骗胁迫；被拐骗,上海,[电影]拐骗,"n. 上海, 浦东鸡 a. 上海的, 上海时行的, 上海风格的 vt. 拐骗, 胁迫"
43728,21000,outpouring,outpour,i,B,mono,,src-b-only,?,倾泻；情感流露,倾泻；流露,"n. 注出, 流出, 流露","v. (使)注出, (使)流出 n. 注出, 流出, 流出物"
43750,707,quitted,quit,pd,A,mono,loan,src-a-only,?,离开；停止（quit 过去式）,停止；辞职,quit的过去式和过去分词,"vi. 离开, 辞职, 停止 vt. 离开, 放弃, 使解除, 停止 n. 离开 [计] 结束, 退出"
43798,6620,tus,tu,s,AB,proper,loan,lemma-no-gloss,keep,图斯（缩写/地名）,你（法语借词）,[医] 咳,"工会, 训练单位"
43837,36687,keywords,keyword,s,AB,mono,mono,lemma-no-gloss,keep,关键词（复数）,关键词；关键字,n. 关键字 [计] 关键字,[计] 关键字
43856,44032,bytes,byte,s,AB,mono,mono,form-more-frequent,keep,字节（复数）,字节,"n. 位元组, 字节数（byte的复数）；字节","n. 字节, 位组 [计] 字节"
43922,46288,collectables,collectable,s,AB,loan,loan,form-more-frequent,keep,收藏品（复数）,可收集的；值得收藏的,"(collectable 的复数) a. 可收集的, 可搜集的, 可征收的","a. 可收集的, 可搜集的, 可征收的"
43952,23699,pdas,pda,s,AB,proper,proper,lemma-proper|lemma-no-gloss,keep,个人数字助理（复数）,个人数字助理；公开亲昵,(PDA 的复数) [计] 个人数字助手,[计] 个人数字助手
43977,6915,cached,cache,p,B,loan,loan,src-b-only,?,缓存的；已缓存的,隐藏处；高速缓存,v. 贮藏起来；隐藏起来（cache 的过去分词形式）,"n. 隐藏所, 隐藏的粮食或物资, 贮藏物, 高速缓冲存储器 vt. 隐藏, 窖藏 [计] 高速缓冲存储器, 高速缓冲"
44025,45509,encoding,encode,i,AB,mono,loan,form-more-frequent,keep,编码,编码；加密,[计] 编码,vt. 把(电文、情报等)译成密码 [计] 编码
44045,44163,screenshots,screenshot,s,AB,mono,mono,lemma-no-gloss|form-more-frequent,keep,屏幕截图（复数）,屏幕截图,(screenshot 的复数) 屏幕截图,屏幕截图
44070,15571,sys,sy,s,AB,mono,proper,lemma-proper,keep,系统（缩写）,锡（化学符号Sy）,[计] DOS外部命令:将系统文件加入指定的磁盘,abbr. 平方码（square yard）；石油天然气行业标准；叙利亚（Syria）；苏丹黄（Sudan yellow…
44075,25804,dns,dn,s,AB,mono,proper,lemma-proper|lemma-no-gloss,keep,域名系统（缩写）,DN（缩写）,"[计] 分布式网络系统, 域名服务","[医] 分能母, 十分之一能母 [经] 下跌"
44097,26937,routers,router,s,AB,mono,loan,lemma-no-gloss,keep,路由器（复数）,路由器；刨槽机,n. 路由器（router的复数）,[计] 路由器
44116,27099,mls,ml,s,AB,mono,loan,lemma-no-gloss,keep,多重上市服务（缩写）,毫升（millilitre 缩写）,abbr. 复式造表服务处（Multiple Listing Service）,"法学硕士, 摩托艇, 汽艇 [医] 毫升"
44175,44314,reprints,reprint,s,AB,mono,loan,form-more-frequent,keep,重印本（复数）,重印；再版,"n. 重印书, 再版书( reprint的名词复数 ) v. 转载( reprint的第三人称单数 ); （书籍）重印,…","n. 再版, 翻版, 重印 vt. 再版, 翻版"
44243,1300,eds,ed,s,AB,proper,proper,lemma-proper|lemma-no-gloss,keep,EDS（电子数据系统）,埃德（人名）,abbr. 英语方言学会（English Dialect Society）；电子数据转换（Electronic Data…,"[计] 电子设备, 密码设备, 数据结束, 工程设计, 错误检测, 外部设备"
44253,10216,postings,posting,s,AB,loan,loan,lemma-no-gloss,keep,帖子；公告（复数）,帖子；邮寄,"n. 任命, 委派( posting的复数形式 )","[计] 记入, 记录, 稿件, 邮件 [经] 过帐, 誊入总帐"
44275,45309,eos,eo,s,AB,proper,mono,lemma-no-gloss|form-more-frequent,keep,EOS（佳能相机系列）,环氧乙烷；执行命令（缩写）,"n. 黎明女神 [计] 屏幕结束, 段结束, 步结束, 序列结束, 可扩充的操作系统","[计] 基本操作, 允许输出, 操作结束, 执行命令"
44441,17127,ies,ie,s,AB,mono,loan,lemma-no-gloss,keep,后缀-ies；复数形式,即；也就是,"[计]= Illuminating Engineering Society,照明工程协会",[计] 中断启动
44493,45880,periodicals,periodical,s,AB,mono,loan,form-more-frequent,keep,期刊；杂志（复数）,期刊,n. 期刊（periodical的名词复数形式）,"n. 期刊 a. 定期出版的, (有关)期刊的, 间歇(性的), 周期的, 定期的"
44518,44002,refinancing,refinance,i,B,mono,loan,src-b-only,?,重新融资；再融资,再融资；重新贷款,[经] 重新集资金,"vt. 再为...筹钱, 再供...资金"
44551,44989,exporters,exporter,s,AB,loan,loan,form-more-frequent,keep,出口商,出口商,"n. 出口商, 输出国( exporter的复数形式 )","n. 出口商, 输出者, 出口公司 [经] 出口商, 输出者"
44552,4139,authoring,author,i,B,loan,loan,src-b-only,?,创作；编写,作者；作家,[计] 写作,"n. 作家, 作家的著作, 创始人 [法] 作者, 著作人, 本人"
44692,45233,analytics,analytic,s,AB,loan,loan,form-more-frequent,keep,分析学；数据分析,分析的；解析的,n. 分析方法,"a. 分析的, 善于分析的, 解析的 [医] 分析的"
44705,7551,ars,ar,s,AB,loan,mono,lemma-no-gloss,keep,艺术（拉丁语复数）,啊（表示犹豫）,[计] 先进记录系统,"[计] 应收款, 自动再启动, 辅助程式 [医] 紧急反应"
44788,14279,roms,rom,s,AB,proper,proper,lemma-proper|lemma-no-gloss,keep,只读存储器,罗姆（族群/缩写）,n. 吉卜赛男人（Rom的复数形式）,只读存储器 [计] 只读存储器
44791,39044,benchmarks,benchmark,s,AB,mono,mono,lemma-no-gloss,keep,基准；基准测试,基准；标准,n. 基准( benchmark的复数形式 ),[计] 基准程序; 基准
44797,12200,ios,io,s,AB,proper,proper,lemma-proper|lemma-no-gloss,keep,苹果iOS操作系统,木卫一；输入输出,abbr. 网间网操作系统（Internet work 0perating System）；国际标准化组织（Intern…,[计] 输入输出
44798,45360,yds,yd,s,AB,mono,mono,form-more-frequent,keep,码（复数缩写）,码（长度单位缩写）,abbr. yards 码数,abbr. 码（yard）
44895,47200,musings,musing,s,AB,mono,loan,form-more-frequent,keep,沉思；冥想；随想,沉思；冥想,n. 沉思；冥思；冥想（musing的复数形式）,"a. 沉思的, 冥想的"
44907,13716,aps,ap,s,AB,proper,proper,lemma-proper|lemma-no-gloss,keep,APS（缩写/代号）,美联社（缩略）,"[计] 应付款系统, 应用程序支撑系统, 数组处理器软件, 汇编程序设计系统 [化] 腺苷酰硫酸","[计] 应付款, 美国专利, 应用程序, 运算处理器, 阵列处理器, 汇编程序 自动程序设计"
44929,45696,motorsports,motorsport,s,AB,mono,mono,form-more-frequent,keep,赛车运动,赛车运动,(motorsport 的复数) n. 赛车运动; 摩托车运动,n. 赛车运动; 摩托车运动
44959,46059,pollutants,pollutant,s,AB,loan,loan,form-more-frequent,keep,污染物,污染物,n. 污染物质（尤指工业废物）( pollutant的复数形式 ),n. 污染物质 [法] 污染物
44960,11612,uploads,upload,3,B,mono,mono,lemma-no-gloss|src-b-only,keep,上传,上传,"v. 上传, 上载( upload的第三人称单数 )","[计] 上装, 加载, 储入"
44964,44583,nfs,nf,s,AB,proper,loan,lemma-no-gloss,keep,网络文件系统,国家联盟；无氟缩写,[计] 网络的文件系统,[电] 千亿分之一法
44979,34918,cpus,cpu,s,AB,proper,proper,lemma-proper|lemma-no-gloss,keep,中央处理器（复数）,中央处理器,(CPU 的复数) 中央处理器 [计] 中央处理器,中央处理器 [计] 中央处理器
45003,45437,decals,decal,s,AB,loan,loan,form-more-frequent,keep,贴花；转印贴纸,贴花；贴纸,"n. （陶器、玻璃器皿的）贴花釉法, 贴花纸( decal的复数形式 )",n. 贴花纸；贴花釉法
45004,2021,macs,mac,s,AB,proper,proper,lemma-proper,keep,麦金塔电脑；雨衣,麦克（人名）；雨衣,abbr. 多元自控系统（Multiproject Automated Control System）；中高度通信卫星（…,"n. 防水胶布, (英)雨衣, 老兄, 老弟 [计] 宏, 多路存取计算机, 苹果公司的微机"
45043,8223,budgeting,budget,i,B,loan,mono,src-b-only,?,编制预算,预算；编制预算,"[计] 预定, 预算 [经] 预算编制","n. 预算 vi. 编预算 vt. 编入预算, 安排 a. 廉价的"
45054,19825,phs,ph,s,AB,proper,loan,lemma-no-gloss,keep,缩写（公共卫生等）,pH值；酸碱度,(pH 的复数) 氢离子指数 [医] 药典; 苯基,氢离子指数 [医] 药典; 苯基
45118,4139,authored,author,p,B,loan,loan,src-b-only,?,创作；撰写,作者；作家,"vt. 编写, 创作(author的过去式, 过去分词)","n. 作家, 作家的著作, 创始人 [法] 作者, 著作人, 本人"
45123,38470,ics,ic,s,AB,proper,loan,lemma-no-gloss,keep,ICS（缩写，如互联网连接共享）,（后缀）…的；IC 缩写,abbr. 国际外科医生协会（International College of Surgeons）；因特网连接共享（In…,"集成电路 [计] 识别码, 指令单元, 互连, 内部通信, 集成电路"
45459,46214,synonyms,synonym,s,AB,loan,loan,form-more-frequent,keep,同义词,同义词,n. 同义词( synonym的名词复数 ),n. 同义词
45510,19844,admins,admin,s,AB,mono,loan,lemma-no-gloss,keep,管理员（复数）,管理；管理员,abbr. 管理员（administrators）,[计] 行政管理程序
45516,39044,benchmarking,benchmark,i,AB,mono,mono,lemma-no-gloss,keep,基准测试；标杆管理,基准；标准,"[计] 确定基准点, 标记",[计] 基准程序; 基准
45556,42664,seahawks,seahawk,s,A,proper,mono,lemma-no-gloss|src-a-only,keep,海鹰队（西雅图球队）,海鹰（球队名/鸟）,海鹰队,
45691,8260,cts,ct,s,AB,mono,loan,lemma-no-gloss,keep,腕管综合征,（缩写）法院；康涅狄格州,"[计] 清除发送, 同步通信终端, 用户事务处理系统, 对话式终端服务 [经] 美分","计算机断层扫描 [计] 通信终端, 计算机终端, 计算机断层造影, 计数器"
45703,34931,cfs,cf,3,AB,mono,loan,lemma-no-gloss,keep,慢性疲劳综合征,参见；比较,abbr. 立方尺/秒（cubic feet per second）,"[医] 克里斯马斯因子, 补体结合"
45769,16597,dems,dem,s,AB,proper,mono,lemma-no-gloss,keep,民主党人（缩写）,他们（口语/方言）,(DEM 的复数) [计] 解调器,[计] 解调器
45813,2186,jays,jay,s,AB,mono,proper,lemma-proper,keep,松鸦（复数）,杰伊（男子名）；松鸦,"n. 鸟, 松鸡；橿鸟（jay的复数形式）","n. 鸟, 喋喋不休的人, 傻瓜"
45844,24379,pps,pp,s,AB,proper,loan,lemma-no-gloss,keep,每秒脉冲数,页（pages缩写）；钢琴弱奏,[计] 脉冲/秒,"包裹邮递, 包裹邮件, 邮包, 包裹邮务处, 过去分词 [计] 并行打印, 并行处理器, 打印位置"
45877,47466,shelving,shelve,i,AB,mono,mono,form-more-frequent,keep,架子；搁置,搁置；把…放架上,"n. 一组搁板, 搁板材料, 倾斜, 倾斜度, 斜坡","vt. 放置架子上, 搁置 vi. 渐渐倾斜"
45925,4572,factoring,factor,i,B,loan,loan,src-b-only,?,保理；因式分解,因素；要素,"[计] 因子分解, 提取公因子, 配置, 排列 [经] 贷款保收, 应收帐款让售","n. 因素, 因数, 系数, 基因, 代理人 [计] 因式"
45972,27506,eas,ea,s,AB,proper,loan,lemma-no-gloss,keep,电子商品防盗系统,每个（缩写）,abbr. 电子防窃系统（Electronic Article Surveillance）；企业应用套件（Enterpr…,"[计] 有效地址, 单元动作, 外部访问 [医] 卵白蛋白, 红细胞抗体"
46031,47578,tablespoons,tablespoon,s,AB,mono,mono,form-more-frequent,keep,汤匙（量）,汤匙；大勺,"n. 大汤匙, 大调羹( tablespoon的复数形式 ); 一大汤匙的量","n. 大汤匙 [医] 汤匙, 大匙(15毫升)"
46057,590,birding,bird,i,B,mono,mono,src-b-only,?,观鸟,鸟,"捕鸟, 玩鸟","n. 鸟, 羽毛球 vi. 打鸟"
46248,6174,worksheets,worksheet,s,AB,mono,mono,lemma-no-gloss,keep,工作表；练习页,工作表；工作单,(worksheet 的复数) [计] 工作表 [化] 工作单; 加工单,[计] 工作表 [化] 工作单; 加工单
46284,18600,underwriting,underwrite,i,B,mono,,src-b-only,?,承保；包销,承保；签署担保,"n. 保险业 [经] (海上)保险业, 证券包销","vt. 签名于下, 给...保险 vi. 经营保险业"
46307,20223,avs,av,s,AB,proper,mono,lemma-no-gloss,keep,AVS（视频编码标准）,视听设备；音频视频,abbr. 数字音视频编解码技术标准（Audio Video Standard）,"[计] 数组/向量, 属性值, 有效, 平均值"
46309,44112,gifs,gif,s,AB,proper,proper,lemma-proper|lemma-no-gloss,keep,GIF 图片（复数）,GIF（图像格式）,(GIF 的复数) [计] 图象交换格式,[计] 图象交换格式
46344,43575,tds,td,s,AB,proper,proper,lemma-proper,keep,TDS（总溶解固体缩写）,达阵（橄榄球）；TD缩写,[化] 热脱附谱,abbr. （美）财政部（Treasury Department）；任务说明书（Task Description）；反坦…
46348,18241,provisioning,provision,i,B,loan,loan,src-b-only,?,供给；配置；储备,供应；条款；给养,[经] 物质供应,"n. (政府提供的)钱和设备, 准备, 供应品, 规定, 条款 vt. 供给...食物及必需品"
46351,6795,fas,fa,s,AB,proper,loan,lemma-no-gloss,keep,胎儿酒精综合征（缩写）,（音阶）fa；全音阶第四音,船边交货(价格),"(英国)足球协会, 战地救护车, 野战救护队, 野战炮, 野战炮兵, 美术, 急救 [医] 脂肪酸"
46376,3471,acing,ace,i,B,loan,loan,src-b-only,?,轻松通过；得A（现在分词）,王牌；高手,vt. 发球得分（ace的现在分词形式）,"n. 幺点, 好手, 少许, 发球得分 a. 一流的, 杰出的 [计] 应答允许, 自适应计算机试验, 自动呼叫设备, …"
46414,5998,antiquing,antique,i,B,loan,loan,src-b-only,?,做旧；淘古董（现在分词）,古董的；古老的,打光,"n. 古董, 古物 a. 古老的, 古风的, 旧式的, 过时的"
46441,23451,bankrolled,bankroll,p,B,mono,mono,src-b-only,?,为…提供资金,资助；提供资金,v. 提供资金( bankroll的过去式和过去分词 ),"n. 一卷钞票, 资金 vt. 提供资金"
46456,4884,benching,bench,i,B,mono,mono,src-b-only,?,让…坐冷板凳,长凳；工作台,n. 钳工加工；阶梯式开采；台阶式挖土法 v. 形成阶地；为…设置条凳（bench的ing形式）,n. 长椅子 [机] 台
46476,32199,bluest,blu,t,AB,mono,loan,lemma-no-gloss,keep,最蓝的；最忧郁的,蓝色的（变体）,"a. 蓝色的, 天蓝色的, 海蓝色的, 蔚蓝(色)的；(皮肤)青黑色的, 青灰色的, 青紫色的；(脸色)发青的, 发灰的…",[计] 基本连接单元
46487,962,bottomed,bottom,p,B,mono,mono,src-b-only,?,有底的；触底的,底部；臀部,"...底的, 底是...的","n. 底部 a. 底部的 vt. 给...装底, 查明真相 vi. 到达底部, 建立基础"
46524,960,bussing,bus,i,B,mono,mono,src-b-only,?,当餐厅杂工；用巴士运送,公共汽车,"n. 公共汽车接送, 用校车接送学生 [计] 连接",n. 公共汽车 [计] 总线; 汇流条; 母线
46555,12047,cataloging,catalog,i,B,loan,loan,src-b-only,?,编目；分类,目录；商品目录,[计] 编目,"n. 目录, 大学概况手册 vt. 编目录 [计] 目录; 编目"
46567,42462,chaperoned,chaperon,d,AB,loan,loan,homograph,?,陪伴；护送,陪护人；监护人,"v. 作女子陪伴人, 作监护人( chaperone的过去式 )",n. 年长女伴 vt. 伴护
46567,13713,chaperoned,chaperone,p,B,loan,loan,src-b-only|homograph,?,陪伴；护送,陪护人；监护人,"v. 作女子陪伴人, 作监护人( chaperone的过去式 )",n. 年长女伴 vt. 伴护
46569,15783,charlies,charly,s,AB,proper,proper,lemma-proper,keep,查理（人名复数；越共俚语）,查理（人名）,n. ＝Charley,n. 情事不可挡（电影名）；查理（男子名）
46581,17166,chloroformed,chloroform,p,B,loan,loan,src-b-only,?,用氯仿麻醉,氯仿；三氯甲烷,"v. （用作麻醉剂的）氯仿, 三氯甲烷( chloroform的过去式和过去分词 )",n. 氯仿 vt. 用氯仿麻醉
46612,46611,combusted,combust,d,AB,loan,loan,lemma-no-gloss,keep,燃烧了；烧毁（过去式）,燃烧；烧毁,vt. 燃烧；消耗 n. 燃料,[建] 燃料
46632,2570,coopers,cooper,s,AB,mono,proper,lemma-proper,keep,制桶工人（复数）,库珀（姓氏/男子名）,"n. 桶匠, 制桶工人, 修桶工 vt. 制造(桶)；修理(桶) vi. 干桶匠的活, 箍桶；修桶",n. 制桶工人 v. 制桶
46645,22103,coveting,covet,i,B,loan,loan,src-b-only,?,贪求；垂涎,贪求；垂涎,"v. 贪求, 觊觎( covet的现在分词 )","v. 妄想, 垂涎"
46789,31633,eking,ek,i,AB,mono,proper,lemma-proper|lemma-no-gloss,keep,勉强维持；竭力获得,埃克（人名/字母）,v. 增加；延长（eke的ing 形式）,柯达公司
46805,19389,enrolling,enroll,i,B,loan,loan,src-b-only,?,注册；招收,注册；登记,n. 入学；登记,"vt. 登记, 使加入 vi. 参军, 注册"
46863,1200,focussed,focus,dp,A,loan,loan,src-a-only,?,专注的；集中的,集中；聚焦,"n. [物理学]焦点；[光学](镜头的)焦点, 焦距 vt. 使聚焦, 使集中于焦点：；调节(眼睛、透镜等的)焦距；定……","n. 焦点, 焦距 vi. 聚焦, 注视 vt. 使聚焦, 调焦, 集中 [计] 焦点"
46864,1200,focussing,focus,i,A,loan,loan,src-a-only,?,集中；聚焦,集中；聚焦,[计] 聚焦,"n. 焦点, 焦距 vi. 聚焦, 注视 vt. 使聚焦, 调焦, 集中 [计] 焦点"
46894,12258,galling,gall,i,B,mono,mono,src-b-only,?,令人恼怒的；可恨的,胆汁；厚颜无耻,"a. 擦伤人的, 擦痛人的, 使烦恼的, 使焦躁的, 难堪的 [机] 擦伤","n. 胆汁, 五倍子, 苦味, 肿痛, 恼怒, 磨损处 vt. 烦恼, 屈辱, 磨伤 vi. 被磨伤"
46908,24416,gerbils,gerbil,s,AB,loan,loan,lemma-no-gloss,keep,沙鼠,沙鼠（宠物鼠）,n. 沙鼠( gerbil的复数形式 ),[医] 沙土鼠(南非传播鼠疫的啮齿动物)
47013,3592,homers,homer,s,AB,mono,proper,lemma-proper,keep,本垒打；信鸽,荷马,"(homer 的复数) n. 本垒打, 传信鸽","n. 本垒打, 传信鸽"
47026,29172,huggers,hugger,s,AB,mono,mono,lemma-no-gloss,keep,紧身衣物；拥抱者,拥抱者；紧抱者,n. 劈理；极端派；拥抱者,极端派; 割理
47032,3168,humored,humor,p,B,mono,loan,src-b-only,?,迁就；纵容,幽默；心情,"v. 迎合, 牵就, 顺应( humor的过去式和过去分词 )","n. 幽默, 诙谐, 心情 vt. 迎合, 牵就, 顺应"
47085,850,jimmies,jimmy,3,AB,mono,proper,lemma-proper,keep,（撒在冰淇淋上的）彩色糖粒,吉米（人名）,n. 铁撬( jimmy的名词复数 ),n. 铁撬 vt. 撬
47148,9882,mangos,mango,s,A,loan,loan,src-a-only,?,芒果,芒果,n. 芒果（mango的复数形式）,n. 芒果 [化] 芒果Mangifera indica
47171,15200,misinterpreting,misinterpret,i,B,loan,,src-b-only,?,误解（现在分词）,曲解，误解,"v. 误解, 曲解( misinterpret的现在分词 )",vt. 曲解
47346,12000,quoth,quote,p,A,mono,,src-a-only,?,（古）说；云,引用；报价,vt. [古]说,"n. 引用 vt. 引述, 举证, 报(价) vi. 引用"
47356,904,rayed,ray,p,B,loan,loan,src-b-only,?,有射线的；放射状的,光线；射线,"有射线的, 有边花的","n. 光线, 射线, 闪烁, 光辉 vi. 射出光线, 浮现, 放射光线 vt. 放射, 显出"
47393,11508,rethought,rethink,p,B,mono,mono,src-b-only,?,重新考虑（过去式）,重新考虑,v. 重新考虑或再想( rethink的过去式和过去分词 ),"v. 再想, 重想"
47434,17708,savored,savor,p,B,loan,loan,src-b-only,?,品味；享受（过去式）,品味；细细体会,"v. 意味, 带有…的性质( savor的过去式和过去分词 ); 给…加调味品; 使有风味; 品尝","n. 滋味, 气味, 食欲 vi. 有...的滋味 vt. 加调味品于, 使有风味, 尝到"
47435,17708,savoring,savor,i,B,loan,loan,src-b-only,?,品味；细细体会,品味；细细体会,"v. 意味, 带有…的性质( savor的现在分词 ); 给…加调味品; 使有风味; 品尝","n. 滋味, 气味, 食欲 vi. 有...的滋味 vt. 加调味品于, 使有风味, 尝到"
47497,13388,snowballed,snowball,p,B,mono,mono,src-b-only,?,滚雪球般扩大,雪球；滚雪球式增长,"v. （计划、问题等）滚雪球似地迅速增大( snowball的过去式和过去分词 ); 根本不可能（做某事）, 机会渺茫","n. 雪球, 果味冰霜卷, 滚雪球式的募捐法 vt. 向...丢雪球, 使滚雪球般增长 vi. 打雪仗, 滚雪球般增长"
47498,13388,snowballing,snowball,i,B,mono,mono,src-b-only,?,滚雪球般增长,雪球；滚雪球式增长,"v. （计划、问题等）滚雪球似地迅速增大( snowball的现在分词 ); 根本不可能（做某事）, 机会渺茫","n. 雪球, 果味冰霜卷, 滚雪球式的募捐法 vt. 向...丢雪球, 使滚雪球般增长 vi. 打雪仗, 滚雪球般增长"
47541,28024,stonewalled,stonewall,p,B,mono,mono,src-b-only,?,拖延；拒绝合作,拖延；阻挠,"v. （用冗长发言或拒绝回答问题等）拖延[阻碍]议事, 设置障碍( stonewall的过去式和过去分词 ); 拒绝执行…","vi. 防守挡击, 围以石墙, 妨碍或阻碍"
47599,1167,ticketed,ticket,p,B,mono,loan,src-b-only,?,已购票的；被开罚单的,票；入场券,vt. 售票（ticket的过去式与过去分词形式）,"n. 票, 券, 车票, 标签, 入场券, 证明书 vt. 加标签于, 为...购票"
47604,26374,tippers,tipper,s,AB,mono,mono,lemma-no-gloss,keep,给小费者；倾倒者（复数）,给小费的人；翻斗车,(tipper 的复数) [化] 翻斗车,[化] 翻斗车
